id,sales
3000888,3.7579827
3000889,0.042273734
3000890,3.7979803
3000891,2424.953
3000892,0.0072927466
3000893,454.6018
3000894,13.0126705
3000895,735.9914
3000896,918.90137
3000897,149.49321
3000898,158.40321
3000899,117.68524
3000900,3099.2056
3000901,27.399206
3000902,1.6151769
3000903,20.40634
3000904,26.712496
3000905,0.09118745
3000906,189.0347
3000907,15.793161
3000908,19.651953
3000909,8.365035
3000910,92.93146
3000911,8.393253
3000912,318.44812
3000913,157.42207
3000914,6.134609
3000915,9.886263
3000916,321.15015
3000917,82.17851
3000918,3742.865
3000919,0.08586597
3000920,29.608967
3000921,1.6935124
3000922,0.9254621
3000923,1.2942958
3000924,1282.0885
3000925,0.0
3000926,83.787476
3000927,2.7355494
3000928,679.0331
3000929,288.17203
3000930,231.96643
3000931,32.602295
3000932,29.413633
3000933,2412.7588
3000934,1.3699706
3000935,0.18900047
3000936,7.103775
3000937,6.3278866
3000938,0.04521019
3000939,149.84251
3000940,4.2994127
3000941,0.0
3000942,1.0866802
3000943,7.1183558
3000944,0.63921845
3000945,145.29794
3000946,145.05942
3000947,0.75651336
3000948,2.5555208
3000949,123.025246
3000950,26.528433
3000951,214.3786
3000952,6.2091365
3000953,0.7096162
3000954,6.227329
3000955,0.40994588
3000956,4.912275
3000957,4547.358
3000958,0.002917245
3000959,655.59174
3000960,12.51477
3000961,1912.8302
3000962,664.41003
3000963,455.4734
3000964,144.87567
3000965,80.34356
3000966,6985.6743
3000967,22.219471
3000968,0.35338435
3000969,20.212315
3000970,16.871897
3000971,0.14757363
3000972,433.50534
3000973,9.934626
3000974,2.991192
3000975,10.113645
3000976,32.441162
3000977,3.2425547
3000978,672.2331
3000979,375.55304
3000980,1.6841366
3000981,12.726726
3000982,391.5758
3000983,100.56896
3000984,1230.3268
3000985,17.72385
3000986,9.034301
3000987,4.3495393
3000988,0.12123209
3000989,1.1703899
3000990,1644.5492
3000991,0.0
3000992,172.84665
3000993,7.9362364
3000994,716.81366
3000995,424.47754
3000996,218.85205
3000997,52.89289
3000998,37.232277
3000999,2778.7563
3001000,5.4584775
3001001,0.2776634
3001002,11.779532
3001003,15.440491
3001004,0.07471655
3001005,183.78897
3001006,4.653075
3001007,0.0
3001008,4.0340924
3001009,24.427227
3001010,1.3114944
3001011,141.35901
3001012,154.1558
3001013,1.1674595
3001014,5.3231745
3001015,138.05914
3001016,48.296246
3001017,305.07678
3001018,9.506284
3001019,5.7271924
3001020,3.2871141
3001021,0.0506336
3001022,2.2319512
3001023,1336.7786
3001024,0.0
3001025,105.072174
3001026,4.9882736
3001027,616.04443
3001028,280.33023
3001029,151.13667
3001030,39.630695
3001031,25.45244
3001032,2407.2449
3001033,5.146675
3001034,0.12984227
3001035,8.031538
3001036,8.174512
3001037,0.07097998
3001038,131.21242
3001039,1.0989478
3001040,0.010896132
3001041,1.8427992
3001042,19.344967
3001043,0.8693992
3001044,111.70893
3001045,156.64935
3001046,0.5242909
3001047,4.1837554
3001048,74.32885
3001049,32.216595
3001050,180.81897
3001051,8.1256895
3001052,0.51641464
3001053,2.9108238
3001054,0.034957055
3001055,1.3190634
3001056,1015.3016
3001057,0.0
3001058,132.33798
3001059,5.7172866
3001060,751.33044
3001061,373.9523
3001062,211.9648
3001063,27.939686
3001064,24.526436
3001065,2219.823
3001066,1.6212358
3001067,0.33986533
3001068,11.088986
3001069,13.9260435
3001070,0.055085838
3001071,177.49435
3001072,0.0044050994
3001073,0.048442226
3001074,2.0634599
3001075,11.703085
3001076,1.8951638
3001077,172.82011
3001078,208.08862
3001079,0.66694653
3001080,3.7521539
3001081,43.417866
3001082,66.522415
3001083,297.68015
3001084,4.8977246
3001085,2.984025
3001086,4.4062357
3001087,1.7029247
3001088,3.2852278
3001089,1742.9688
3001090,0.0
3001091,153.66606
3001092,3.2466807
3001093,893.1117
3001094,422.84827
3001095,270.2616
3001096,83.51965
3001097,55.68818
3001098,2748.1848
3001099,6.4335914
3001100,0.7621832
3001101,11.858403
3001102,17.297256
3001103,0.051437546
3001104,222.43053
3001105,7.7147093
3001106,0.0049269176
3001107,5.1204557
3001108,18.027884
3001109,2.0097828
3001110,150.30557
3001111,191.61357
3001112,0.9443588
3001113,4.5282903
3001114,121.152374
3001115,38.789482
3001116,638.9588
3001117,5.6737547
3001118,6.484406
3001119,3.355896
3001120,0.08046712
3001121,1.0303428
3001122,1270.006
3001123,0.0
3001124,122.90407
3001125,3.9590306
3001126,682.8487
3001127,228.28398
3001128,150.76367
3001129,73.91498
3001130,23.920038
3001131,1996.5603
3001132,3.699273
3001133,0.14016286
3001134,10.334595
3001135,7.9532137
3001136,0.044002715
3001137,147.085
3001138,0.0024803593
3001139,0.0
3001140,3.3850694
3001141,14.325556
3001142,0.9605125
3001143,49.89283
3001144,123.026306
3001145,0.9328635
3001146,2.5619385
3001147,60.72195
3001148,31.42704
3001149,487.17633
3001150,0.060701787
3001151,1.1080413
3001152,6.8747306
3001153,0.44270885
3001154,2.4310098
3001155,3162.7131
3001156,0.0
3001157,301.1084
3001158,4.379627
3001159,1126.6898
3001160,862.4251
3001161,444.97873
3001162,190.19849
3001163,87.3398
3001164,4202.9326
3001165,12.367337
3001166,0.44263196
3001167,22.898905
3001168,16.958237
3001169,0.036834877
3001170,272.8178
3001171,0.0114076985
3001172,0.016749527
3001173,3.8088489
3001174,23.575195
3001175,3.9819198
3001176,262.63434
3001177,234.93837
3001178,2.6839664
3001179,7.2222424
3001180,290.2436
3001181,69.3441
3001182,1246.0217
3001183,18.978031
3001184,13.878175
3001185,2.9090755
3001186,0.2252557
3001187,3.4050994
3001188,1911.699
3001189,0.0038332313
3001190,594.85565
3001191,6.3627763
3001192,558.69055
3001193,628.1467
3001194,173.33226
3001195,140.6591
3001196,44.79215
3001197,2637.6487
3001198,9.033717
3001199,0.27912012
3001200,21.49954
3001201,14.2041855
3001202,0.03806636
3001203,170.79015
3001204,6.0773134
3001205,2.5169709
3001206,4.0553503
3001207,41.61441
3001208,2.5405707
3001209,93.90311
3001210,144.17801
3001211,2.8246844
3001212,5.921077
3001213,157.72029
3001214,47.486687
3001215,1380.9802
3001216,57.442966
3001217,10.17682
3001218,6.276182
3001219,0.32112032
3001220,3.0774026
3001221,2367.9988
3001222,0.0
3001223,145.22778
3001224,6.4153733
3001225,860.1711
3001226,331.9883
3001227,272.9492
3001228,56.551598
3001229,44.19742
3001230,3109.7517
3001231,8.704856
3001232,0.720808
3001233,13.347858
3001234,9.893102
3001235,0.06798115
3001236,165.77472
3001237,5.219082
3001238,0.0
3001239,3.4238453
3001240,18.105991
3001241,2.5157132
3001242,109.85144
3001243,176.95334
3001244,1.7726586
3001245,4.925855
3001246,83.31955
3001247,33.050903
3001248,366.00922
3001249,9.34851
3001250,4.256801
3001251,5.3181977
3001252,0.11759771
3001253,6.9077606
3001254,3047.1416
3001255,0.0015805921
3001256,668.7711
3001257,10.031885
3001258,943.17474
3001259,984.0314
3001260,232.68805
3001261,151.69077
3001262,112.701195
3001263,4205.993
3001264,36.777653
3001265,0.7212355
3001266,15.8841095
3001267,33.80012
3001268,0.06703722
3001269,258.9278
3001270,21.133118
3001271,13.83296
3001272,5.248139
3001273,70.912476
3001274,11.675738
3001275,461.193
3001276,267.73972
3001277,9.082772
3001278,9.456494
3001279,441.1997
3001280,113.19248
3001281,3470.7773
3001282,0.19146575
3001283,35.814533
3001284,5.60013
3001285,0.37079525
3001286,4.3062463
3001287,2955.6235
3001288,0.00131825
3001289,398.99506
3001290,6.080201
3001291,1156.3413
3001292,898.1568
3001293,517.3671
3001294,72.4206
3001295,63.928177
3001296,4687.5825
3001297,11.931012
3001298,0.34173548
3001299,14.811532
3001300,13.393547
3001301,0.037824772
3001302,291.74286
3001303,0.5809871
3001304,5.620367
3001305,4.001884
3001306,32.108795
3001307,2.0508902
3001308,276.4765
3001309,295.6694
3001310,3.1409883
3001311,6.521733
3001312,250.40575
3001313,68.697266
3001314,855.4927
3001315,104.54242
3001316,10.373801
3001317,7.342947
3001318,0.6394079
3001319,3.370009
3001320,2783.3276
3001321,0.0023437745
3001322,498.341
3001323,6.0005336
3001324,1094.0154
3001325,648.9437
3001326,301.4849
3001327,193.11592
3001328,61.760513
3001329,3790.8677
3001330,16.051292
3001331,0.7144475
3001332,32.187885
3001333,21.975924
3001334,0.057437763
3001335,273.8308
3001336,2.8933766
3001337,2.1482801
3001338,7.5956364
3001339,50.42249
3001340,2.5375075
3001341,101.96085
3001342,256.09488
3001343,2.2231016
3001344,4.839095
3001345,151.62001
3001346,138.35678
3001347,1100.151
3001348,0.058534328
3001349,5.475946
3001350,4.487763
3001351,0.11063242
3001352,1.4431715
3001353,1424.785
3001354,0.0
3001355,134.29187
3001356,8.168429
3001357,591.1096
3001358,353.12735
3001359,164.20424
3001360,44.800762
3001361,46.319935
3001362,2233.5173
3001363,3.8197184
3001364,1.0492349
3001365,25.677382
3001366,18.101856
3001367,0.107835986
3001368,164.64755
3001369,0.009426279
3001370,0.00821315
3001371,5.9491453
3001372,32.06422
3001373,3.960576
3001374,100.2841
3001375,139.56715
3001376,1.1503663
3001377,5.07842
3001378,129.30835
3001379,42.631306
3001380,392.82678
3001381,6.1207805
3001382,1.1788802
3001383,2.422485
3001384,0.013038322
3001385,1.7915797
3001386,1466.5497
3001387,0.05829946
3001388,293.93985
3001389,9.662675
3001390,552.50714
3001391,497.9992
3001392,129.57368
3001393,49.46847
3001394,62.400955
3001395,2047.6321
3001396,26.172678
3001397,0.38145337
3001398,11.146751
3001399,12.089376
3001400,0.079764746
3001401,133.17068
3001402,11.390946
3001403,2.83588
3001404,3.4737782
3001405,38.412895
3001406,5.33233
3001407,494.39417
3001408,148.73103
3001409,2.7054145
3001410,4.107095
3001411,295.0061
3001412,36.81194
3001413,1638.5496
3001414,0.114771865
3001415,8.143535
3001416,2.5689201
3001417,0.07841399
3001418,5.038222
3001419,3878.1875
3001420,0.053631295
3001421,934.74133
3001422,12.69311
3001423,1193.5098
3001424,1485.617
3001425,300.02274
3001426,249.8927
3001427,155.5891
3001428,4716.467
3001429,34.74993
3001430,0.9448726
3001431,20.753473
3001432,46.194378
3001433,0.06858752
3001434,309.45236
3001435,6.5264163
3001436,42.38207
3001437,7.3996477
3001438,75.470314
3001439,14.621373
3001440,469.47903
3001441,292.47522
3001442,15.129927
3001443,10.57291
3001444,606.4016
3001445,122.397705
3001446,5584.9556
3001447,0.09011745
3001448,25.183985
3001449,1.7535899
3001450,0.013847642
3001451,2.3286252
3001452,2407.718
3001453,0.00091350055
3001454,359.11902
3001455,5.2883997
3001456,447.8837
3001457,673.2644
3001458,126.957954
3001459,84.050316
3001460,78.804474
3001461,1985.553
3001462,13.111251
3001463,0.89826035
3001464,15.558567
3001465,12.459503
3001466,0.045603372
3001467,101.99768
3001468,0.0029474937
3001469,23.819832
3001470,3.563311
3001471,122.5964
3001472,9.073141
3001473,189.7581
3001474,114.869804
3001475,4.925834
3001476,5.841286
3001477,190.8846
3001478,43.494255
3001479,2213.6663
3001480,0.6122358
3001481,3.4430218
3001482,3.7547097
3001483,0.042639084
3001484,0.67350733
3001485,1037.0319
3001486,0.0019304287
3001487,265.95523
3001488,4.950348
3001489,405.2937
3001490,300.98425
3001491,81.93835
3001492,39.150898
3001493,35.191696
3001494,1677.0319
3001495,3.872075
3001496,0.6020663
3001497,11.093241
3001498,7.241296
3001499,0.12599105
3001500,88.115135
3001501,0.10422074
3001502,6.6798058
3001503,0.50528085
3001504,13.31077
3001505,0.18056524
3001506,225.99538
3001507,122.508026
3001508,0.92527235
3001509,1.0294707
3001510,133.31868
3001511,19.725487
3001512,938.4342
3001513,0.5883646
3001514,2.248575
3001515,6.099543
3001516,0.091979176
3001517,3.1395578
3001518,3317.0322
3001519,0.002488426
3001520,766.706
3001521,12.852172
3001522,1009.6802
3001523,1148.3516
3001524,274.70392
3001525,234.17816
3001526,114.85544
3001527,4149.425
3001528,19.800444
3001529,2.3482208
3001530,20.27099
3001531,21.536901
3001532,0.25428462
3001533,234.77551
3001534,5.459713
3001535,38.392387
3001536,7.493513
3001537,76.79709
3001538,5.6737785
3001539,312.56625
3001540,246.45259
3001541,10.197857
3001542,8.383556
3001543,434.00827
3001544,78.105835
3001545,4047.18
3001546,1.4611182
3001547,17.813162
3001548,5.3785844
3001549,0.11654002
3001550,2.8055153
3001551,3187.8396
3001552,0.0
3001553,621.55396
3001554,11.037251
3001555,1089.8213
3001556,952.2713
3001557,349.15955
3001558,240.47751
3001559,61.539894
3001560,4166.5
3001561,11.416655
3001562,0.33301824
3001563,28.803637
3001564,13.191852
3001565,0.7343683
3001566,260.6134
3001567,0.0005622298
3001568,6.617011
3001569,5.4860554
3001570,33.45273
3001571,1.1586089
3001572,227.36548
3001573,337.8394
3001574,3.858018
3001575,4.0726795
3001576,193.92845
3001577,78.48258
3001578,1342.6
3001579,1.6995513
3001580,4.32173
3001581,5.5988007
3001582,0.5085621
3001583,2.7372625
3001584,3001.293
3001585,0.0
3001586,721.592
3001587,10.557401
3001588,975.1744
3001589,874.8277
3001590,280.28918
3001591,190.59897
3001592,63.032784
3001593,3718.757
3001594,14.847563
3001595,0.54268444
3001596,27.063707
3001597,14.930613
3001598,0.07323469
3001599,239.53104
3001600,0.0
3001601,7.6446486
3001602,4.751668
3001603,59.792053
3001604,1.5363324
3001605,135.88783
3001606,233.80592
3001607,5.250713
3001608,4.480117
3001609,191.6832
3001610,68.6969
3001611,1137.296
3001612,1.4357455
3001613,5.8948298
3001614,9.692556
3001615,0.29249036
3001616,16.668127
3001617,8061.9146
3001618,0.0025861266
3001619,1409.9479
3001620,28.724924
3001621,1979.7585
3001622,2287.1184
3001623,383.62637
3001624,541.6279
3001625,316.99823
3001626,8233.678
3001627,77.9644
3001628,3.5474944
3001629,52.57254
3001630,53.723076
3001631,0.19484508
3001632,526.14374
3001633,41.387535
3001634,60.10127
3001635,25.975023
3001636,178.33263
3001637,37.95734
3001638,748.22156
3001639,494.62384
3001640,23.538328
3001641,30.251322
3001642,1065.4257
3001643,298.06805
3001644,10511.304
3001645,1.8684847
3001646,99.86489
3001647,4.263802
3001648,0.10141925
3001649,1.0853035
3001650,1429.2698
3001651,0.0
3001652,147.48296
3001653,3.8527412
3001654,460.8374
3001655,294.97223
3001656,118.00815
3001657,112.14899
3001658,35.8425
3001659,1951.1729
3001660,4.4618053
3001661,0.16641411
3001662,13.388085
3001663,7.6694803
3001664,0.0666054
3001665,103.98687
3001666,0.49966353
3001667,0.0
3001668,2.6028602
3001669,32.460983
3001670,0.8533679
3001671,51.777336
3001672,91.12134
3001673,2.1197228
3001674,3.152648
3001675,82.12522
3001676,19.874882
3001677,505.81332
3001678,0.017520264
3001679,4.058713
3001680,7.1004114
3001681,0.12925924
3001682,1.5543511
3001683,2714.3816
3001684,0.00700694
3001685,499.4084
3001686,10.854737
3001687,1096.0306
3001688,804.7676
3001689,215.45491
3001690,239.12283
3001691,64.324684
3001692,3972.915
3001693,11.081852
3001694,0.43973854
3001695,17.823643
3001696,14.924313
3001697,0.16597287
3001698,243.37268
3001699,1.0484283
3001700,7.852668
3001701,11.079568
3001702,12.66487
3001703,1.5914261
3001704,287.6221
3001705,228.70815
3001706,3.1856322
3001707,4.91154
3001708,103.68973
3001709,60.470943
3001710,1082.9945
3001711,1.442311
3001712,5.0816274
3001713,1.1249762
3001714,0.041023854
3001715,0.48871318
3001716,1125.8922
3001717,0.0
3001718,110.335724
3001719,3.1511292
3001720,496.97568
3001721,222.02158
3001722,106.51039
3001723,149.89531
3001724,18.502022
3001725,1970.6932
3001726,1.9921646
3001727,0.25901142
3001728,8.737736
3001729,3.6881127
3001730,0.050098132
3001731,81.15616
3001732,0.012845965
3001733,0.0
3001734,1.2593153
3001735,6.936069
3001736,0.3145559
3001737,58.753407
3001738,93.35316
3001739,0.48866203
3001740,1.0616019
3001741,51.28685
3001742,10.430029
3001743,187.7064
3001744,0.03697604
3001745,1.6083078
3001746,6.741582
3001747,0.19337232
3001748,1.8225105
3001749,1962.7554
3001750,0.0
3001751,233.7363
3001752,7.5462456
3001753,954.9733
3001754,532.8949
3001755,198.1199
3001756,124.95601
3001757,43.703995
3001758,2942.2014
3001759,2.907715
3001760,0.16753627
3001761,23.456373
3001762,16.451332
3001763,0.044590868
3001764,193.361
3001765,0.006727575
3001766,0.025994599
3001767,11.625384
3001768,25.757963
3001769,1.6956141
3001770,248.67253
3001771,197.08708
3001772,1.9258196
3001773,3.602158
3001774,220.17145
3001775,35.225616
3001776,1170.1055
3001777,0.036260482
3001778,0.4706978
3001779,2.497034
3001780,0.34124172
3001781,2.0230298
3001782,2709.1711
3001783,0.0058439593
3001784,635.7087
3001785,17.450092
3001786,800.08075
3001787,716.90063
3001788,231.22112
3001789,118.07195
3001790,72.500046
3001791,3563.6924
3001792,5.689926
3001793,2.8101182
3001794,27.536327
3001795,40.429256
3001796,0.30594096
3001797,213.4078
3001798,1.4789743
3001799,4.4265103
3001800,3.8808074
3001801,29.038164
3001802,2.42945
3001803,179.98616
3001804,286.5199
3001805,2.8599966
3001806,5.591133
3001807,135.32788
3001808,37.486393
3001809,724.908
3001810,3.1085253
3001811,1.4099429
3001812,3.6474748
3001813,0.099273846
3001814,0.34526896
3001815,1626.4656
3001816,0.0
3001817,88.621216
3001818,1.7627213
3001819,524.1672
3001820,213.19955
3001821,79.07656
3001822,109.93171
3001823,24.910713
3001824,1909.7792
3001825,3.484311
3001826,0.16709259
3001827,9.555754
3001828,6.0018606
3001829,0.10570986
3001830,94.53686
3001831,0.013787697
3001832,0.037500862
3001833,0.44209036
3001834,12.063643
3001835,0.8868234
3001836,166.94191
3001837,80.70056
3001838,1.6209598
3001839,0.8989409
3001840,36.243935
3001841,18.161243
3001842,326.2573
3001843,0.06780044
3001844,0.24107307
3001845,4.5780025
3001846,0.06160708
3001847,1.0437205
3001848,3090.245
3001849,0.0020705408
3001850,541.60724
3001851,7.381076
3001852,1035.8396
3001853,765.55084
3001854,218.11568
3001855,138.13715
3001856,71.28997
3001857,3977.0596
3001858,7.256299
3001859,0.24506217
3001860,18.034159
3001861,10.71083
3001862,0.079730764
3001863,204.77654
3001864,0.019349441
3001865,25.2526
3001866,5.1061573
3001867,43.135853
3001868,2.1779358
3001869,243.6357
3001870,218.85876
3001871,3.0966287
3001872,3.6305218
3001873,118.017914
3001874,54.6933
3001875,1090.1396
3001876,1.1876934
3001877,0.97055984
3001878,3.568112
3001879,0.020541906
3001880,5.133791
3001881,2759.79
3001882,0.0005127313
3001883,600.57166
3001884,9.841981
3001885,1006.20856
3001886,1003.61554
3001887,162.96832
3001888,130.7618
3001889,128.0788
3001890,3877.3108
3001891,44.879955
3001892,1.3467374
3001893,24.567251
3001894,27.124023
3001895,0.1023676
3001896,273.45154
3001897,19.412878
3001898,29.621471
3001899,3.7815442
3001900,97.83092
3001901,11.728105
3001902,237.48766
3001903,253.78415
3001904,11.042657
3001905,16.446823
3001906,267.58316
3001907,89.34205
3001908,4297.237
3001909,0.14193472
3001910,16.95297
3001911,5.5014324
3001912,0.036153756
3001913,7.4409714
3001914,2403.7703
3001915,8.499983e-05
3001916,474.49857
3001917,11.8465805
3001918,922.07117
3001919,936.13275
3001920,138.7582
3001921,85.35317
3001922,117.87339
3001923,3780.911
3001924,29.31494
3001925,0.49691647
3001926,29.45835
3001927,39.48615
3001928,0.04897216
3001929,275.68668
3001930,22.593138
3001931,22.136965
3001932,6.3519936
3001933,65.88395
3001934,12.825002
3001935,160.90727
3001936,319.57425
3001937,9.3031645
3001938,8.351404
3001939,132.79042
3001940,90.38823
3001941,3132.2576
3001942,0.4430482
3001943,15.416786
3001944,7.6164827
3001945,0.20521708
3001946,3.295597
3001947,3059.1272
3001948,0.00065324176
3001949,730.9399
3001950,5.5547595
3001951,1158.9856
3001952,675.673
3001953,190.12155
3001954,266.32794
3001955,57.828136
3001956,4547.7876
3001957,29.128513
3001958,0.90638065
3001959,17.498533
3001960,19.823467
3001961,0.14404732
3001962,270.94125
3001963,4.0850396
3001964,13.745947
3001965,7.3697205
3001966,43.007084
3001967,3.7981133
3001968,133.55766
3001969,260.90372
3001970,4.8960385
3001971,8.238124
3001972,188.81499
3001973,59.14962
3001974,1579.6917
3001975,6.7576547
3001976,12.747868
3001977,3.5545015
3001978,0.015624269
3001979,4.224969
3001980,2661.1172
3001981,0.007211757
3001982,473.87408
3001983,7.4130783
3001984,828.4986
3001985,922.3045
3001986,191.90346
3001987,144.24017
3001988,100.04734
3001989,3534.869
3001990,21.725096
3001991,1.3090477
3001992,13.677224
3001993,11.412138
3001994,0.07362318
3001995,219.7062
3001996,17.62806
3001997,22.673899
3001998,2.3669765
3001999,56.899414
3002000,10.28973
3002001,344.95236
3002002,234.54066
3002003,7.344824
3002004,7.524617
3002005,389.75677
3002006,64.10824
3002007,3471.6846
3002008,0.15376818
3002009,26.573948
3002010,2.4469826
3002011,0.14063825
3002012,1.9081793
3002013,3981.2158
3002014,0.0
3002015,413.56323
3002016,9.315043
3002017,1666.0834
3002018,702.1757
3002019,301.62802
3002020,167.33508
3002021,56.771893
3002022,5508.947
3002023,9.369281
3002024,1.1573682
3002025,21.374825
3002026,26.284832
3002027,0.086171366
3002028,355.46906
3002029,0.0045229853
3002030,0.05511772
3002031,9.003487
3002032,29.345253
3002033,2.989766
3002034,133.93199
3002035,302.13437
3002036,2.836613
3002037,9.003329
3002038,143.61615
3002039,56.998833
3002040,1114.8143
3002041,0.048244763
3002042,5.8512373
3002043,5.871906
3002044,0.10533897
3002045,5.4485245
3002046,2187.514
3002047,0.003740075
3002048,524.2193
3002049,10.387032
3002050,1021.7947
3002051,780.8091
3002052,212.83911
3002053,129.5427
3002054,133.59937
3002055,3578.6033
3002056,29.47191
3002057,0.54301
3002058,24.588106
3002059,29.082878
3002060,0.07247014
3002061,250.73755
3002062,13.277412
3002063,21.373955
3002064,7.602956
3002065,48.415375
3002066,13.305639
3002067,182.53917
3002068,273.38245
3002069,11.371903
3002070,7.932291
3002071,181.52327
3002072,63.56991
3002073,2766.8103
3002074,0.08999179
3002075,7.3361015
3002076,4.32538
3002077,0.037207417
3002078,3.9959092
3002079,2571.0193
3002080,0.0063782227
3002081,590.13916
3002082,10.330566
3002083,898.2331
3002084,935.7646
3002085,165.82434
3002086,130.60745
3002087,119.27142
3002088,3334.2336
3002089,30.756933
3002090,0.92122257
3002091,19.793943
3002092,21.347357
3002093,0.1310207
3002094,229.65315
3002095,13.508125
3002096,38.2774
3002097,6.073758
3002098,58.777573
3002099,8.3147335
3002100,227.77834
3002101,235.08174
3002102,8.225367
3002103,9.1651325
3002104,256.0049
3002105,68.83083
3002106,3362.207
3002107,0.18014134
3002108,16.759947
3002109,6.0180316
3002110,0.015085097
3002111,3.1616483
3002112,3972.9758
3002113,0.0
3002114,557.9981
3002115,10.491561
3002116,1140.5182
3002117,665.8966
3002118,262.142
3002119,133.99016
3002120,41.595894
3002121,4190.8423
3002122,8.628765
3002123,0.15914148
3002124,12.446821
3002125,15.284412
3002126,0.04925256
3002127,207.13448
3002128,0.0026527005
3002129,6.964507
3002130,0.30404222
3002131,48.750492
3002132,2.266023
3002133,163.84431
3002134,237.62006
3002135,2.7270977
3002136,1.8905101
3002137,163.95297
3002138,103.343155
3002139,1041.6493
3002140,2.5280857
3002141,0.24274379
3002142,13.68037
3002143,0.014847225
3002144,13.303432
3002145,9584.592
3002146,0.0044999933
3002147,1637.2429
3002148,26.89582
3002149,2293.4094
3002150,2684.8767
3002151,570.87683
3002152,611.84485
3002153,414.34955
3002154,10312.678
3002155,85.18459
3002156,5.567815
3002157,103.79411
3002158,119.3964
3002159,0.015696129
3002160,623.82245
3002161,23.731386
3002162,27.56284
3002163,31.693378
3002164,238.1876
3002165,29.74865
3002166,817.6775
3002167,546.2793
3002168,35.2503
3002169,38.360363
3002170,1152.7146
3002171,386.69516
3002172,12372.604
3002173,520.135
3002174,103.430664
3002175,13.248083
3002176,0.0069166105
3002177,11.456464
3002178,8623.733
3002179,0.0047838907
3002180,1381.3387
3002181,27.24427
3002182,2433.9949
3002183,2271.6797
3002184,552.94806
3002185,386.83347
3002186,302.79218
3002187,10415.648
3002188,81.45246
3002189,1.5841768
3002190,62.24889
3002191,92.48681
3002192,1.2101936
3002193,614.54333
3002194,19.725626
3002195,37.49425
3002196,6.878586
3002197,157.38234
3002198,27.403654
3002199,1048.2057
3002200,721.1401
3002201,23.105442
3002202,25.48172
3002203,1200.9867
3002204,280.14572
3002205,8282.18
3002206,474.86874
3002207,89.408844
3002208,11.369022
3002209,0.017162256
3002210,15.238098
3002211,5199.668
3002212,0.0078228535
3002213,892.45624
3002214,16.40652
3002215,1897.8317
3002216,1401.1404
3002217,711.4735
3002218,133.70544
3002219,196.28923
3002220,8598.314
3002221,40.330246
3002222,2.5293555
3002223,30.405293
3002224,23.519667
3002225,0.6992326
3002226,586.4973
3002227,25.782528
3002228,25.319721
3002229,7.25801
3002230,90.271515
3002231,11.851495
3002232,935.31445
3002233,726.54156
3002234,19.737898
3002235,26.885395
3002236,686.038
3002237,145.80766
3002238,3807.0012
3002239,396.31174
3002240,43.34109
3002241,14.151288
3002242,0.004540708
3002243,19.043392
3002244,7557.042
3002245,0.0012070067
3002246,1262.2864
3002247,22.194777
3002248,2240.2402
3002249,2111.2964
3002250,587.98334
3002251,353.06317
3002252,269.46082
3002253,9608.417
3002254,67.738045
3002255,1.5816333
3002256,55.49774
3002257,61.260437
3002258,0.06386396
3002259,612.18567
3002260,20.444681
3002261,30.215183
3002262,9.971784
3002263,154.26889
3002264,22.232533
3002265,808.55334
3002266,743.9773
3002267,23.899954
3002268,25.917185
3002269,1031.0195
3002270,255.7685
3002271,8111.9507
3002272,483.56305
3002273,81.01713
3002274,9.103219
3002275,0.035026085
3002276,15.480925
3002277,3917.8027
3002278,0.0
3002279,669.01965
3002280,14.799078
3002281,1792.7737
3002282,1104.5441
3002283,535.72266
3002284,99.74107
3002285,145.5774
3002286,7261.345
3002287,37.101814
3002288,0.34776565
3002289,30.77382
3002290,23.05234
3002291,0.055337608
3002292,534.20966
3002293,19.10846
3002294,13.491255
3002295,1.4929736
3002296,69.61127
3002297,6.7749286
3002298,798.97833
3002299,657.9146
3002300,14.6071825
3002301,21.834332
3002302,611.8419
3002303,99.96604
3002304,2769.586
3002305,397.63098
3002306,22.695957
3002307,10.704206
3002308,0.034520272
3002309,11.135213
3002310,7531.9355
3002311,0.0059785633
3002312,1420.5233
3002313,25.47835
3002314,1955.9111
3002315,2372.9856
3002316,407.82126
3002317,503.40097
3002318,347.7159
3002319,8514.412
3002320,67.055374
3002321,1.9001393
3002322,44.802128
3002323,40.7587
3002324,0.9342506
3002325,539.6702
3002326,13.87816
3002327,37.21294
3002328,13.335904
3002329,223.00616
3002330,23.180527
3002331,783.7164
3002332,477.34442
3002333,19.136986
3002334,27.838285
3002335,972.8238
3002336,279.89673
3002337,11022.494
3002338,352.84106
3002339,93.63649
3002340,6.0260625
3002341,0.21209621
3002342,5.7309914
3002343,1921.3362
3002344,0.009115146
3002345,379.74725
3002346,20.040987
3002347,807.27045
3002348,557.7535
3002349,217.34804
3002350,84.924034
3002351,86.614975
3002352,2902.7651
3002353,20.081938
3002354,0.8788383
3002355,27.91228
3002356,22.39133
3002357,0.47144493
3002358,211.11713
3002359,10.876783
3002360,6.742158
3002361,10.701427
3002362,53.900463
3002363,8.868244
3002364,230.36475
3002365,232.47955
3002366,3.6442814
3002367,6.554152
3002368,216.1811
3002369,64.29715
3002370,2002.8357
3002371,0.14099891
3002372,7.5460396
3002373,9.336434
3002374,0.02122549
3002375,12.922086
3002376,3744.3828
3002377,0.011145976
3002378,608.56665
3002379,27.430592
3002380,1538.3054
3002381,1082.1533
3002382,416.24567
3002383,101.3523
3002384,134.58676
3002385,5933.4463
3002386,60.28048
3002387,1.4556417
3002388,48.379066
3002389,36.06032
3002390,0.03473266
3002391,415.98154
3002392,10.407879
3002393,7.3766594
3002394,5.899036
3002395,115.87016
3002396,11.95036
3002397,546.2068
3002398,499.9857
3002399,10.915586
3002400,23.759357
3002401,361.2453
3002402,89.13043
3002403,2522.1597
3002404,323.42422
3002405,19.027596
3002406,5.8491807
3002407,0.012820308
3002408,5.620591
3002409,4995.766
3002410,0.027849913
3002411,1063.5986
3002412,12.291818
3002413,1458.0636
3002414,1798.5444
3002415,246.60132
3002416,369.50305
3002417,246.71751
3002418,5599.9927
3002419,38.362194
3002420,1.5873051
3002421,34.66415
3002422,45.36818
3002423,0.6115929
3002424,352.76752
3002425,3.2901425
3002426,50.143208
3002427,8.066751
3002428,105.30103
3002429,15.235485
3002430,675.92664
3002431,332.61798
3002432,20.164913
3002433,8.749788
3002434,826.6227
3002435,134.19527
3002436,7951.588
3002437,1.3818734
3002438,51.914394
3002439,9.790274
3002440,0.0226306
3002441,5.318823
3002442,3302.59
3002443,0.012747869
3002444,769.79895
3002445,10.667254
3002446,1356.848
3002447,1205.4933
3002448,336.93515
3002449,134.10014
3002450,240.08058
3002451,5412.696
3002452,41.691616
3002453,3.1275601
3002454,47.687634
3002455,42.186768
3002456,0.075192794
3002457,326.40213
3002458,10.561245
3002459,58.651375
3002460,10.267546
3002461,214.67809
3002462,12.175341
3002463,402.8665
3002464,345.62607
3002465,10.998358
3002466,22.107224
3002467,501.35495
3002468,152.70412
3002469,5514.562
3002470,5.4334245
3002471,6.486396
3002472,8.009681
3002473,0.13607028
3002474,3.88485
3002475,2296.7617
3002476,0.0088840835
3002477,512.75665
3002478,6.7125993
3002479,1021.83466
3002480,622.6586
3002481,221.4767
3002482,107.52362
3002483,101.706955
3002484,3176.8406
3002485,16.593536
3002486,1.2077467
3002487,30.690592
3002488,26.85821
3002489,0.094325215
3002490,219.69548
3002491,5.7951126
3002492,14.827721
3002493,5.2923694
3002494,71.48879
3002495,5.109067
3002496,287.93
3002497,231.20694
3002498,6.3891444
3002499,6.959877
3002500,191.69275
3002501,77.046036
3002502,2978.551
3002503,0.1674676
3002504,5.1612954
3002505,5.406701
3002506,0.057023935
3002507,0.68182635
3002508,1952.7727
3002509,0.0
3002510,211.7413
3002511,3.0946784
3002512,920.1576
3002513,248.93506
3002514,195.3172
3002515,55.705482
3002516,27.182413
3002517,2650.6982
3002518,7.025674
3002519,0.7806212
3002520,18.124504
3002521,10.206843
3002522,0.04705532
3002523,174.806
3002524,0.0126164025
3002525,0.0
3002526,5.003665
3002527,12.013386
3002528,1.4093719
3002529,46.22427
3002530,146.26677
3002531,0.1912365
3002532,1.6191452
3002533,45.389145
3002534,66.782745
3002535,588.488
3002536,0.034663707
3002537,1.7858229
3002538,4.9730086
3002539,0.016146343
3002540,5.8431087
3002541,3480.854
3002542,0.0
3002543,611.77295
3002544,10.812237
3002545,1221.6304
3002546,1038.7021
3002547,324.337
3002548,156.059
3002549,130.45267
3002550,4759.596
3002551,32.347244
3002552,1.3758757
3002553,21.519676
3002554,40.893654
3002555,0.056754448
3002556,298.83286
3002557,22.39129
3002558,13.381023
3002559,8.435428
3002560,64.57854
3002561,9.632473
3002562,449.71063
3002563,318.8145
3002564,9.997494
3002565,12.573541
3002566,534.9692
3002567,98.27812
3002568,3335.8657
3002569,0.06501074
3002570,44.309776
3002571,4.9894896
3002572,0.012232125
3002573,4.730862
3002574,4451.5396
3002575,0.0019911656
3002576,890.9638
3002577,16.93635
3002578,1214.8712
3002579,1594.2373
3002580,187.62202
3002581,309.7204
3002582,233.86526
3002583,4618.9097
3002584,50.208397
3002585,2.328693
3002586,28.874935
3002587,25.515938
3002588,0.8172656
3002589,283.0591
3002590,12.272362
3002591,39.651672
3002592,7.790325
3002593,122.749016
3002594,16.80946
3002595,480.166
3002596,288.87833
3002597,9.019976
3002598,13.443951
3002599,659.9594
3002600,158.90672
3002601,7290.868
3002602,1.4350376
3002603,51.504475
3002604,4.250313
3002605,0.065035306
3002606,9.661945
3002607,4750.2803
3002608,0.007431927
3002609,930.57074
3002610,19.06058
3002611,1270.0581
3002612,1569.483
3002613,287.67606
3002614,341.28534
3002615,179.12553
3002616,5516.503
3002617,42.81696
3002618,3.5394611
3002619,35.64816
3002620,42.54418
3002621,0.045115314
3002622,381.93875
3002623,33.32468
3002624,42.229324
3002625,24.144129
3002626,116.19193
3002627,20.845613
3002628,463.26974
3002629,357.7821
3002630,16.64213
3002631,26.579931
3002632,575.6552
3002633,167.18233
3002634,7161.488
3002635,0.5464697
3002636,44.37958
3002637,11.263104
3002638,0.27386767
3002639,6.3786306
3002640,3359.7703
3002641,0.0012166743
3002642,491.5549
3002643,13.343874
3002644,1539.9739
3002645,975.62415
3002646,558.4616
3002647,152.07684
3002648,84.52993
3002649,6146.886
3002650,11.242112
3002651,0.55307007
3002652,55.63325
3002653,33.020645
3002654,0.07439499
3002655,411.84854
3002656,7.1137733
3002657,5.1217027
3002658,7.653223
3002659,36.026134
3002660,2.9187145
3002661,382.49936
3002662,400.28305
3002663,5.499759
3002664,8.824589
3002665,322.7557
3002666,114.616585
3002667,1464.2031
3002668,161.85469
3002669,17.916695
3002670,3.8175278
3002671,0.023607908
3002672,2.9275432
3002673,1946.0115
3002674,0.007909419
3002675,364.45428
3002676,12.133431
3002677,630.4586
3002678,658.59863
3002679,117.904915
3002680,111.65069
3002681,105.695
3002682,2485.727
3002683,23.940884
3002684,1.3635921
3002685,20.286734
3002686,22.74406
3002687,0.0631218
3002688,147.6218
3002689,14.049697
3002690,10.292955
3002691,7.705406
3002692,101.14071
3002693,7.868083
3002694,262.97144
3002695,120.12863
3002696,5.1845293
3002697,8.694121
3002698,250.08109
3002699,71.357704
3002700,2121.777
3002701,0.12514487
3002702,20.702162
3002703,1.4795156
3002704,0.49857557
3002705,0.98295677
3002706,1167.5428
3002707,0.0
3002708,72.54955
3002709,3.2378616
3002710,636.45294
3002711,229.2514
3002712,216.33961
3002713,26.89578
3002714,29.614252
3002715,2196.9597
3002716,1.5061421
3002717,0.19012575
3002718,7.434271
3002719,5.215691
3002720,0.05024849
3002721,145.8812
3002722,4.0257516
3002723,0.017905338
3002724,1.72644
3002725,7.7408657
3002726,0.74417436
3002727,186.02159
3002728,133.3147
3002729,0.75033665
3002730,2.8709304
3002731,109.52463
3002732,25.694662
3002733,207.97937
3002734,7.5967016
3002735,2.298346
3002736,5.7004094
3002737,0.3353769
3002738,3.7784047
3002739,4378.6733
3002740,0.0055425614
3002741,506.66132
3002742,12.392161
3002743,1673.3153
3002744,471.3407
3002745,411.6541
3002746,98.3501
3002747,72.64592
3002748,6648.0605
3002749,23.982729
3002750,0.39592558
3002751,18.830738
3002752,15.542751
3002753,0.11584944
3002754,400.25168
3002755,8.950561
3002756,2.5772016
3002757,8.895927
3002758,34.726433
3002759,3.0458636
3002760,793.85803
3002761,310.02994
3002762,1.636841
3002763,13.081642
3002764,331.20834
3002765,87.7446
3002766,1002.5632
3002767,13.176191
3002768,8.436459
3002769,3.9382658
3002770,0.082827546
3002771,1.0978606
3002772,1501.9292
3002773,0.0
3002774,138.93077
3002775,8.7903
3002776,612.6894
3002777,330.38467
3002778,185.72202
3002779,44.22541
3002780,38.134087
3002781,2404.4836
3002782,7.1320963
3002783,0.38460904
3002784,11.925328
3002785,15.251703
3002786,0.07598574
3002787,153.21684
3002788,3.9249377
3002789,0.0
3002790,3.564546
3002791,29.118675
3002792,1.197485
3002793,201.95407
3002794,120.60782
3002795,1.0579243
3002796,5.677445
3002797,163.35878
3002798,45.764706
3002799,291.2494
3002800,9.245638
3002801,5.3173637
3002802,3.2331238
3002803,0.022203283
3002804,1.7333713
3002805,1200.5638
3002806,0.0
3002807,83.30994
3002808,5.5128236
3002809,539.81305
3002810,222.19861
3002811,127.32788
3002812,32.668373
3002813,25.325651
3002814,2265.5781
3002815,9.196766
3002816,0.11104861
3002817,7.2186995
3002818,8.305447
3002819,0.07972491
3002820,115.55238
3002821,1.7824917
3002822,0.0
3002823,2.150077
3002824,26.008572
3002825,0.9573698
3002826,154.83958
3002827,119.00802
3002828,0.48158672
3002829,4.124053
3002830,93.27212
3002831,30.98726
3002832,189.7017
3002833,7.3434286
3002834,0.97964954
3002835,2.7426808
3002836,0.016827708
3002837,1.2067237
3002838,1269.675
3002839,0.0
3002840,140.78561
3002841,5.4240155
3002842,803.6027
3002843,387.06396
3002844,196.45317
3002845,26.557524
3002846,37.33762
3002847,2528.016
3002848,1.7303662
3002849,0.35994473
3002850,9.025123
3002851,15.186897
3002852,0.07562085
3002853,200.0937
3002854,0.0043209894
3002855,0.030355869
3002856,1.8022859
3002857,17.001696
3002858,1.8604558
3002859,306.3606
3002860,213.37918
3002861,0.781513
3002862,4.0702624
3002863,57.718613
3002864,79.935684
3002865,333.7794
3002866,8.2085495
3002867,5.2238483
3002868,4.058446
3002869,1.2840545
3002870,2.4707243
3002871,1619.2119
3002872,0.0
3002873,138.37128
3002874,3.142414
3002875,787.28516
3002876,341.1848
3002877,242.34753
3002878,74.66891
3002879,52.110477
3002880,2593.4993
3002881,9.388854
3002882,0.76135826
3002883,10.543325
3002884,14.569656
3002885,0.04215539
3002886,196.62875
3002887,7.037447
3002888,0.0
3002889,4.4255004
3002890,19.204569
3002891,2.4288428
3002892,178.25961
3002893,164.34972
3002894,0.8767401
3002895,3.8409367
3002896,119.93668
3002897,39.824833
3002898,518.0186
3002899,9.789232
3002900,5.2101398
3002901,2.9353914
3002902,0.06817888
3002903,0.7371383
3002904,1019.74445
3002905,0.00092024205
3002906,105.87434
3002907,4.6343384
3002908,557.38116
3002909,185.23117
3002910,127.75522
3002911,53.209984
3002912,22.908901
3002913,1728.6002
3002914,1.9343626
3002915,0.21886222
3002916,10.340891
3002917,7.6124487
3002918,0.05347669
3002919,125.38823
3002920,0.0038302394
3002921,0.0018488549
3002922,2.5671685
3002923,16.178726
3002924,0.8497951
3002925,47.103153
3002926,97.63168
3002927,0.9804007
3002928,2.1531966
3002929,58.16064
3002930,28.94824
3002931,368.39276
3002932,0.0028892097
3002933,1.0846102
3002934,6.244472
3002935,0.4235138
3002936,1.7623758
3002937,2786.8271
3002938,0.0
3002939,273.21555
3002940,5.61694
3002941,943.5305
3002942,578.2971
3002943,382.39148
3002944,155.52011
3002945,82.69828
3002946,3956.5276
3002947,13.729949
3002948,0.79600763
3002949,22.740211
3002950,16.63128
3002951,0.036368333
3002952,238.8084
3002953,0.012636563
3002954,0.023386395
3002955,3.8890076
3002956,22.722162
3002957,3.8070073
3002958,327.1633
3002959,192.1669
3002960,2.1684966
3002961,7.4264517
3002962,273.69034
3002963,61.459457
3002964,975.12036
3002965,39.174675
3002966,13.499954
3002967,2.434867
3002968,0.09953085
3002969,2.4092739
3002970,1791.7134
3002971,0.00011635503
3002972,504.2931
3002973,7.360821
3002974,539.43
3002975,483.22998
3002976,167.4136
3002977,148.8273
3002978,47.955845
3002979,2644.2222
3002980,9.686063
3002981,0.2031131
3002982,21.516617
3002983,12.35186
3002984,0.025860555
3002985,151.1245
3002986,6.0100455
3002987,1.8820469
3002988,4.8499303
3002989,51.355423
3002990,2.6625884
3002991,240.99622
3002992,123.10499
3002993,2.9589958
3002994,5.562111
3002995,172.4391
3002996,59.15097
3002997,1129.2308
3002998,26.052374
3002999,12.649681
3003000,6.018451
3003001,0.34624782
3003002,2.7928445
3003003,2164.5103
3003004,0.0
3003005,116.15215
3003006,6.616637
3003007,722.84937
3003008,269.84747
3003009,235.9924
3003010,49.002922
3003011,42.26147
3003012,2659.9548
3003013,10.528089
3003014,0.79829955
3003015,11.217399
3003016,8.523971
3003017,0.059104342
3003018,144.88527
3003019,4.1941404
3003020,0.0
3003021,2.8746347
3003022,24.315592
3003023,2.3244054
3003024,137.99934
3003025,146.84879
3003026,1.5926964
3003027,5.0282073
3003028,158.18626
3003029,30.765574
3003030,323.66876
3003031,9.34996
3003032,4.1329064
3003033,4.7074523
3003034,0.03730034
3003035,7.2485685
3003036,2443.784
3003037,0.0027507755
3003038,572.2124
3003039,10.442179
3003040,760.20013
3003041,710.4788
3003042,181.2874
3003043,112.51538
3003044,97.24378
3003045,3532.4385
3003046,32.871468
3003047,0.6381999
3003048,15.060791
3003049,31.576614
3003050,0.06641114
3003051,218.00328
3003052,17.865984
3003053,10.008853
3003054,4.718371
3003055,70.45026
3003056,10.515694
3003057,399.3603
3003058,200.06725
3003059,7.85684
3003060,8.839591
3003061,351.63168
3003062,97.47096
3003063,1945.2578
3003064,0.19311872
3003065,27.5201
3003066,5.468812
3003067,0.3494747
3003068,3.3910432
3003069,2873.4875
3003070,0.002648517
3003071,328.20398
3003072,6.621782
3003073,990.632
3003074,626.05444
3003075,415.70645
3003076,58.100807
3003077,60.684235
3003078,4459.1807
3003079,10.578745
3003080,0.36879453
3003081,14.656441
3003082,12.18949
3003083,0.03723907
3003084,251.76935
3003085,0.5977179
3003086,3.7916288
3003087,3.0578647
3003088,31.169353
3003089,2.441362
3003090,513.3298
3003091,253.70325
3003092,3.2394667
3003093,4.7913823
3003094,250.83072
3003095,57.207428
3003096,737.3217
3003097,34.601852
3003098,10.729697
3003099,6.9622173
3003100,0.45251012
3003101,2.8751357
3003102,2402.5803
3003103,0.004841147
3003104,424.91193
3003105,6.6327634
3003106,893.51514
3003107,495.796
3003108,240.09392
3003109,187.66089
3003110,59.925426
3003111,3435.701
3003112,17.94293
3003113,0.85099196
3003114,31.875244
3003115,22.641613
3003116,0.12243683
3003117,221.55861
3003118,2.4881926
3003119,2.866708
3003120,6.043765
3003121,54.63689
3003122,2.0208993
3003123,128.82236
3003124,208.9334
3003125,2.1565883
3003126,5.7109447
3003127,129.50821
3003128,125.91545
3003129,929.29584
3003130,0.06995617
3003131,5.161642
3003132,3.5103278
3003133,0.10270293
3003134,1.3929322
3003135,1284.027
3003136,0.0
3003137,107.57538
3003138,8.543327
3003139,490.2639
3003140,254.92604
3003141,132.34421
3003142,37.931194
3003143,48.58511
3003144,1974.3257
3003145,5.832901
3003146,1.1106217
3003147,24.569172
3003148,16.580809
3003149,0.124795
3003150,134.32387
3003151,0.024212958
3003152,0.032269586
3003153,4.8407006
3003154,29.861284
3003155,3.3467827
3003156,109.20182
3003157,115.046295
3003158,0.97802234
3003159,5.001165
3003160,108.210304
3003161,37.577232
3003162,359.37735
3003163,3.3200555
3003164,1.3977942
3003165,1.8951299
3003166,0.01908026
3003167,1.3463671
3003168,1221.2434
3003169,0.08653275
3003170,226.69025
3003171,10.480035
3003172,447.47507
3003173,407.386
3003174,103.66866
3003175,42.143402
3003176,54.561707
3003177,1734.1447
3003178,24.742718
3003179,0.28024337
3003180,10.490479
3003181,9.979768
3003182,0.07797736
3003183,107.13414
3003184,9.89699
3003185,1.3777041
3003186,2.95633
3003187,44.781887
3003188,4.407374
3003189,661.12463
3003190,106.71904
3003191,1.7313383
3003192,2.9083939
3003193,217.26642
3003194,33.84718
3003195,1109.2024
3003196,0.12520155
3003197,7.919939
3003198,2.3633575
3003199,0.07008341
3003200,4.107694
3003201,2918.785
3003202,0.18412638
3003203,719.8939
3003204,14.209562
3003205,1004.0458
3003206,1101.7273
3003207,227.71704
3003208,178.11351
3003209,146.52907
3003210,3752.056
3003211,30.651207
3003212,0.9280369
3003213,21.825893
3003214,33.45861
3003215,0.065945126
3003216,255.82654
3003217,7.6611233
3003218,30.577875
3003219,7.338539
3003220,84.07311
3003221,12.536311
3003222,358.16483
3003223,230.09329
3003224,13.45574
3003225,10.055382
3003226,421.5225
3003227,98.468605
3003228,2850.1338
3003229,0.16416459
3003230,17.008625
3003231,1.486892
3003232,0.016852256
3003233,1.9001534
3003234,1871.9406
3003235,0.0
3003236,280.87408
3003237,5.9501343
3003238,363.37787
3003239,461.98706
3003240,99.3177
3003241,74.823494
3003242,62.435005
3003243,1705.4934
3003244,12.092279
3003245,0.8224286
3003246,13.958594
3003247,11.77857
3003248,0.05172744
3003249,78.83553
3003250,0.005236101
3003251,15.050377
3003252,3.5482125
3003253,131.92433
3003254,6.5297675
3003255,147.68034
3003256,82.42828
3003257,4.404956
3003258,6.218555
3003259,130.2764
3003260,35.726723
3003261,1123.0189
3003262,0.620754
3003263,2.3725183
3003264,2.5914392
3003265,0.025226424
3003266,0.47981995
3003267,688.8849
3003268,0.0032134317
3003269,182.39395
3003270,4.8971357
3003271,314.5016
3003272,185.67145
3003273,51.316402
3003274,28.793066
3003275,29.029785
3003276,1359.1213
3003277,3.2167501
3003278,0.46771392
3003279,9.2709055
3003280,5.6026287
3003281,0.124974154
3003282,57.7766
3003283,0.2214855
3003284,5.3621984
3003285,0.4576904
3003286,10.401404
3003287,0.12887861
3003288,181.8829
3003289,83.29828
3003290,0.7380127
3003291,0.7999244
3003292,86.43151
3003293,16.192743
3003294,367.6189
3003295,0.43076685
3003296,2.391494
3003297,5.1560354
3003298,0.10953872
3003299,1.7864618
3003300,2515.8943
3003301,0.006573252
3003302,560.8409
3003303,13.011802
3003304,751.95776
3003305,781.38043
3003306,225.45006
3003307,167.64714
3003308,99.21443
3003309,3193.4736
3003310,16.98391
3003311,2.0797184
3003312,18.136293
3003313,17.734861
3003314,0.24791571
3003315,188.72632
3003316,4.744653
3003317,27.050316
3003318,9.348413
3003319,84.76038
3003320,4.29709
3003321,238.35236
3003322,186.60841
3003323,8.472312
3003324,7.0825806
3003325,305.51697
3003326,62.523453
3003327,2117.8757
3003328,1.0121014
3003329,12.990882
3003330,5.1733994
3003331,0.06710124
3003332,1.6584439
3003333,2873.2107
3003334,0.0019651863
3003335,531.5529
3003336,12.450082
3003337,946.77075
3003338,689.07965
3003339,311.40692
3003340,229.39572
3003341,61.737293
3003342,4060.0989
3003343,11.106205
3003344,0.33840662
3003345,29.057083
3003346,14.239098
3003347,0.70283353
3003348,221.07266
3003349,0.0
3003350,4.8531275
3003351,4.8703117
3003352,36.329403
3003353,0.616897
3003354,343.29385
3003355,279.35666
3003356,4.0239835
3003357,2.9249408
3003358,204.25246
3003359,71.50227
3003360,1111.4716
3003361,1.1608593
3003362,4.250253
3003363,5.0748177
3003364,0.5171056
3003365,1.8806825
3003366,2632.5603
3003367,0.0023406679
3003368,583.89667
3003369,11.247677
3003370,792.2617
3003371,632.0504
3003372,253.17088
3003373,194.18964
3003374,64.75006
3003375,3438.98
3003376,13.687575
3003377,0.5191766
3003378,27.652168
3003379,15.189163
3003380,0.22721438
3003381,207.36366
3003382,0.0
3003383,3.906589
3003384,5.362888
3003385,68.21004
3003386,1.3119178
3003387,181.59222
3003388,212.27231
3003389,5.1843157
3003390,4.533108
3003391,187.49399
3003392,59.803593
3003393,877.39905
3003394,1.4431045
3003395,5.519156
3003396,7.7532597
3003397,0.54461527
3003398,11.509302
3003399,6671.863
3003400,0.004648489
3003401,1071.0483
3003402,34.907364
3003403,1688.961
3003404,1702.443
3003405,326.90396
3003406,390.13034
3003407,269.4363
3003408,7070.7075
3003409,70.74516
3003410,2.6165893
3003411,50.15728
3003412,43.453857
3003413,0.03110195
3003414,402.06845
3003415,29.2733
3003416,37.906773
3003417,20.146479
3003418,179.82329
3003419,32.63227
3003420,612.19794
3003421,370.45865
3003422,19.167812
3003423,23.697865
3003424,771.0592
3003425,251.29321
3003426,5941.205
3003427,1.543536
3003428,71.94434
3003429,3.6498594
3003430,0.068390384
3003431,0.8588965
3003432,1254.1852
3003433,0.0
3003434,128.20726
3003435,4.437719
3003436,434.51718
3003437,232.24031
3003438,102.975624
3003439,116.16142
3003440,37.74611
3003441,1695.3036
3003442,6.4188375
3003443,0.14988263
3003444,14.890036
3003445,8.721136
3003446,0.05812783
3003447,98.387344
3003448,0.55948055
3003449,0.0
3003450,2.520225
3003451,40.789566
3003452,0.8220664
3003453,125.64619
3003454,82.857834
3003455,2.2994802
3003456,2.7848825
3003457,94.05555
3003458,21.64675
3003459,410.05157
3003460,0.01942995
3003461,3.979607
3003462,6.590997
3003463,0.07931075
3003464,1.0096371
3003465,2495.998
3003466,0.0048025167
3003467,460.40598
3003468,10.514327
3003469,893.3497
3003470,548.0274
3003471,195.41664
3003472,230.42477
3003473,72.92052
3003474,3563.8894
3003475,10.707876
3003476,0.36107433
3003477,18.828506
3003478,14.00489
3003479,0.19883281
3003480,208.95341
3003481,0.80007374
3003482,6.862827
3003483,8.485488
3003484,14.200079
3003485,0.5508455
3003486,561.24506
3003487,185.0927
3003488,3.505239
3003489,4.4165473
3003490,151.97308
3003491,59.79675
3003492,953.19904
3003493,1.6670687
3003494,5.094586
3003495,1.1600146
3003496,0.030870523
3003497,0.45025095
3003498,950.4802
3003499,0.0
3003500,92.850426
3003501,4.0847797
3003502,401.62396
3003503,170.60446
3003504,96.983376
3003505,147.53082
3003506,18.008045
3003507,1645.6401
3003508,1.7077408
3003509,0.20075613
3003510,7.0153513
3003511,3.7175941
3003512,0.05333498
3003513,74.3323
3003514,0.011383102
3003515,0.0
3003516,1.1851835
3003517,9.17425
3003518,0.24262515
3003519,100.06209
3003520,77.42364
3003521,0.4421512
3003522,0.85020816
3003523,55.96704
3003524,10.989287
3003525,180.82834
3003526,0.028327275
3003527,1.4436386
3003528,6.0841904
3003529,0.18509255
3003530,1.2407844
3003531,1607.3148
3003532,0.00022282697
3003533,195.37956
3003534,7.889023
3003535,719.5482
3003536,342.75677
3003537,162.17728
3003538,86.13721
3003539,48.118084
3003540,2455.3032
3003541,2.796382
3003542,0.20282368
3003543,23.471247
3003544,17.64553
3003545,0.034310266
3003546,148.88232
3003547,0.0064037163
3003548,0.0
3003549,10.866379
3003550,28.454708
3003551,1.5879755
3003552,369.14316
3003553,144.35588
3003554,1.842355
3003555,2.7039196
3003556,190.72673
3003557,30.493673
3003558,915.9864
3003559,0.019008707
3003560,0.5865123
3003561,2.437975
3003562,0.32232907
3003563,1.5636251
3003564,2304.4067
3003565,0.0065053385
3003566,585.8466
3003567,14.485213
3003568,705.5226
3003569,541.55035
3003570,210.21643
3003571,90.23444
3003572,70.921394
3003573,3430.4019
3003574,5.775162
3003575,2.141594
3003576,25.630102
3003577,37.67901
3003578,0.26352677
3003579,181.07335
3003580,2.202679
3003581,5.111525
3003582,4.437453
3003583,33.763847
3003584,2.5006144
3003585,217.75197
3003586,234.19498
3003587,2.9864218
3003588,4.8684225
3003589,121.0747
3003590,35.408756
3003591,593.39874
3003592,3.2513466
3003593,2.3095922
3003594,3.5364223
3003595,0.03856525
3003596,0.27625993
3003597,1298.877
3003598,0.0
3003599,88.457184
3003600,1.8117621
3003601,433.81625
3003602,163.69676
3003603,76.40693
3003604,104.81736
3003605,23.672487
3003606,1678.5785
3003607,1.9406683
3003608,0.17300917
3003609,9.181796
3003610,6.2346835
3003611,0.11629685
3003612,77.78278
3003613,0.013011575
3003614,0.03853033
3003615,0.33626282
3003616,11.183897
3003617,0.70976365
3003618,299.52048
3003619,69.47295
3003620,0.9791373
3003621,0.70254445
3003622,69.941734
3003623,18.828257
3003624,305.28702
3003625,0.07074713
3003626,0.2663454
3003627,4.333882
3003628,0.028259305
3003629,0.86840916
3003630,2869.6606
3003631,0.000748855
3003632,510.88797
3003633,7.640462
3003634,914.8188
3003635,577.91766
3003636,206.20424
3003637,147.34721
3003638,70.2069
3003639,3915.9233
3003640,6.370978
3003641,0.23657337
3003642,19.505371
3003643,10.53777
3003644,0.088075906
3003645,176.38031
3003646,0.011978452
3003647,23.566011
3003648,6.965578
3003649,47.808334
3003650,1.5003154
3003651,387.35904
3003652,188.27902
3003653,3.5089364
3003654,2.7019408
3003655,139.76839
3003656,55.838753
3003657,979.1735
3003658,1.3195553
3003659,0.9709556
3003660,2.8247473
3003661,0.010818288
3003662,3.928556
3003663,2066.5015
3003664,0.0017028031
3003665,480.9559
3003666,10.086243
3003667,829.9229
3003668,776.9201
3003669,134.35614
3003670,100.91672
3003671,116.276344
3003672,2987.504
3003673,40.616413
3003674,0.90887916
3003675,23.907488
3003676,22.390656
3003677,0.08085196
3003678,210.18098
3003679,15.64945
3003680,24.011538
3003681,2.6497357
3003682,98.52943
3003683,11.582748
3003684,213.2872
3003685,205.39543
3003686,10.110377
3003687,13.121125
3003688,209.00728
3003689,81.245605
3003690,2344.4666
3003691,0.23981097
3003692,12.801083
3003693,4.671346
3003694,0.028657023
3003695,5.565731
3003696,1787.3232
3003697,0.0010279929
3003698,371.03406
3003699,12.484512
3003700,734.6137
3003701,739.1413
3003702,116.470436
3003703,60.824253
3003704,94.86931
3003705,2879.3794
3003706,23.183523
3003707,0.5711187
3003708,25.36985
3003709,33.91669
3003710,0.04364659
3003711,219.07797
3003712,16.97364
3003713,9.827425
3003714,7.6462746
3003715,67.22664
3003716,10.452588
3003717,143.01277
3003718,249.0545
3003719,7.2521877
3003720,7.006111
3003721,100.7425
3003722,73.44755
3003723,1723.5206
3003724,0.4669513
3003725,12.251285
3003726,6.706927
3003727,0.22041197
3003728,2.7024102
3003729,2850.6584
3003730,0.0032269459
3003731,663.93427
3003732,6.376205
3003733,1010.95233
3003734,529.2081
3003735,182.33467
3003736,278.24554
3003737,56.961784
3003738,4386.679
3003739,28.271227
3003740,0.8404964
3003741,19.425924
3003742,19.049276
3003743,0.18326446
3003744,247.94688
3003745,2.9809132
3003746,11.780858
3003747,7.087162
3003748,47.368523
3003749,3.150145
3003750,226.88533
3003751,220.9067
3003752,5.1782684
3003753,7.0892696
3003754,192.58073
3003755,63.080376
3003756,1302.9941
3003757,6.6822486
3003758,13.265215
3003759,3.0108895
3003760,0.018632993
3003761,3.5873914
3003762,2094.3625
3003763,0.0076433164
3003764,358.9264
3003765,8.121356
3003766,647.22845
3003767,648.25916
3003768,159.05594
3003769,109.0189
3003770,81.902916
3003771,2850.0059
3003772,18.094019
3003773,0.952062
3003774,13.179365
3003775,10.188644
3003776,0.13191518
3003777,176.08318
3003778,14.107018
3003779,15.702723
3003780,2.507431
3003781,56.989376
3003782,9.18572
3003783,271.50616
3003784,176.96489
3003785,5.8826385
3003786,7.0038443
3003787,276.46088
3003788,57.678642
3003789,1845.5518
3003790,0.13877773
3003791,18.543713
3003792,2.1772487
3003793,0.10074674
3003794,1.1430969
3003795,3359.7095
3003796,0.0
3003797,355.2811
3003798,10.234008
3003799,1345.7019
3003800,539.75684
3003801,237.26851
3003802,129.6346
3003803,58.80996
3003804,5034.284
3003805,10.4567585
3003806,0.9933648
3003807,22.54685
3003808,24.374237
3003809,0.08453705
3003810,282.72394
3003811,0.0053161527
3003812,0.01157627
3003813,8.102302
3003814,36.55551
3003815,2.341751
3003816,139.22386
3003817,240.91362
3003818,2.6977665
3003819,8.504526
3003820,129.43579
3003821,45.57839
3003822,876.0739
3003823,0.039391547
3003824,5.878322
3003825,4.7486086
3003826,0.04211849
3003827,5.0758443
3003828,1751.8209
3003829,0.005849955
3003830,412.51013
3003831,12.087851
3003832,866.21295
3003833,572.5788
3003834,173.1548
3003835,98.94166
3003836,118.19795
3003837,3143.2432
3003838,26.029165
3003839,0.6038753
3003840,23.320757
3003841,26.244581
3003842,0.05417197
3003843,202.5146
3003844,11.112643
3003845,13.160845
3003846,7.3407536
3003847,39.58226
3003848,10.309485
3003849,167.5386
3003850,217.89763
3003851,9.86742
3003852,6.9233356
3003853,147.34834
3003854,52.18638
3003855,1760.592
3003856,0.27595246
3003857,5.6277723
3003858,3.4139805
3003859,0.014038799
3003860,3.4843278
3003861,2011.4883
3003862,0.006055616
3003863,489.49988
3003864,10.624268
3003865,714.9814
3003866,719.2988
3003867,134.81232
3003868,109.65086
3003869,98.343376
3003870,2728.2349
3003871,26.451704
3003872,0.88077164
3003873,19.298697
3003874,17.03855
3003875,0.14321972
3003876,178.63338
3003877,11.231113
3003878,28.658607
3003879,5.9280763
3003880,60.709946
3003881,8.042807
3003882,208.0629
3003883,168.84444
3003884,6.8399577
3003885,8.222448
3003886,216.62686
3003887,58.690186
3003888,2192.3635
3003889,0.15732507
3003890,14.029871
3003891,5.412466
3003892,0.017864447
3003893,2.949228
3003894,3642.0474
3003895,0.0
3003896,453.60358
3003897,11.05792
3003898,1077.9213
3003899,554.38794
3003900,252.0706
3003901,129.37161
3003902,47.224533
3003903,3923.0684
3003904,8.823155
3003905,0.19523077
3003906,13.577133
3003907,16.945768
3003908,0.06631808
3003909,199.4043
3003910,0.0022792525
3003911,5.952852
3003912,0.2553542
3003913,63.674583
3003914,3.1282449
3003915,282.8373
3003916,213.99545
3003917,2.490268
3003918,1.3844662
3003919,211.2928
3003920,113.33447
3003921,863.7865
3003922,2.9768724
3003923,0.26466936
3003924,12.258863
3003925,0.012283891
3003926,10.674517
3003927,7244.7905
3003928,0.007908277
3003929,1238.3934
3003930,27.11563
3003931,1871.8566
3003932,2019.3958
3003933,398.39508
3003934,400.65866
3003935,346.37793
3003936,8137.034
3003937,71.80534
3003938,4.346717
3003939,91.444855
3003940,92.41101
3003941,0.0040876735
3003942,452.5011
3003943,19.118008
3003944,21.694147
3003945,20.81917
3003946,259.22318
3003947,28.2544
3003948,663.6946
3003949,409.89365
3003950,28.39062
3003951,30.036072
3003952,841.3909
3003953,299.9059
3003954,7404.6035
3003955,357.55908
3003956,74.97384
3003957,11.325715
3003958,0.008117304
3003959,9.056234
3003960,6534.6343
3003961,0.0040435065
3003962,1058.0312
3003963,28.981903
3003964,2082.3335
3003965,1771.5848
3003966,451.2111
3003967,274.45792
3003968,256.0054
3003969,8673.839
3003970,69.34128
3003971,1.6575887
3003972,55.55103
3003973,73.998184
3003974,0.7481351
3003975,483.50113
3003976,17.231268
3003977,27.489239
3003978,8.575973
3003979,186.6052
3003980,25.782873
3003981,818.48444
3003982,559.781
3003983,20.158712
3003984,21.665348
3003985,860.5218
3003986,227.50032
3003987,4921.3066
3003988,376.8376
3003989,62.480515
3003990,9.554149
3003991,0.036871158
3003992,12.797467
3003993,3949.0806
3003994,0.006040864
3003995,705.4882
3003996,17.754303
3003997,1734.1133
3003998,1173.1091
3003999,613.7918
3004000,109.65097
3004001,183.95328
3004002,7102.659
3004003,35.545208
3004004,2.4101284
3004005,26.957417
3004006,21.829464
3004007,0.54640627
3004008,489.41943
3004009,21.120314
3004010,17.534527
3004011,6.6469216
3004012,99.75011
3004013,9.000546
3004014,817.8321
3004015,593.6153
3004016,17.620857
3004017,24.565971
3004018,564.11676
3004019,130.38449
3004020,2342.1235
3004021,310.19043
3004022,33.701874
3004023,12.618387
3004024,0.010474923
3004025,15.251474
3004026,6061.416
3004027,0.0049132006
3004028,985.26276
3004029,26.219675
3004030,1948.9344
3004031,1677.7874
3004032,490.7209
3004033,268.3103
3004034,225.56174
3004035,8270.221
3004036,51.84208
3004037,1.4915445
3004038,46.99047
3004039,52.53614
3004040,0.031831905
3004041,497.07306
3004042,18.732765
3004043,22.909552
3004044,9.280436
3004045,162.82109
3004046,22.166094
3004047,673.5023
3004048,589.3054
3004049,19.547028
3004050,22.715347
3004051,731.2499
3004052,218.16208
3004053,4527.7856
3004054,386.4213
3004055,60.453712
3004056,8.784837
3004057,0.028269663
3004058,13.1562805
3004059,3204.8818
3004060,0.004233475
3004061,517.51996
3004062,15.504948
3004063,1573.0411
3004064,936.9723
3004065,482.26947
3004066,84.46837
3004067,136.23932
3004068,6406.952
3004069,32.68421
3004070,0.35244328
3004071,26.519627
3004072,21.710829
3004073,0.050174303
3004074,463.06125
3004075,17.080923
3004076,10.819265
3004077,1.7025807
3004078,81.91122
3004079,5.6526175
3004080,687.657
3004081,540.93445
3004082,12.868517
3004083,20.694252
3004084,465.5649
3004085,90.1138
3004086,1584.7391
3004087,344.18448
3004088,14.565128
3004089,9.125266
3004090,0.07825291
3004091,8.604017
3004092,6407.38
3004093,0.006507618
3004094,1099.5673
3004095,27.102957
3004096,1627.2557
3004097,1904.6237
3004098,322.20935
3004099,373.23532
3004100,291.7582
3004101,7320.308
3004102,57.36989
3004103,2.0068657
3004104,39.36594
3004105,35.172348
3004106,0.3708254
3004107,414.8553
3004108,12.23865
3004109,29.910019
3004110,11.9274
3004111,220.76453
3004112,22.65742
3004113,644.0384
3004114,368.6532
3004115,16.489166
3004116,25.379969
3004117,718.9067
3004118,224.72539
3004119,6481.807
3004120,246.61052
3004121,67.10303
3004122,4.9923716
3004123,0.17205858
3004124,5.6432185
3004125,1450.5994
3004126,0.008508677
3004127,293.93112
3004128,22.761147
3004129,641.6045
3004130,421.25464
3004131,177.86719
3004132,66.27799
3004133,79.57103
3004134,2377.7244
3004135,18.439167
3004136,0.7293464
3004137,29.134605
3004138,21.531319
3004139,0.25775403
3004140,165.42899
3004141,8.582639
3004142,5.9569507
3004143,9.326283
3004144,58.2054
3004145,6.87554
3004146,184.0978
3004147,179.46996
3004148,3.067646
3004149,5.5720315
3004150,169.69075
3004151,52.251343
3004152,1065.4236
3004153,0.35346517
3004154,7.0339613
3004155,7.9478664
3004156,0.012167932
3004157,10.128922
3004158,3132.1501
3004159,0.007405507
3004160,455.66583
3004161,27.690681
3004162,1252.0431
3004163,882.0084
3004164,312.42303
3004165,76.7279
3004166,123.56031
3004167,5403.5913
3004168,53.956436
3004169,1.2307713
3004170,44.82537
3004171,28.567015
3004172,0.03616401
3004173,334.48798
3004174,9.839681
3004175,5.6673775
3004176,4.301233
3004177,108.10652
3004178,10.193852
3004179,504.12592
3004180,373.8379
3004181,9.354643
3004182,17.047136
3004183,267.96536
3004184,76.86504
3004185,1887.6152
3004186,259.7772
3004187,16.13017
3004188,4.6724524
3004189,0.016777467
3004190,3.6972804
3004191,3343.8628
3004192,0.023244098
3004193,741.725
3004194,14.543989
3004195,1080.8896
3004196,1232.0283
3004197,174.73242
3004198,254.65283
3004199,205.1751
3004200,3775.6594
3004201,31.995132
3004202,1.6000731
3004203,30.792372
3004204,34.38398
3004205,0.5224236
3004206,249.61769
3004207,2.382942
3004208,37.58403
3004209,6.561805
3004210,138.37393
3004211,12.5664425
3004212,497.18707
3004213,219.57806
3004214,16.979916
3004215,7.456375
3004216,532.9214
3004217,111.81249
3004218,3987.6812
3004219,1.4137709
3004220,36.08662
3004221,8.910913
3004222,0.011554563
3004223,4.307476
3004224,2881.5942
3004225,0.0024167846
3004226,543.94867
3004227,10.754793
3004228,1077.1251
3004229,820.6701
3004230,238.99738
3004231,86.58431
3004232,209.73958
3004233,4290.1304
3004234,34.892384
3004235,2.3330152
3004236,39.28059
3004237,33.578274
3004238,0.03415924
3004239,232.41655
3004240,7.9187145
3004241,44.757454
3004242,10.517023
3004243,219.92944
3004244,11.268898
3004245,309.99316
3004246,240.71875
3004247,10.7644825
3004248,17.868647
3004249,280.04547
3004250,113.29871
3004251,3539.7314
3004252,4.1430497
3004253,5.6654906
3004254,6.698523
3004255,0.09250187
3004256,2.8781097
3004257,1747.1633
3004258,0.009450828
3004259,363.78397
3004260,7.5676756
3004261,699.58264
3004262,428.2184
3004263,154.38681
3004264,72.92027
3004265,85.74251
3004266,2604.3171
3004267,13.192823
3004268,1.0362287
3004269,26.253416
3004270,23.57843
3004271,0.092438355
3004272,151.66573
3004273,4.827525
3004274,11.889649
3004275,5.9631243
3004276,75.23498
3004277,3.8432508
3004278,214.889
3004279,156.28114
3004280,4.6294427
3004281,4.9243197
3004282,127.93375
3004283,55.996548
3004284,1645.8208
3004285,0.1890813
3004286,3.8797455
3004287,5.134555
3004288,0.029010553
3004289,0.2818605
3004290,1839.474
3004291,0.0
3004292,167.28885
3004293,4.2341523
3004294,757.4487
3004295,194.7683
3004296,177.88255
3004297,41.56905
3004298,26.338917
3004299,2596.6387
3004300,6.962756
3004301,1.0656483
3004302,17.501951
3004303,11.117
3004304,0.04086818
3004305,149.63205
3004306,0.008870975
3004307,0.0
3004308,3.424745
3004309,14.016457
3004310,1.4386809
3004311,51.75892
3004312,123.44869
3004313,0.26343298
3004314,1.4036303
3004315,41.2909
3004316,68.14001
3004317,477.1515
3004318,0.04889945
3004319,1.8404584
3004320,4.009442
3004321,0.015717316
3004322,5.235467
3004323,2648.3374
3004324,0.0012125566
3004325,485.03992
3004326,11.479117
3004327,976.1999
3004328,788.75696
3004329,249.81567
3004330,117.29482
3004331,116.88624
3004332,4013.4058
3004333,28.71822
3004334,1.4160066
3004335,23.760384
3004336,34.330894
3004337,0.054627046
3004338,239.27173
3004339,17.836596
3004340,10.844417
3004341,8.927631
3004342,62.294327
3004343,8.805661
3004344,375.3118
3004345,246.36859
3004346,7.0017414
3004347,13.12647
3004348,388.74707
3004349,79.77899
3004350,1895.2692
3004351,0.05338244
3004352,32.3092
3004353,4.1234117
3004354,0.017508743
3004355,3.9466915
3004356,3632.031
3004357,0.005164922
3004358,707.72394
3004359,18.555775
3004360,992.9839
3004361,1242.8967
3004362,148.6865
3004363,226.58366
3004364,203.21957
3004365,3688.7854
3004366,43.594147
3004367,1.5104272
3004368,26.78698
3004369,26.437883
3004370,0.70366895
3004371,209.24695
3004372,10.618092
3004373,34.25841
3004374,6.5940366
3004375,135.88168
3004376,16.559809
3004377,399.9797
3004378,202.31711
3004379,7.8770285
3004380,12.934483
3004381,489.4718
3004382,133.78203
3004383,4505.7476
3004384,0.4962776
3004385,35.67668
3004386,3.4949594
3004387,0.05079744
3004388,7.1503983
3004389,3643.6772
3004390,0.09822092
3004391,750.1504
3004392,20.390207
3004393,1080.1821
3004394,1166.3822
3004395,221.11142
3004396,233.92575
3004397,157.3387
3004398,4325.0156
3004399,38.03881
3004400,2.7662313
3004401,33.26
3004402,35.247604
3004403,0.019815197
3004404,291.45377
3004405,23.53341
3004406,27.205
3004407,19.195698
3004408,128.45616
3004409,18.74787
3004410,407.75653
3004411,261.09985
3004412,14.282868
3004413,21.96444
3004414,450.09506
3004415,140.27931
3004416,3826.5347
3004417,1.5013263
3004418,34.581463
3004419,10.122277
3004420,0.21083799
3004421,5.1779494
3004422,3081.9487
3004423,0.0077614626
3004424,439.4354
3004425,14.076416
3004426,1351.0011
3004427,760.7927
3004428,486.73193
3004429,114.26923
3004430,88.168564
3004431,5834.976
3004432,13.270382
3004433,0.6028373
3004434,39.940483
3004435,31.896053
3004436,0.0660079
3004437,373.95874
3004438,7.639596
3004439,4.043505
3004440,6.238636
3004441,41.471092
3004442,2.560788
3004443,549.1963
3004444,351.9291
3004445,5.501248
3004446,8.148233
3004447,310.65018
3004448,104.24029
3004449,1197.8453
3004450,138.12308
3004451,19.315329
3004452,4.119396
3004453,0.023399513
3004454,3.087336
3004455,2226.252
3004456,0.0074918563
3004457,385.43127
3004458,14.426651
3004459,657.59106
3004460,728.95667
3004461,153.89441
3004462,134.53659
3004463,125.40872
3004464,2630.05
3004465,22.218374
3004466,1.1703475
3004467,19.733484
3004468,21.158756
3004469,0.051589224
3004470,169.39328
3004471,12.23004
3004472,13.922016
3004473,6.761046
3004474,125.72158
3004475,9.556869
3004476,618.5641
3004477,133.50044
3004478,5.5810175
3004479,9.159565
3004480,428.12592
3004481,81.16509
3004482,2381.0842
3004483,0.21977185
3004484,33.380077
3004485,1.4389203
3004486,0.4974055
3004487,1.0191147
3004488,1207.013
3004489,0.0
3004490,76.01042
3004491,3.0249534
3004492,591.4327
3004493,206.10506
3004494,254.90236
3004495,26.774553
3004496,26.487843
3004497,2173.4731
3004498,2.453905
3004499,0.18466347
3004500,6.931656
3004501,4.7538013
3004502,0.042839896
3004503,134.75677
3004504,3.5775685
3004505,0.05813149
3004506,1.3498931
3004507,12.161495
3004508,0.90321267
3004509,127.456436
3004510,121.2266
3004511,0.6935551
3004512,2.8590143
3004513,121.186745
3004514,22.847134
3004515,220.20477
3004516,7.703617
3004517,0.29361585
3004518,5.424573
3004519,0.23320545
3004520,4.3201337
3004521,5454.469
3004522,0.0032414764
3004523,538.2073
3004524,15.076136
3004525,1777.5707
3004526,523.4455
3004527,542.5193
3004528,92.95632
3004529,75.942955
3004530,6987.053
3004531,24.291498
3004532,0.4739016
3004533,19.98005
3004534,13.672326
3004535,0.10220484
3004536,373.93228
3004537,9.479021
3004538,3.594613
3004539,8.732467
3004540,51.7516
3004541,4.2107487
3004542,580.4485
3004543,276.62524
3004544,1.3868802
3004545,10.728439
3004546,548.2715
3004547,92.52779
3004548,1155.7013
3004549,13.220852
3004550,7.832446
3004551,4.1525993
3004552,0.043581646
3004553,0.9855087
3004554,1754.4038
3004555,0.0
3004556,142.255
3004557,9.823829
3004558,626.2225
3004559,345.1659
3004560,235.28513
3004561,42.755722
3004562,39.618412
3004563,2648.2085
3004564,6.931501
3004565,0.37378109
3004566,11.659682
3004567,12.925193
3004568,0.076855905
3004569,155.12743
3004570,4.7471776
3004571,0.0
3004572,3.0580592
3004573,40.652874
3004574,1.5307868
3004575,116.72221
3004576,124.880714
3004577,0.87710977
3004578,5.17297
3004579,150.5424
3004580,41.982597
3004581,342.99026
3004582,8.567549
3004583,2.711499
3004584,3.2235627
3004585,0.03535206
3004586,2.0976098
3004587,1571.3848
3004588,0.0
3004589,91.44327
3004590,6.28644
3004591,640.2589
3004592,230.65067
3004593,174.35089
3004594,33.382004
3004595,27.161215
3004596,2511.7954
3004597,14.090578
3004598,0.14055602
3004599,8.275927
3004600,8.533801
3004601,0.056334153
3004602,122.91447
3004603,1.6662648
3004604,0.0
3004605,2.4759214
3004606,38.20495
3004607,1.0366385
3004608,113.67211
3004609,126.41826
3004610,0.50306845
3004611,3.7779012
3004612,91.38801
3004613,26.846283
3004614,204.66824
3004615,6.340323
3004616,1.3976314
3004617,2.232107
3004618,0.020498475
3004619,1.183737
3004620,1317.5262
3004621,0.0
3004622,138.99698
3004623,6.6066723
3004624,807.11475
3004625,334.70496
3004626,241.25046
3004627,22.96707
3004628,40.16996
3004629,2643.405
3004630,2.5245197
3004631,0.34961405
3004632,9.532279
3004633,16.704496
3004634,0.05915649
3004635,194.81087
3004636,0.01763866
3004637,0.014674178
3004638,2.0853438
3004639,24.960386
3004640,2.249689
3004641,162.78656
3004642,226.84317
3004643,0.78688955
3004644,3.8099966
3004645,60.373413
3004646,70.306046
3004647,375.36133
3004648,8.942417
3004649,5.068217
3004650,3.8797655
3004651,0.72001934
3004652,2.433949
3004653,1767.8427
3004654,0.0016772492
3004655,134.17451
3004656,4.208452
3004657,821.88165
3004658,348.42398
3004659,305.07968
3004660,67.39246
3004661,55.461384
3004662,2832.1362
3004663,8.494443
3004664,0.581897
3004665,10.2012205
3004666,13.129299
3004667,0.042121287
3004668,196.90903
3004669,7.4626513
3004670,0.0
3004671,4.223562
3004672,25.27981
3004673,2.571644
3004674,138.09682
3004675,173.20596
3004676,0.6709119
3004677,3.4932141
3004678,154.22359
3004679,38.840714
3004680,626.81195
3004681,0.6789131
3004682,4.0408883
3004683,3.2340088
3004684,0.036225893
3004685,0.7773179
3004686,1158.1517
3004687,0.0033225059
3004688,97.56718
3004689,5.5345855
3004690,573.0007
3004691,194.13399
3004692,141.5632
3004693,49.960144
3004694,27.833006
3004695,1796.0492
3004696,2.2338686
3004697,0.18371667
3004698,10.614724
3004699,7.106778
3004700,0.04530115
3004701,126.62537
3004702,0.013677424
3004703,0.0066243107
3004704,2.1632512
3004705,25.459473
3004706,1.1919632
3004707,44.252655
3004708,90.30538
3004709,0.9333179
3004710,1.8578734
3004711,63.599655
3004712,27.260262
3004713,472.62354
3004714,0.0
3004715,0.8742298
3004716,6.361051
3004717,0.33664167
3004718,1.633568
3004719,3212.5742
3004720,0.0036761214
3004721,278.91907
3004722,6.4091315
3004723,1044.9906
3004724,629.8952
3004725,506.49625
3004726,143.2869
3004727,92.362564
3004728,3997.2441
3004729,15.367464
3004730,0.7271085
3004731,19.987339
3004732,19.879227
3004733,0.028466605
3004734,244.24467
3004735,0.026269093
3004736,0.035950955
3004737,3.2170153
3004738,44.482777
3004739,4.329673
3004740,229.43967
3004741,196.69756
3004742,2.2548106
3004743,6.534336
3004744,345.2712
3004745,64.55931
3004746,1138.768
3004747,14.292279
3004748,12.939227
3004749,2.3580852
3004750,0.11184607
3004751,2.4760711
3004752,1894.1266
3004753,0.009241344
3004754,467.18915
3004755,7.148424
3004756,552.64545
3004757,429.1195
3004758,204.67589
3004759,121.19852
3004760,46.45935
3004761,2474.188
3004762,8.2749405
3004763,0.18202427
3004764,18.063547
3004765,11.120385
3004766,0.03479378
3004767,140.69545
3004768,4.857078
3004769,1.8765671
3004770,3.905964
3004771,78.04596
3004772,2.732989
3004773,88.725296
3004774,118.38521
3004775,2.8238995
3004776,5.430494
3004777,213.46283
3004778,49.74584
3004779,1208.7389
3004780,32.991173
3004781,10.564919
3004782,5.8472214
3004783,0.2572843
3004784,2.7720337
3004785,2544.0623
3004786,0.0019283384
3004787,124.50121
3004788,8.341791
3004789,897.48816
3004790,277.84796
3004791,264.2749
3004792,47.382133
3004793,48.659573
3004794,3203.3994
3004795,14.993836
3004796,0.7382194
3004797,13.156443
3004798,9.264727
3004799,0.057729688
3004800,153.60692
3004801,5.177459
3004802,0.0
3004803,3.4547505
3004804,37.969475
3004805,2.9217746
3004806,115.65157
3004807,160.53465
3004808,1.9224315
3004809,4.8859906
3004810,91.1542
3004811,28.361485
3004812,412.367
3004813,8.176838
3004814,3.198081
3004815,5.1344614
3004816,0.016040962
3004817,6.966562
3004818,3373.883
3004819,0.0052485634
3004820,655.9726
3004821,11.206326
3004822,906.4707
3004823,906.8715
3004824,266.43225
3004825,149.40927
3004826,136.65602
3004827,4238.718
3004828,33.70152
3004829,0.89528227
3004830,15.775665
3004831,17.528841
3004832,0.07134508
3004833,256.09094
3004834,19.395832
3004835,16.282366
3004836,2.6346054
3004837,112.25359
3004838,12.649293
3004839,780.5653
3004840,229.76427
3004841,8.656343
3004842,9.274961
3004843,642.45935
3004844,111.45148
3004845,2490.6602
3004846,0.12611082
3004847,42.749264
3004848,5.992526
3004849,0.21581943
3004850,3.430883
3004851,2927.2732
3004852,0.0051468886
3004853,334.22955
3004854,8.621732
3004855,935.34125
3004856,553.6723
3004857,593.3188
3004858,60.56346
3004859,62.14992
3004860,4220.127
3004861,11.284513
3004862,0.3849526
3004863,13.020256
3004864,10.986712
3004865,0.022586653
3004866,240.4805
3004867,0.9233091
3004868,5.385085
3004869,2.7501194
3004870,47.22583
3004871,2.157151
3004872,243.1153
3004873,212.17694
3004874,2.8592815
3004875,5.593294
3004876,405.57355
3004877,61.162395
3004878,741.52313
3004879,22.860622
3004880,10.111392
3004881,7.1914053
3004882,0.26395804
3004883,2.870004
3004884,2682.3445
3004885,0.0013749507
3004886,399.42062
3004887,7.2046223
3004888,939.6095
3004889,473.13965
3004890,299.14267
3004891,163.14903
3004892,67.964836
3004893,3490.254
3004894,13.223962
3004895,0.74787176
3004896,29.611916
3004897,18.466799
3004898,0.040818363
3004899,218.80489
3004900,1.5465603
3004901,3.7257576
3004902,6.368031
3004903,71.155045
3004904,2.535658
3004905,96.563126
3004906,189.56972
3004907,1.490895
3004908,4.2626233
3004909,163.43279
3004910,111.20551
3004911,1022.8994
3004912,0.0
3004913,4.8369794
3004914,3.0947375
3004915,0.11250547
3004916,1.5327058
3004917,1411.6538
3004918,0.0
3004919,112.68201
3004920,10.693917
3004921,492.25342
3004922,291.05853
3004923,161.0758
3004924,38.43877
3004925,47.869583
3004926,2113.717
3004927,7.2717047
3004928,1.0709887
3004929,21.931694
3004930,17.392202
3004931,0.13175377
3004932,144.18091
3004933,0.0060050064
3004934,0.016735043
3004935,5.187525
3004936,31.426067
3004937,4.0855055
3004938,87.40608
3004939,113.574715
3004940,0.92954373
3004941,4.954234
3004942,186.32808
3004943,33.767445
3004944,423.67892
3004945,2.6998148
3004946,1.2033195
3004947,2.1897438
3004948,0.017010698
3004949,1.3416283
3004950,1476.2245
3004951,0.218464
3004952,267.58267
3004953,10.654274
3004954,514.1476
3004955,485.98782
3004956,144.84201
3004957,47.379078
3004958,77.296745
3004959,1908.0306
3004960,26.707237
3004961,0.27615723
3004962,10.334776
3004963,11.026417
3004964,0.083715156
3004965,117.77832
3004966,9.055158
3004967,3.3182197
3004968,3.2688632
3004969,62.912537
3004970,5.9932227
3004971,538.8376
3004972,117.43649
3004973,2.0435395
3004974,4.3405204
3004975,361.2149
3004976,37.820564
3004977,1295.3413
3004978,0.11806979
3004979,10.188793
3004980,2.6855562
3004981,0.05529018
3004982,4.8309526
3004983,3788.2107
3004984,0.2115183
3004985,844.4759
3004986,20.163202
3004987,1182.8461
3004988,1375.6804
3004989,349.977
3004990,254.30759
3004991,180.43842
3004992,4497.718
3004993,33.158276
3004994,1.0180795
3004995,21.961784
3004996,37.497948
3004997,0.06491266
3004998,287.93497
3004999,5.9989944
3005000,45.25563
3005001,8.464087
3005002,120.0844
3005003,15.668554
3005004,716.7856
3005005,262.0444
3005006,15.39822
3005007,13.124897
3005008,805.9026
3005009,127.89453
3005010,3594.6497
3005011,0.18143257
3005012,32.41496
3005013,1.707659
3005014,0.016355501
3005015,2.6212213
3005016,2965.4775
3005017,0.0
3005018,367.11548
3005019,7.1901226
3005020,524.1542
3005021,694.2533
3005022,164.79279
3005023,123.00726
3005024,94.9773
3005025,2287.221
3005026,15.953627
3005027,0.63975275
3005028,18.73916
3005029,15.826626
3005030,0.065175734
3005031,111.12764
3005032,0.0064539863
3005033,27.077976
3005034,4.6648
3005035,176.78406
3005036,13.48752
3005037,327.5867
3005038,130.06236
3005039,6.2433605
3005040,8.212111
3005041,283.4747
3005042,50.624763
3005043,2015.3113
3005044,0.94534576
3005045,0.13398978
3005046,3.2798061
3005047,0.026310079
3005048,0.5888649
3005049,994.51886
3005050,0.0026619039
3005051,224.08952
3005052,6.101348
3005053,353.59573
3005054,262.29086
3005055,68.3555
3005056,32.780087
3005057,36.32084
3005058,1494.1978
3005059,3.5022283
3005060,0.4488516
3005061,10.724692
3005062,5.917452
3005063,0.1735121
3005064,65.28585
3005065,0.3170157
3005066,7.595702
3005067,0.5804273
3005068,14.174034
3005069,0.17863832
3005070,313.85446
3005071,93.66646
3005072,0.80082965
3005073,0.93725276
3005074,166.15878
3005075,16.0964
3005076,526.917
3005077,0.36364195
3005078,2.3089526
3005079,5.5183973
3005080,0.040132146
3005081,1.8130748
3005082,2945.1782
3005083,0.006490701
3005084,580.91394
3005085,16.390137
3005086,830.9228
3005087,902.4735
3005088,307.92014
3005089,202.84753
3005090,152.36383
3005091,3605.01
3005092,19.570864
3005093,1.8960865
3005094,19.274374
3005095,19.202497
3005096,0.17830227
3005097,193.42514
3005098,4.75843
3005099,40.805542
3005100,10.746738
3005101,183.51689
3005102,6.458413
3005103,421.14432
3005104,186.76431
3005105,8.390152
3005106,8.596243
3005107,528.71484
3005108,76.15244
3005109,2610.9373
3005110,0.98867357
3005111,20.914154
3005112,5.2356195
3005113,0.08229276
3005114,1.7800877
3005115,2875.8542
3005116,0.0012132727
3005117,517.8855
3005118,13.5689125
3005119,975.55426
3005120,620.4358
3005121,408.6385
3005122,203.81075
3005123,70.573524
3005124,3787.6433
3005125,11.778357
3005126,0.327662
3005127,29.231388
3005128,13.054702
3005129,0.51448905
3005130,206.30228
3005131,0.0
3005132,6.53333
3005133,3.8389072
3005134,60.263824
3005135,0.58822095
3005136,192.27156
3005137,265.0989
3005138,3.6858468
3005139,2.8635492
3005140,243.92914
3005141,73.69831
3005142,1124.4691
3005143,0.84989786
3005144,1.9377112
3005145,5.2152486
3005146,0.21316038
3005147,2.1636147
3005148,2626.1335
3005149,0.0020183402
3005150,549.4193
3005151,12.720577
3005152,808.6676
3005153,575.2341
3005154,334.32388
3005155,162.56148
3005156,72.429985
3005157,3399.211
3005158,12.307263
3005159,0.46776536
3005160,22.810614
3005161,14.518791
3005162,0.1647199
3005163,198.73593
3005164,0.0
3005165,4.277514
3005166,4.369243
3005167,109.647385
3005168,1.7446604
3005169,111.38629
3005170,205.74571
3005171,4.9198627
3005172,3.9200091
3005173,258.5869
3005174,57.00807
3005175,900.3787
3005176,1.1001563
3005177,5.105155
3005178,8.667602
3005179,0.18571648
3005180,14.259486
3005181,8534.234
3005182,0.012240269
3005183,1302.0195
3005184,48.43127
3005185,2065.177
3005186,2391.5867
3005187,489.04727
3005188,539.40784
3005189,346.74884
3005190,8107.047
3005191,84.866776
3005192,2.772259
3005193,56.474537
3005194,46.513714
3005195,0.022445377
3005196,505.4355
3005197,36.521923
3005198,61.05945
3005199,25.45746
3005200,295.02332
3005201,37.358475
3005202,1416.0309
3005203,465.90097
3005204,21.441563
3005205,27.468231
3005206,1514.9249
3005207,325.3295
3005208,7805.9937
3005209,1.3283195
3005210,128.27135
3005211,3.5626445
3005212,0.10480198
3005213,0.89849854
3005214,1311.4154
3005215,0.0
3005216,110.87759
3005217,4.4067836
3005218,442.21677
3005219,234.45105
3005220,123.27708
3005221,104.13576
3005222,41.12478
3005223,1875.7131
3005224,5.0867596
3005225,0.19131617
3005226,13.144992
3005227,7.3913593
3005228,0.05593907
3005229,91.31244
3005230,0.82014
3005231,0.0
3005232,1.6049304
3005233,56.11326
3005234,0.93941045
3005235,44.043797
3005236,76.69936
3005237,2.207848
3005238,2.347082
3005239,93.198425
3005240,16.408447
3005241,409.93008
3005242,0.021202238
3005243,3.2651625
3005244,6.7275047
3005245,0.08719699
3005246,1.2765446
3005247,2693.2734
3005248,0.007115766
3005249,438.86368
3005250,12.464186
3005251,1137.8932
3005252,592.6119
3005253,273.02393
3005254,192.18495
3005255,81.42675
3005256,3883.9556
3005257,9.900556
3005258,0.4439324
3005259,17.36351
3005260,13.558593
3005261,0.20797126
3005262,217.81038
3005263,0.60595334
3005264,7.7998915
3005265,8.03047
3005266,19.20982
3005267,1.2222021
3005268,295.72232
3005269,191.0871
3005270,3.007504
3005271,4.093343
3005272,168.84427
3005273,52.839607
3005274,1091.6683
3005275,1.1120257
3005276,3.524303
3005277,1.4094632
3005278,0.037049904
3005279,0.5282779
3005280,989.96454
3005281,0.0
3005282,87.84453
3005283,3.965949
3005284,434.52383
3005285,156.47911
3005286,126.5891
3005287,129.8815
3005288,21.755804
3005289,1657.5012
3005290,1.8139691
3005291,0.18798395
3005292,5.8712006
3005293,3.4007812
3005294,0.04429672
3005295,74.207504
3005296,0.021804892
3005297,0.0
3005298,0.97974193
3005299,43.586697
3005300,0.2537014
3005301,47.13802
3005302,70.24568
3005303,0.53607106
3005304,0.8881912
3005305,55.437645
3005306,9.906605
3005307,182.75056
3005308,0.032803666
3005309,1.4770045
3005310,6.1181283
3005311,0.16639617
3005312,1.3660417
3005313,1696.94
3005314,0.0042859106
3005315,194.61563
3005316,9.516885
3005317,722.1145
3005318,332.5219
3005319,204.14442
3005320,75.634575
3005321,55.803097
3005322,2588.5159
3005323,2.6487339
3005324,0.16680934
3005325,26.229704
3005326,15.158598
3005327,0.045266695
3005328,149.69412
3005329,0.0073263687
3005330,0.037591778
3005331,9.631025
3005332,44.692776
3005333,2.320446
3005334,187.22957
3005335,151.06357
3005336,2.1525888
3005337,2.3556325
3005338,265.0862
3005339,29.031582
3005340,1007.87646
3005341,0.044567768
3005342,0.44605574
3005343,2.9625983
3005344,0.23047322
3005345,1.9089429
3005346,2888.2822
3005347,0.008501462
3005348,635.291
3005349,22.09018
3005350,825.36316
3005351,598.4544
3005352,247.78479
3005353,96.90165
3005354,76.116104
3005355,3917.7092
3005356,6.7368526
3005357,1.5516443
3005358,29.903666
3005359,38.655727
3005360,0.20434491
3005361,200.8286
3005362,2.1874309
3005363,6.6473594
3005364,3.8956437
3005365,61.27781
3005366,2.9563675
3005367,167.29672
3005368,261.75333
3005369,3.3328152
3005370,5.013418
3005371,142.86206
3005372,38.014114
3005373,742.6783
3005374,2.9492
3005375,1.7090147
3005376,3.3687963
3005377,0.058783576
3005378,0.3188078
3005379,1415.6215
3005380,0.0
3005381,80.66777
3005382,2.0330648
3005383,456.5377
3005384,148.06937
3005385,81.22035
3005386,85.4591
3005387,32.645344
3005388,1712.8833
3005389,2.3556697
3005390,0.14940433
3005391,8.309648
3005392,6.2939415
3005393,0.096014254
3005394,83.41589
3005395,0.037784625
3005396,0.0017361197
3005397,0.09148439
3005398,18.511932
3005399,1.0199363
3005400,157.09697
3005401,63.74861
3005402,0.84011126
3005403,0.7118287
3005404,52.178886
3005405,16.016523
3005406,324.46484
3005407,0.073364556
3005408,0.24621618
3005409,4.6080856
3005410,0.06890263
3005411,0.878065
3005412,2793.3804
3005413,0.0026428394
3005414,478.33673
3005415,8.239476
3005416,831.72925
3005417,543.1494
3005418,244.39862
3005419,117.280945
3005420,77.66379
3005421,3830.7676
3005422,5.09712
3005423,0.25353903
3005424,17.575531
3005425,9.75217
3005426,0.110498205
3005427,185.12144
3005428,0.012802198
3005429,30.529825
3005430,5.6084824
3005431,61.17277
3005432,2.663349
3005433,257.2811
3005434,178.56538
3005435,2.9220467
3005436,2.6527333
3005437,153.50508
3005438,50.293198
3005439,1091.5579
3005440,0.34554288
3005441,0.82834053
3005442,2.6958601
3005443,0.020508146
3005444,4.1193085
3005445,2505.018
3005446,0.0016616066
3005447,482.92346
3005448,12.922106
3005449,842.0435
3005450,877.22314
3005451,169.87105
3005452,105.79904
3005453,132.38211
3005454,3320.3184
3005455,41.981594
3005456,0.8304738
3005457,22.74612
3005458,20.78544
3005459,0.06459268
3005460,218.33751
3005461,15.75198
3005462,28.04066
3005463,1.8946793
3005464,126.215126
3005465,12.066484
3005466,322.87552
3005467,198.12105
3005468,9.749588
3005469,12.646892
3005470,285.18436
3005471,85.371124
3005472,2683.6602
3005473,0.12240938
3005474,15.515669
3005475,5.92069
3005476,0.020102937
3005477,9.053311
3005478,2404.984
3005479,0.0011892231
3005480,433.83035
3005481,16.082506
3005482,860.0561
3005483,844.8178
3005484,150.84837
3005485,71.97071
3005486,119.432915
3005487,3526.7383
3005488,23.086473
3005489,0.5150552
3005490,23.958588
3005491,33.44381
3005492,0.029359601
3005493,269.89966
3005494,17.783846
3005495,12.7904
3005496,8.501114
3005497,86.43564
3005498,13.323503
3005499,233.24655
3005500,271.05045
3005501,7.1924896
3005502,8.467625
3005503,155.8668
3005504,90.48345
3005505,2166.4236
3005506,0.21156707
3005507,15.45689
3005508,7.131131
3005509,0.13663387
3005510,2.6584952
3005511,3273.401
3005512,0.006033669
3005513,657.67456
3005514,10.3242035
3005515,1189.1332
3005516,531.2031
3005517,201.09439
3005518,264.9132
3005519,78.96758
3005520,4798.385
3005521,28.371454
3005522,0.8262149
3005523,19.618654
3005524,16.042765
3005525,0.12041615
3005526,239.51773
3005527,3.2499757
3005528,16.321062
3005529,6.6935782
3005530,72.81862
3005531,5.026756
3005532,171.39049
3005533,204.74475
3005534,4.814193
3005535,7.392852
3005536,242.03514
3005537,60.443455
3005538,1578.9636
3005539,5.4491367
3005540,11.19371
3005541,3.7350912
3005542,0.015576508
3005543,3.77779
3005544,2869.5457
3005545,0.008514266
3005546,409.13647
3005547,9.2993355
3005548,802.96686
3005549,853.1182
3005550,219.99371
3005551,136.00655
3005552,112.82162
3005553,3548.1292
3005554,19.744886
3005555,1.3962467
3005556,13.348433
3005557,9.754054
3005558,0.16919483
3005559,202.96031
3005560,15.4799
3005561,24.06089
3005562,2.4809153
3005563,95.23631
3005564,11.461407
3005565,542.61053
3005566,200.6216
3005567,5.8667655
3005568,7.601532
3005569,509.9676
3005570,65.576065
3005571,2463.8564
3005572,0.11770829
3005573,29.046888
3005574,2.2466033
3005575,0.08378228
3005576,1.4258854
3005577,3801.5322
3005578,0.0
3005579,367.67728
3005580,14.206063
3005581,1548.502
3005582,569.0033
3005583,350.27734
3005584,131.69458
3005585,68.521515
3005586,5332.105
3005587,10.897036
3005588,1.3582671
3005589,27.018246
3005590,23.372013
3005591,0.079440355
3005592,299.78656
3005593,0.0036145053
3005594,0.0458449
3005595,9.4706745
3005596,70.0809
3005597,3.5442243
3005598,121.51416
3005599,243.86304
3005600,2.7727115
3005601,8.622491
3005602,207.63487
3005603,46.93293
3005604,1042.661
3005605,0.03921339
3005606,5.9862046
3005607,5.7596817
3005608,0.26731563
3005609,5.2336493
3005610,2281.3997
3005611,0.007174416
3005612,432.3111
3005613,13.950383
3005614,914.3202
3005615,630.47485
3005616,217.72984
3005617,105.88749
3005618,188.93776
3005619,3412.939
3005620,28.867237
3005621,0.61149204
3005622,24.483797
3005623,23.588852
3005624,0.056813657
3005625,230.55856
3005626,12.348668
3005627,17.901976
3005628,7.391511
3005629,66.95964
3005630,12.913866
3005631,283.31412
3005632,237.14879
3005633,9.919093
3005634,8.048794
3005635,220.11324
3005636,59.744385
3005637,1955.1964
3005638,0.13813613
3005639,7.4129763
3005640,3.9365592
3005641,0.015661862
3005642,3.2190542
3005643,2523.0356
3005644,0.008934838
3005645,497.76562
3005646,11.730742
3005647,743.2892
3005648,823.18774
3005649,172.94914
3005650,113.42861
3005651,117.143074
3005652,3015.3613
3005653,26.469015
3005654,0.7544526
3005655,18.256346
3005656,13.319914
3005657,0.12260162
3005658,188.58722
3005659,11.602888
3005660,33.248768
3005661,4.734021
3005662,79.35211
3005663,9.16905
3005664,326.36404
3005665,181.29488
3005666,6.20436
3005667,9.175778
3005668,287.54752
3005669,62.369038
3005670,2431.7202
3005671,0.1402692
3005672,17.660376
3005673,5.768742
3005674,0.016832499
3005675,3.134221
3005676,4195.0063
3005677,0.0
3005678,469.5109
3005679,15.068483
3005680,1215.9454
3005681,593.67883
3005682,328.00656
3005683,126.68344
3005684,57.245216
3005685,4459.057
3005686,9.0056305
3005687,0.18416688
3005688,15.025663
3005689,16.691889
3005690,0.06675665
3005691,211.41573
3005692,0.0
3005693,10.067788
3005694,0.08450955
3005695,123.42365
3005696,5.29035
3005697,212.15193
3005698,230.66812
3005699,2.4251287
3005700,1.6537497
3005701,283.24905
3005702,106.155914
3005703,1069.5894
3005704,1.9262242
3005705,0.1656701
3005706,13.634229
3005707,0.011826642
3005708,12.420941
3005709,9852.391
3005710,0.0065290956
3005711,1582.042
3005712,31.919575
3005713,2360.2666
3005714,2696.711
3005715,636.2529
3005716,574.1114
3005717,442.6075
3005718,9945.435
3005719,87.783455
3005720,5.5545535
3005721,90.67341
3005722,107.97934
3005723,0.016450072
3005724,556.1779
3005725,22.002272
3005726,37.56799
3005727,21.224257
3005728,414.99252
3005729,34.893017
3005730,1533.3135
3005731,511.17804
3005732,31.116314
3005733,36.241707
3005734,1708.2493
3005735,387.34683
3005736,9165.476
3005737,373.87436
3005738,130.18367
3005739,13.2241
3005740,0.010249572
3005741,11.196635
3005742,9564.456
3005743,0.001684772
3005744,1363.9005
3005745,34.143692
3005746,2549.8647
3005747,2438.5227
3005748,695.9215
3005749,388.48547
3005750,348.79807
3005751,10531.785
3005752,87.67793
3005753,1.3087449
3005754,56.448807
3005755,71.981636
3005756,0.506971
3005757,581.93036
3005758,19.910715
3005759,52.1754
3005760,5.405697
3005761,323.85892
3005762,30.230467
3005763,1937.7625
3005764,618.6332
3005765,21.360409
3005766,24.425978
3005767,1798.9117
3005768,310.46835
3005769,6434.3394
3005770,369.67905
3005771,114.81589
3005772,10.766875
3005773,0.013697666
3005774,13.6320095
3005775,5698.8345
3005776,0.0084424345
3005777,876.95764
3005778,20.245121
3005779,2071.0928
3005780,1446.763
3005781,833.2801
3005782,141.67638
3005783,240.2524
3005784,9044.378
3005785,41.578735
3005786,1.9644709
3005787,28.425734
3005788,20.044203
3005789,0.5497178
3005790,588.039
3005791,22.023153
3005792,23.450724
3005793,7.1078234
3005794,163.50415
3005795,11.881972
3005796,1635.6704
3005797,693.7297
3005798,17.524424
3005799,27.74722
3005800,1082.1791
3005801,149.29068
3005802,2734.7964
3005803,298.83084
3005804,53.16328
3005805,13.98835
3005806,0.010693157
3005807,15.588104
3005808,8380.906
3005809,0.0033511517
3005810,1252.1471
3005811,30.545473
3005812,2318.198
3005813,2160.4004
3005814,754.95593
3005815,335.50693
3005816,306.8775
3005817,10096.761
3005818,66.41351
3005819,2.0321293
3005820,47.713074
3005821,50.32492
3005822,0.033666782
3005823,581.52466
3005824,20.791475
3005825,37.437996
3005826,8.274239
3005827,270.2
3005828,26.764637
3005829,1515.6927
3005830,642.8958
3005831,19.37672
3005832,23.762167
3005833,1424.8463
3005834,262.94476
3005835,5757.328
3005836,346.6298
3005837,103.28784
3005838,9.07632
3005839,0.028479356
3005840,14.462985
3005841,4384.286
3005842,0.0
3005843,642.78467
3005844,18.165428
3005845,1884.2644
3005846,1085.3219
3005847,674.79395
3005848,101.39028
3005849,166.32832
3005850,7725.4443
3005851,44.446342
3005852,0.48956674
3005853,27.479914
3005854,20.422977
3005855,0.11190943
3005856,534.54663
3005857,17.323088
3005858,16.87905
3005859,0.9503101
3005860,136.25345
3005861,7.2977686
3005862,1377.3579
3005863,592.8814
3005864,13.112701
3005865,19.107893
3005866,871.0505
3005867,102.70379
3005868,2018.1553
3005869,287.9165
3005870,20.64573
3005871,11.000458
3005872,0.02792233
3005873,10.444186
3005874,8303.219
3005875,0.0061232597
3005876,1357.5941
3005877,36.63963
3005878,1911.0096
3005879,2548.0264
3005880,468.75183
3005881,495.55823
3005882,414.63522
3005883,8380.891
3005884,67.39716
3005885,1.8252006
3005886,44.188324
3005887,34.918102
3005888,0.2920501
3005889,486.68076
3005890,13.456426
3005891,44.376835
3005892,11.811843
3005893,357.85602
3005894,26.381664
3005895,1511.3553
3005896,423.0751
3005897,17.872358
3005898,27.143898
3005899,1395.6713
3005900,287.1529
3005901,8379.491
3005902,270.95007
3005903,120.58741
3005904,5.6709166
3005905,0.15542197
3005906,5.4291296
3005907,1764.7617
3005908,0.014005679
3005909,328.66708
3005910,20.172499
3005911,733.11816
3005912,490.8916
3005913,214.06354
3005914,70.979164
3005915,92.153114
3005916,2668.831
3005917,22.188213
3005918,0.92763734
3005919,28.811155
3005920,19.986513
3005921,0.28546584
3005922,187.72638
3005923,7.564885
3005924,12.140372
3005925,9.513711
3005926,74.20392
3005927,8.123018
3005928,293.32056
3005929,197.91852
3005930,3.0616765
3005931,5.8588314
3005932,256.52527
3005933,54.072674
3005934,1493.5975
3005935,0.14701234
3005936,8.721585
3005937,9.135188
3005938,0.019299135
3005939,10.723706
3005940,4173.481
3005941,0.009229975
3005942,546.2908
3005943,28.451231
3005944,1499.6991
3005945,1059.3784
3005946,445.98105
3005947,104.05367
3005948,171.07709
3005949,6403.8364
3005950,77.5616
3005951,1.1375265
3005952,48.6065
3005953,28.476746
3005954,0.036000848
3005955,391.7627
3005956,12.146585
3005957,7.852248
3005958,3.0993257
3005959,190.67572
3005960,13.167437
3005961,778.7131
3005962,419.05643
3005963,9.564065
3005964,22.659512
3005965,463.5457
3005966,89.70731
3005967,2237.999
3005968,244.40353
3005969,20.960709
3005970,6.0314636
3005971,0.014062132
3005972,4.8539634
3005973,4712.231
3005974,0.05113696
3005975,987.5303
3005976,18.776276
3005977,1413.0906
3005978,1690.4606
3005979,300.6932
3005980,356.06787
3005981,284.0004
3005982,4960.017
3005983,34.989952
3005984,1.9189236
3005985,28.95351
3005986,36.270557
3005987,0.5484208
3005988,311.113
3005989,2.1594653
3005990,48.63449
3005991,6.9082265
3005992,212.23143
3005993,16.416697
3005994,1150.8666
3005995,275.37784
3005996,18.335838
3005997,9.306808
3005998,1288.53
3005999,141.44212
3006000,5212.4355
3006001,1.874047
3006002,74.28174
3006003,9.701667
3006004,0.011644645
3006005,5.736796
3006006,4109.1533
3006007,0.0013835456
3006008,739.17163
3006009,21.174484
3006010,1338.8611
3006011,1280.0625
3006012,412.6265
3006013,141.083
3006014,293.3009
3006015,5126.3394
3006016,36.382984
3006017,1.8381627
3006018,47.30163
3006019,34.759293
3006020,0.020794623
3006021,306.32953
3006022,5.570482
3006023,61.015965
3006024,11.393813
3006025,332.95987
3006026,13.175113
3006027,765.2146
3006028,279.7955
3006029,12.838645
3006030,19.770952
3006031,495.62073
3006032,162.44765
3006033,4586.661
3006034,3.1376095
3006035,6.2701683
3006036,7.7153206
3006037,0.07394982
3006038,3.6420684
3006039,2077.5488
3006040,0.032508094
3006041,406.82437
3006042,8.675097
3006043,822.13837
3006044,450.74557
3006045,218.20576
3006046,88.50399
3006047,143.59932
3006048,3168.9617
3006049,14.6049385
3006050,0.86821353
3006051,28.134714
3006052,22.107124
3006053,0.09110826
3006054,173.7789
3006055,3.21452
3006056,17.291727
3006057,5.070545
3006058,128.69391
3006059,4.974912
3006060,443.9884
3006061,184.58139
3006062,5.1174483
3006063,5.7919793
3006064,249.90993
3006065,63.810074
3006066,2116.9827
3006067,0.19898877
3006068,4.265497
3006069,5.189476
3006070,0.036070507
3006071,0.36582035
3006072,2111.111
3006073,0.0
3006074,174.39287
3006075,5.389979
3006076,875.34155
3006077,219.29889
3006078,230.97476
3006079,47.279305
3006080,34.999565
3006081,2841.8093
3006082,6.2033877
3006083,0.55320656
3006084,18.573687
3006085,11.982942
3006086,0.052743595
3006087,162.78142
3006088,0.016403725
3006089,0.0
3006090,3.7983913
3006091,21.270569
3006092,1.5070903
3006093,45.023357
3006094,133.01659
3006095,0.16680542
3006096,1.6960771
3006097,49.28744
3006098,67.02617
3006099,653.1336
3006100,0.042556684
3006101,0.87472415
3006102,3.9482245
3006103,0.01644171
3006104,5.166764
3006105,3756.622
3006106,0.0024707988
3006107,569.286
3006108,15.015724
3006109,1116.0173
3006110,1001.5482
3006111,338.1006
3006112,149.6615
3006113,164.09634
3006114,4905.4097
3006115,32.231567
3006116,1.2442179
3006117,25.500908
3006118,28.37242
3006119,0.17583875
3006120,267.4569
3006121,19.084215
3006122,18.444145
3006123,8.486035
3006124,113.04719
3006125,10.5235815
3006126,645.31055
3006127,264.88202
3006128,6.925599
3006129,12.873712
3006130,697.4532
3006131,96.28189
3006132,2539.5735
3006133,0.06897599
3006134,46.27288
3006135,4.2408724
3006136,0.017732922
3006137,3.6071935
3006138,4214.1733
3006139,0.005393694
3006140,799.46747
3006141,21.304901
3006142,1058.6
3006143,1472.6154
3006144,204.21526
3006145,297.86935
3006146,266.1279
3006147,3943.1406
3006148,45.053432
3006149,2.0723207
3006150,29.200476
3006151,24.589205
3006152,0.7251508
3006153,224.85652
3006154,12.683676
3006155,49.235397
3006156,8.353362
3006157,256.78622
3006158,19.315968
3006159,791.0658
3006160,217.34221
3006161,7.544245
3006162,14.727364
3006163,862.44073
3006164,159.32787
3006165,5139.2896
3006166,1.1193097
3006167,55.950962
3006168,3.9728894
3006169,0.07439551
3006170,9.436813
3006171,4875.4893
3006172,0.042012095
3006173,894.72473
3006174,23.920496
3006175,1305.9597
3006176,1600.2594
3006177,337.04733
3006178,329.3198
3006179,203.44542
3006180,5195.533
3006181,42.910664
3006182,2.8384144
3006183,38.776855
3006184,39.5213
3006185,0.015171138
3006186,373.29385
3006187,28.10214
3006188,43.02885
3006189,22.823885
3006190,183.48257
3006191,22.437021
3006192,869.80554
3006193,327.65158
3006194,16.232235
3006195,28.165598
3006196,830.3724
3006197,190.73314
3006198,4694.438
3006199,0.23416376
3006200,59.715458
3006201,9.226319
3006202,0.22336702
3006203,4.396342
3006204,3472.9766
3006205,0.00705784
3006206,448.1809
3006207,17.4181
3006208,1418.1204
3006209,781.9313
3006210,616.87885
3006211,111.98498
3006212,85.52604
3006213,5809.2363
3006214,13.561117
3006215,0.5379623
3006216,41.989075
3006217,27.898697
3006218,0.05138967
3006219,337.85037
3006220,8.736477
3006221,4.6135173
3006222,5.83176
3006223,56.993412
3006224,3.7303667
3006225,354.7786
3006226,329.05466
3006227,5.087587
3006228,7.258662
3006229,435.3208
3006230,93.87044
3006231,1220.7457
3006232,91.79623
3006233,17.701931
3006234,3.671966
3006235,0.070071384
3006236,2.9202507
3006237,2240.5972
3006238,0.013301804
3006239,346.21497
3006240,10.240558
3006241,553.77814
3006242,651.41785
3006243,134.05879
3006244,127.83432
3006245,122.3877
3006246,2560.6328
3006247,18.451841
3006248,1.48016
3006249,16.942513
3006250,20.692343
3006251,0.043669295
3006252,165.58746
3006253,15.445131
3006254,8.876944
3006255,4.690107
3006256,120.33339
3006257,10.595223
3006258,268.55698
3006259,142.11163
3006260,5.9309196
3006261,8.602795
3006262,265.04153
3006263,74.56362
3006264,2172.1443
3006265,0.88620365
3006266,22.862843
3006267,1.8778598
3006268,0.7197479
3006269,1.8332369
3006270,1508.2043
3006271,0.0
3006272,96.573364
3006273,5.8030047
3006274,837.76434
3006275,286.09274
3006276,255.84735
3006277,35.5903
3006278,49.581825
3006279,2756.9846
3006280,6.470458
3006281,0.4501847
3006282,12.619497
3006283,7.848364
3006284,0.05994515
3006285,184.56087
3006286,7.0360136
3006287,0.038755797
3006288,2.3783586
3006289,20.088236
3006290,1.6620677
3006291,156.2108
3006292,170.5647
3006293,1.4717145
3006294,3.812097
3006295,144.19531
3006296,29.703428
3006297,263.74164
3006298,8.7895155
3006299,3.2809567
3006300,8.339805
3006301,0.37952903
3006302,6.2150664
3006303,5386.1724
3006304,0.003852677
3006305,536.01245
3006306,19.758724
3006307,2036.1432
3006308,634.97736
3006309,473.06323
3006310,104.59598
3006311,118.742905
3006312,7677.7114
3006313,27.54405
3006314,0.54880714
3006315,32.244427
3006316,20.142803
3006317,0.11018642
3006318,426.96564
3006319,13.871384
3006320,4.5832734
3006321,9.871945
3006322,61.73107
3006323,4.9361954
3006324,500.37378
3006325,347.60617
3006326,2.2141857
3006327,16.397198
3006328,355.74316
3006329,80.79802
3006330,1222.6149
3006331,23.455101
3006332,11.483061
3006333,5.6367664
3006334,0.051971074
3006335,1.0770528
3006336,1870.298
3006337,0.0
3006338,148.39299
3006339,12.608069
3006340,737.8345
3006341,364.4285
3006342,209.2648
3006343,47.05878
3006344,47.578445
3006345,2941.41
3006346,9.9988785
3006347,0.3883395
3006348,15.829069
3006349,15.937748
3006350,0.07868787
3006351,169.91457
3006352,7.19055
3006353,0.0
3006354,3.5953221
3006355,54.53061
3006356,1.9765847
3006357,129.6275
3006358,155.82477
3006359,1.7198212
3006360,5.516288
3006361,146.66096
3006362,42.287884
3006363,331.0053
3006364,11.0433855
3006365,4.697487
3006366,5.030947
3006367,0.026957309
3006368,3.072494
3006369,1811.507
3006370,0.0
3006371,120.22744
3006372,7.402114
3006373,853.06366
3006374,308.094
3006375,182.19432
3006376,44.508644
3006377,36.29587
3006378,3085.0874
3006379,14.639798
3006380,0.16086143
3006381,13.760376
3006382,11.021584
3006383,0.11552503
3006384,179.9889
3006385,2.0650654
3006386,0.025351765
3006387,2.28309
3006388,47.14484
3006389,1.4650545
3006390,168.44514
3006391,191.59868
3006392,0.8649894
3006393,5.246142
3006394,144.99341
3006395,27.766916
3006396,212.46826
3006397,9.071504
3006398,2.2023857
3006399,4.3356028
3006400,0.023318203
3006401,1.989125
3006402,1892.2642
3006403,0.0
3006404,187.99673
3006405,9.035203
3006406,1239.8671
3006407,500.00336
3006408,296.81064
3006409,35.62695
3006410,77.53965
3006411,3612.7837
3006412,3.802041
3006413,0.5007329
3006414,15.386534
3006415,22.08703
3006416,0.06820072
3006417,317.65915
3006418,0.0
3006419,0.047416855
3006420,3.3818789
3006421,36.44313
3006422,3.683382
3006423,408.18008
3006424,331.47424
3006425,1.3386276
3006426,5.6962166
3006427,118.5218
3006428,87.327835
3006429,474.30814
3006430,13.6269865
3006431,7.542186
3006432,5.048994
3006433,0.63780236
3006434,2.3457358
3006435,1702.2676
3006436,0.0008905321
3006437,130.07536
3006438,6.71049
3006439,807.7323
3006440,335.93884
3006441,225.4451
3006442,84.31075
3006443,65.991516
3006444,2820.515
3006445,8.002664
3006446,0.8801153
3006447,12.066126
3006448,16.094883
3006449,0.036828764
3006450,198.91449
3006451,8.35475
3006452,0.0
3006453,5.561865
3006454,32.93389
3006455,2.4098263
3006456,124.77356
3006457,173.13786
3006458,1.1177194
3006459,3.982975
3006460,108.85743
3006461,35.325092
3006462,577.45575
3006463,4.8026204
3006464,4.9316726
3006465,4.0662327
3006466,0.036582395
3006467,1.0807102
3006468,1266.6903
3006469,0.0033646077
3006470,118.12431
3006471,7.0949984
3006472,746.1025
3006473,203.63385
3006474,148.46025
3006475,71.766266
3006476,43.294052
3006477,2149.54
3006478,2.418649
3006479,0.26835078
3006480,16.036419
3006481,7.324953
3006482,0.05200493
3006483,154.8436
3006484,0.015031977
3006485,0.024698708
3006486,2.5626915
3006487,48.691822
3006488,1.4711366
3006489,48.445805
3006490,116.90603
3006491,1.1220975
3006492,2.4822628
3006493,62.58491
3006494,30.401728
3006495,503.24704
3006496,0.0
3006497,1.0525453
3006498,9.082666
3006499,0.29312357
3006500,2.9911654
3006501,3957.3127
3006502,0.002461896
3006503,378.779
3006504,9.42097
3006505,1306.6929
3006506,838.79926
3006507,517.8573
3006508,193.71646
3006509,165.17253
3006510,5017.778
3006511,21.413624
3006512,1.7646017
3006513,30.047684
3006514,28.127386
3006515,0.029317081
3006516,314.44925
3006517,0.026703188
3006518,0.017300194
3006519,4.556232
3006520,84.08106
3006521,7.312167
3006522,241.63287
3006523,277.88947
3006524,4.2064157
3006525,11.289898
3006526,329.28262
3006527,80.46482
3006528,1472.1812
3006529,27.526096
3006530,19.798094
3006531,4.177626
3006532,0.20904513
3006533,3.5352426
3006534,2664.5215
3006535,0.009304148
3006536,587.7082
3006537,10.318517
3006538,791.3091
3006539,759.2678
3006540,251.2374
3006541,206.74837
3006542,75.39458
3006543,3322.6536
3006544,11.036376
3006545,0.25416616
3006546,24.47067
3006547,17.257277
3006548,0.04568583
3006549,227.41753
3006550,10.712757
3006551,2.6583757
3006552,5.206198
3006553,88.84346
3006554,4.14405
3006555,124.31357
3006556,199.34793
3006557,4.043263
3006558,7.7792854
3006559,212.14116
3006560,79.94588
3006561,1678.572
3006562,46.44981
3006563,20.566708
3006564,9.577356
3006565,0.28750658
3006566,4.5698113
3006567,3512.9446
3006568,0.0023269267
3006569,189.62152
3006570,9.31616
3006571,1471.4282
3006572,492.2638
3006573,367.06107
3006574,62.041042
3006575,59.757973
3006576,4482.0127
3006577,16.795708
3006578,1.5641205
3006579,20.32118
3006580,14.756627
3006581,0.040660366
3006582,294.98605
3006583,11.663299
3006584,0.02732195
3006585,3.9945436
3006586,48.371662
3006587,4.6744213
3006588,222.52196
3006589,278.98608
3006590,2.4554274
3006591,7.3555403
3006592,257.55023
3006593,37.059914
3006594,541.3465
3006595,12.316601
3006596,6.7766657
3006597,7.0188875
3006598,0.019186199
3006599,9.206778
3006600,3693.5637
3006601,0.009419239
3006602,672.72
3006603,14.068028
3006604,960.0402
3006605,1008.2537
3006606,262.8091
3006607,184.5322
3006608,157.5064
3006609,4572.6733
3006610,44.89329
3006611,1.4085479
3006612,20.426615
3006613,21.87943
3006614,0.05206726
3006615,294.37924
3006616,29.141642
3006617,15.654421
3006618,4.351603
3006619,152.1925
3006620,16.605255
3006621,426.57605
3006622,307.07224
3006623,10.362407
3006624,10.398523
3006625,489.885
3006626,110.5168
3006627,2526.5813
3006628,0.15623367
3006629,36.35424
3006630,10.116103
3006631,0.37675336
3006632,6.2328405
3006633,4320.9824
3006634,0.005838444
3006635,491.78278
3006636,14.952068
3006637,1508.7427
3006638,921.75696
3006639,625.5171
3006640,105.89034
3006641,127.53401
3006642,6538.3936
3006643,16.792114
3006644,0.59791315
3006645,24.573067
3006646,17.992947
3006647,0.036502264
3006648,377.25797
3006649,7.3750334
3006650,7.3576517
3006651,4.335921
3006652,76.74028
3006653,3.378933
3006654,315.8337
3006655,382.2215
3006656,6.0649586
3006657,8.417049
3006658,324.71793
3006659,80.716965
3006660,1161.4795
3006661,52.89961
3006662,25.530191
3006663,11.229676
3006664,0.19744155
3006665,5.508727
3006666,3686.6396
3006667,0.0009043132
3006668,601.2134
3006669,10.822213
3006670,1530.6819
3006671,730.6935
3006672,387.29126
3006673,268.03128
3006674,147.80786
3006675,5139.206
3006676,21.08341
3006677,1.1969006
3006678,46.325928
3006679,26.806616
3006680,0.16274233
3006681,348.47864
3006682,6.5131707
3006683,5.446442
3006684,9.257789
3006685,104.45499
3006686,3.378326
3006687,133.41594
3006688,331.52213
3006689,3.381887
3006690,6.9421678
3006691,192.26143
3006692,171.77611
3006693,1389.4025
3006694,0.12496091
3006695,9.673795
3006696,4.4176826
3006697,0.126132
3006698,2.1974332
3006699,1566.7042
3006700,0.0
3006701,115.70365
3006702,12.7889
3006703,582.8244
3006704,325.66733
3006705,154.75356
3006706,45.928333
3006707,82.02698
3006708,2515.239
3006709,8.088898
3006710,1.4037724
3006711,25.665516
3006712,21.428988
3006713,0.119136654
3006714,163.31302
3006715,0.005857749
3006716,0.024748426
3006717,6.173728
3006718,49.564125
3006719,4.419278
3006720,93.72398
3006721,133.40697
3006722,2.066646
3006723,6.5886683
3006724,109.96705
3006725,33.284355
3006726,404.95596
3006727,7.1630936
3006728,1.6317356
3006729,2.8475742
3006730,0.013376216
3006731,1.7310791
3006732,1555.0101
3006733,0.14885968
3006734,261.4678
3006735,15.505751
3006736,523.7942
3006737,472.82504
3006738,131.67104
3006739,50.359364
3006740,93.77684
3006741,2027.7734
3006742,25.77112
3006743,0.33440194
3006744,12.799839
3006745,13.532736
3006746,0.09378529
3006747,140.25641
3006748,13.259356
3006749,3.3723335
3006750,3.4622393
3006751,91.54021
3006752,7.4146547
3006753,420.9684
3006754,148.76373
3006755,2.720792
3006756,4.243447
3006757,240.648
3006758,41.581882
3006759,1225.7778
3006760,0.10627283
3006761,9.371268
3006762,3.4145036
3006763,0.10648339
3006764,7.0673676
3006765,4118.8896
3006766,0.05070838
3006767,858.5686
3006768,17.42924
3006769,1226.1241
3006770,1418.429
3006771,320.62186
3006772,273.8455
3006773,199.38939
3006774,4744.923
3006775,31.069466
3006776,1.1730204
3006777,23.786243
3006778,40.72562
3006779,0.043559875
3006780,312.89865
3006781,11.992491
3006782,41.07094
3006783,8.632226
3006784,150.45383
3006785,18.35888
3006786,418.37238
3006787,317.93552
3006788,17.662579
3006789,12.939529
3006790,526.8012
3006791,118.410484
3006792,3597.7715
3006793,0.0649484
3006794,24.095503
3006795,2.1383793
3006796,0.032890588
3006797,3.05085
3006798,3334.1033
3006799,0.0
3006800,345.99814
3006801,8.77403
3006802,587.15094
3006803,705.0733
3006804,157.26714
3006805,149.1132
3006806,155.45206
3006807,2511.2732
3006808,18.330147
3006809,1.4679906
3006810,22.551813
3006811,21.27795
3006812,0.07524701
3006813,122.25704
3006814,0.00049173995
3006815,31.486954
3006816,6.012416
3006817,414.28262
3006818,14.50765
3006819,187.31252
3006820,137.8352
3006821,5.6761403
3006822,9.840482
3006823,199.78557
3006824,47.91082
3006825,1839.9163
3006826,1.3617079
3006827,3.7255425
3006828,4.917483
3006829,0.03231893
3006830,0.7232251
3006831,1102.849
3006832,0.009244532
3006833,230.1301
3006834,8.66874
3006835,437.03433
3006836,266.7515
3006837,74.81258
3006838,38.46221
3006839,55.534283
3006840,1754.2632
3006841,4.1272955
3006842,0.5388998
3006843,12.504375
3006844,10.298045
3006845,0.16132247
3006846,93.4712
3006847,0.24753015
3006848,9.891091
3006849,1.6879232
3006850,28.293995
3006851,0.23203728
3006852,231.69843
3006853,117.821594
3006854,1.7694345
3006855,1.1709578
3006856,135.54895
3006857,18.384901
3006858,529.68317
3006859,0.36131123
3006860,2.5963528
3006861,8.867308
3006862,0.09308956
3006863,2.7787468
3006864,3764.7153
3006865,0.007990525
3006866,721.9752
3006867,22.19461
3006868,1084.5442
3006869,1207.0199
3006870,328.95425
3006871,257.19443
3006872,274.4167
3006873,4449.485
3006874,24.08827
3006875,2.6017642
3006876,25.27543
3006877,23.763336
3006878,0.21389315
3006879,252.03947
3006880,10.710741
3006881,45.870514
3006882,11.258305
3006883,304.6713
3006884,9.411329
3006885,324.8139
3006886,257.83
3006887,11.341159
3006888,10.407593
3006889,435.64587
3006890,80.70135
3006891,3073.4458
3006892,1.4773393
3006893,20.743492
3006894,8.470836
3006895,0.07430668
3006896,2.573384
3006897,4074.9207
3006898,0.0025524234
3006899,675.591
3006900,20.171858
3006901,1411.4275
3006902,992.3329
3006903,415.40652
3006904,278.068
3006905,139.5409
3006906,5413.894
3006907,14.647052
3006908,0.5556588
3006909,43.671288
3006910,22.152206
3006911,0.9025998
3006912,296.03375
3006913,0.0
3006914,7.067313
3006915,6.11378
3006916,127.10326
3006917,1.4592083
3006918,235.10222
3006919,383.21906
3006920,6.3392563
3006921,5.3515186
3006922,265.97635
3006923,89.05843
3006924,1738.7394
3006925,1.3788149
3006926,8.185018
3006927,7.7952595
3006928,0.30191115
3006929,3.0396247
3006930,3519.5393
3006931,0.0031101091
3006932,667.8698
3006933,18.76797
3006934,1130.3405
3006935,847.8214
3006936,320.09717
3006937,236.24
3006938,132.24277
3006939,4441.7627
3006940,17.914116
3006941,0.72347474
3006942,30.824724
3006943,19.634289
3006944,0.3365727
3006945,262.30566
3006946,0.0
3006947,7.4212484
3006948,6.5289345
3006949,185.15039
3006950,3.0263247
3006951,129.69316
3006952,287.36542
3006953,7.5447826
3006954,5.636686
3006955,208.30249
3006956,71.463844
3006957,1291.4923
3006958,1.5071912
3006959,10.38195
3006960,11.802762
3006961,0.8904444
3006962,22.780222
3006963,9893.399
3006964,0.01052347
3006965,1289.5623
3006966,48.34768
3006967,2279.2305
3006968,2522.949
3006969,542.1493
3006970,589.8872
3006971,420.1579
3006972,9435.2705
3006973,80.55099
3006974,3.6021342
3006975,65.57108
3006976,61.395756
3006977,0.01028787
3006978,649.06647
3006979,64.7248
3006980,58.332718
3006981,28.286829
3006982,319.90247
3006983,44.57465
3006984,867.794
3006985,657.4573
3006986,27.238008
3006987,34.722496
3006988,1177.4437
3006989,310.9291
3006990,8256.594
3006991,2.3585544
3006992,99.180984
3006993,3.5124207
3006994,0.076163344
3006995,1.0254211
3006996,1532.1506
3006997,0.0
3006998,146.59155
3006999,5.1477537
3007000,486.12158
3007001,279.16504
3007002,115.75965
3007003,124.42703
3007004,62.95241
3007005,1972.0363
3007006,5.1138206
3007007,0.23217946
3007008,14.047379
3007009,8.566021
3007010,0.045236357
3007011,108.679054
3007012,0.9084507
3007013,0.0
3007014,2.0590224
3007015,70.387764
3007016,1.3006473
3007017,58.41049
3007018,100.06536
3007019,2.6137013
3007020,2.4158056
3007021,93.2643
3007022,18.892483
3007023,483.9042
3007024,0.0042458056
3007025,5.8725147
3007026,10.50635
3007027,0.407858
3007028,2.5159094
3007029,3529.9863
3007030,0.007411692
3007031,608.44696
3007032,15.865114
3007033,1521.4924
3007034,834.6083
3007035,265.3632
3007036,252.35362
3007037,141.85432
3007038,5067.3438
3007039,12.236775
3007040,0.53620505
3007041,25.27897
3007042,19.18043
3007043,0.20380186
3007044,319.23538
3007045,1.4914834
3007046,6.181783
3007047,9.507276
3007048,38.68553
3007049,2.0512755
3007050,322.54242
3007051,289.06555
3007052,4.088014
3007053,6.589841
3007054,131.67294
3007055,67.64175
3007056,1367.4482
3007057,1.7440846
3007058,7.1686907
3007059,1.8772767
3007060,0.03859316
3007061,0.49641427
3007062,1205.9363
3007063,0.0
3007064,96.41781
3007065,5.360603
3007066,536.5504
3007067,206.95134
3007068,102.007706
3007069,130.97609
3007070,26.610971
3007071,1949.8756
3007072,3.2789154
3007073,0.21673377
3007074,9.21409
3007075,4.7289467
3007076,0.051778343
3007077,90.35259
3007078,0.021868842
3007079,0.0
3007080,1.156415
3007081,42.234673
3007082,0.33010173
3007083,64.21469
3007084,92.33808
3007085,0.72359085
3007086,1.0052133
3007087,53.46529
3007088,11.796857
3007089,247.91223
3007090,0.02679358
3007091,2.0893698
3007092,9.58815
3007093,0.16879232
3007094,2.0263774
3007095,2283.0305
3007096,0.0056533874
3007097,270.85983
3007098,12.61555
3007099,1097.4922
3007100,490.5338
3007101,208.61551
3007102,124.46161
3007103,102.79689
3007104,3428.148
3007105,4.2337637
3007106,0.24307616
3007107,31.79734
3007108,20.449999
3007109,0.0639861
3007110,205.3238
3007111,0.0049169147
3007112,0.0060606534
3007113,13.284004
3007114,64.76348
3007115,3.2296076
3007116,248.19963
3007117,225.86661
3007118,2.8362105
3007119,3.814385
3007120,216.05914
3007121,34.428635
3007122,1355.6611
3007123,0.0251322
3007124,0.63901865
3007125,3.0641031
3007126,0.33040312
3007127,2.3412237
3007128,3399.4573
3007129,0.0078029092
3007130,683.1044
3007131,26.280207
3007132,1023.8832
3007133,724.99805
3007134,259.9695
3007135,123.31584
3007136,97.35102
3007137,4527.531
3007138,9.628218
3007139,2.8294475
3007140,37.515724
3007141,42.03856
3007142,0.3635511
3007143,246.0303
3007144,2.5034766
3007145,6.171519
3007146,4.734729
3007147,77.48305
3007148,3.212203
3007149,189.91461
3007150,316.3708
3007151,4.0464854
3007152,6.3078175
3007153,161.5222
3007154,42.454586
3007155,780.60034
3007156,3.5714688
3007157,2.4527311
3007158,5.1318445
3007159,0.098315515
3007160,0.39687508
3007161,1762.769
3007162,0.0
3007163,95.19447
3007164,3.3816
3007165,595.8077
3007166,207.13467
3007167,86.14274
3007168,128.04594
3007169,66.84347
3007170,2036.4326
3007171,5.615677
3007172,0.2791758
3007173,11.464857
3007174,9.663371
3007175,0.1127536
3007176,109.00137
3007177,0.037646078
3007178,0.0
3007179,0.18563469
3007180,64.093155
3007181,1.7905715
3007182,184.41599
3007183,97.218956
3007184,0.83624613
3007185,1.0002983
3007186,52.56489
3007187,19.40411
3007188,393.42328
3007189,0.08740229
3007190,0.22350442
3007191,6.0948687
3007192,0.044516653
3007193,1.0456731
3007194,3493.6848
3007195,0.0
3007196,535.37006
3007197,11.334828
3007198,1080.965
3007199,709.3032
3007200,230.12988
3007201,158.78645
3007202,165.65897
3007203,4491.368
3007204,7.18493
3007205,0.3095352
3007206,26.721966
3007207,12.180488
3007208,0.06357086
3007209,222.08646
3007210,0.020755196
3007211,33.937767
3007212,6.919045
3007213,124.224205
3007214,2.8977065
3007215,252.68147
3007216,230.42256
3007217,3.5563045
3007218,2.9798987
3007219,131.62347
3007220,52.832367
3007221,1201.5543
3007222,0.7619747
3007223,1.3360908
3007224,3.0158076
3007225,0.03074703
3007226,5.185373
3007227,2628.6328
3007228,0.0035309999
3007229,488.34396
3007230,10.93438
3007231,912.1292
3007232,876.93256
3007233,149.75363
3007234,114.60589
3007235,138.64096
3007236,3486.4402
3007237,37.647003
3007238,1.4198759
3007239,25.33356
3007240,22.281372
3007241,0.056235682
3007242,252.20651
3007243,25.486076
3007244,25.876183
3007245,2.430437
3007246,146.253
3007247,15.019903
3007248,212.88968
3007249,260.3421
3007250,10.262638
3007251,14.548889
3007252,227.73645
3007253,79.36502
3007254,2446.4504
3007255,0.8634716
3007256,14.600575
3007257,7.5928984
3007258,0.021432225
3007259,15.389097
3007260,3166.0398
3007261,0.0044222814
3007262,551.0816
3007263,17.36253
3007264,1208.3524
3007265,1045.3159
3007266,178.17212
3007267,109.11557
3007268,149.18939
3007269,4870.511
3007270,30.157001
3007271,0.5788293
3007272,32.721603
3007273,49.8582
3007274,0.03858592
3007275,404.46497
3007276,42.033077
3007277,18.310856
3007278,8.562851
3007279,107.887505
3007280,18.977446
3007281,189.1645
3007282,447.16638
3007283,10.336468
3007284,11.191519
3007285,173.097
3007286,103.03434
3007287,2420.009
3007288,2.8147616
3007289,21.166445
3007290,9.145083
3007291,0.15986659
3007292,4.584659
3007293,4007.2046
3007294,0.005049657
3007295,781.9477
3007296,14.353932
3007297,1519.2073
3007298,707.53406
3007299,240.39209
3007300,314.4694
3007301,99.98617
3007302,5699.8726
3007303,32.936092
3007304,0.9225075
3007305,27.695286
3007306,24.510733
3007307,0.097140856
3007308,340.2134
3007309,7.014037
3007310,19.242708
3007311,7.713933
3007312,102.336235
3007313,8.853578
3007314,236.28006
3007315,314.48022
3007316,7.254878
3007317,10.866645
3007318,232.32886
3007319,63.80903
3007320,1885.2986
3007321,7.505932
3007322,18.474585
3007323,4.9613175
3007324,0.010727676
3007325,4.180855
3007326,2956.0916
3007327,0.011405589
3007328,401.8548
3007329,11.268749
3007330,812.56244
3007331,878.04346
3007332,218.36617
3007333,165.18315
3007334,138.98656
3007335,3620.9746
3007336,21.219336
3007337,1.6855443
3007338,15.9800415
3007339,12.910951
3007340,0.074743
3007341,229.76031
3007342,24.618189
3007343,27.691927
3007344,2.9450893
3007345,154.87347
3007346,14.522328
3007347,363.71024
3007348,242.55394
3007349,7.886139
3007350,8.478687
3007351,381.47885
3007352,67.274704
3007353,2400.4243
3007354,0.14762156
3007355,26.946821
3007356,3.3875918
3007357,0.09882168
3007358,2.4038322
3007359,4423.125
3007360,0.00089697505
3007361,485.0909
3007362,17.977268
3007363,1970.4695
3007364,669.3961
3007365,340.78302
3007366,166.5316
3007367,108.60784
3007368,6377.8687
3007369,14.951524
3007370,1.4634175
3007371,33.844994
3007372,28.37976
3007373,0.14981373
3007374,402.58157
3007375,0.0058748364
3007376,0.09315857
3007377,10.415832
3007378,126.92318
3007379,4.6554995
3007380,150.34338
3007381,343.84393
3007382,4.3026304
3007383,11.052325
3007384,183.53748
3007385,59.16362
3007386,1254.6521
3007387,0.027259922
3007388,9.771836
3007389,8.140147
3007390,0.10308552
3007391,7.2046947
3007392,2768.5027
3007393,0.0075328727
3007394,566.6197
3007395,16.614056
3007396,1278.086
3007397,832.9054
3007398,270.15915
3007399,133.39351
3007400,244.74382
3007401,4120.56
3007402,41.258648
3007403,0.9444492
3007404,31.931618
3007405,32.100296
3007406,0.045727964
3007407,309.55984
3007408,25.532057
3007409,24.885675
3007410,10.319917
3007411,119.130424
3007412,17.906054
3007413,212.26154
3007414,341.90448
3007415,12.669667
3007416,9.628243
3007417,201.50476
3007418,69.14721
3007419,2267.0464
3007420,0.8777524
3007421,8.590451
3007422,6.3948016
3007423,0.015210891
3007424,4.8061705
3007425,2907.3296
3007426,0.009704346
3007427,568.1684
3007428,12.745088
3007429,926.9902
3007430,962.8645
3007431,193.68452
3007432,136.97856
3007433,155.05107
3007434,3659.4639
3007435,28.244114
3007436,0.8519485
3007437,24.109503
3007438,20.197714
3007439,0.15418321
3007440,261.0224
3007441,23.808123
3007442,32.30152
3007443,7.824725
3007444,102.092415
3007445,13.821633
3007446,252.00882
3007447,262.8884
3007448,7.9726496
3007449,11.748446
3007450,276.88458
3007451,65.281296
3007452,2651.113
3007453,0.25167423
3007454,17.84377
3007455,7.710559
3007456,0.019060152
3007457,3.997707
3007458,4647.189
3007459,0.0
3007460,533.19135
3007461,18.071066
3007462,1430.3423
3007463,757.42993
3007464,342.98206
3007465,155.86456
3007466,91.96302
3007467,4946.0137
3007468,11.118917
3007469,0.18046603
3007470,18.652237
3007471,18.86606
3007472,0.054292493
3007473,246.78131
3007474,0.00013107918
3007475,11.037314
3007476,0.2168147
3007477,196.4867
3007478,5.063289
3007479,229.98886
3007480,285.7083
3007481,3.2674084
3007482,2.1191173
3007483,204.49277
3007484,102.27161
3007485,1272.5417
3007486,2.5157716
3007487,0.19698043
3007488,19.167173
3007489,0.012431788
3007490,21.610203
3007491,11942.874
3007492,0.007831863
3007493,1816.1678
3007494,31.855919
3007495,2908.8027
3007496,3313.0698
3007497,761.91595
3007498,708.8048
3007499,569.6554
3007500,11788.547
3007501,89.246895
3007502,6.1060543
3007503,104.28636
3007504,156.05795
3007505,0.0
3007506,845.55945
3007507,41.906902
3007508,46.04788
3007509,24.34327
3007510,487.58667
3007511,44.104816
3007512,1100.7771
3007513,824.6408
3007514,44.890175
3007515,49.179234
3007516,1499.7106
3007517,396.2534
3007518,10623.936
3007519,483.71558
3007520,128.36496
3007521,18.737541
3007522,0.0091375215
3007523,15.529772
3007524,10790.853
3007525,0.0063874
3007526,1402.2186
3007527,35.538055
3007528,2944.0825
3007529,2704.9692
3007530,755.0936
3007531,446.0467
3007532,412.881
3007533,12222.034
3007534,86.416336
3007535,1.721391
3007536,76.90341
3007537,97.9038
3007538,0.27657482
3007539,795.6467
3007540,37.06061
3007541,49.86783
3007542,9.056401
3007543,364.75134
3007544,35.38722
3007545,1322.9469
3007546,885.949
3007547,31.26757
3007548,36.500103
3007549,1498.835
3007550,286.84912
3007551,7291.494
3007552,512.0448
3007553,98.521835
3007554,16.236792
3007555,0.015367085
3007556,23.620258
3007557,8060.6924
3007558,0.011010742
3007559,1138.9603
3007560,25.689356
3007561,2799.2708
3007562,1937.7883
3007563,1003.12225
3007564,206.70557
3007565,307.42795
3007566,12000.638
3007567,45.61961
3007568,2.8578537
3007569,44.40468
3007570,32.640995
3007571,0.870162
3007572,864.5819
3007573,48.51464
3007574,33.065514
3007575,8.36903
3007576,214.54524
3007577,14.003728
3007578,1041.0399
3007579,1032.4565
3007580,25.434996
3007581,37.966305
3007582,1030.02
3007583,175.19423
3007584,3762.3997
3007585,467.85492
3007586,56.20132
3007587,18.334908
3007588,0.01117792
3007589,25.449558
3007590,9972.334
3007591,0.0056815
3007592,1338.5748
3007593,28.869644
3007594,2669.2717
3007595,2516.6047
3007596,778.27966
3007597,440.95938
3007598,346.95917
3007599,11265.467
3007600,63.03205
3007601,2.8908956
3007602,63.804855
3007603,67.744995
3007604,0.0
3007605,750.8592
3007606,39.164963
3007607,36.54997
3007608,9.458891
3007609,327.12637
3007610,32.593994
3007611,936.5797
3007612,908.2102
3007613,25.865637
3007614,34.97265
3007615,1181.8845
3007616,262.95004
3007617,6282.0044
3007618,508.19012
3007619,85.12585
3007620,13.808688
3007621,0.013709146
3007622,23.73059
3007623,6300.685
3007624,0.0011119463
3007625,807.69916
3007626,23.691471
3007627,2587.9998
3007628,1518.6405
3007629,809.519
3007630,152.12459
3007631,234.66245
3007632,10213.345
3007633,51.01258
3007634,0.74405336
3007635,42.200195
3007636,31.367844
3007637,0.0068241283
3007638,781.0843
3007639,40.04081
3007640,23.259764
3007641,2.5229962
3007642,182.00468
3007643,11.289775
3007644,951.18005
3007645,960.03015
3007646,19.526072
3007647,31.650364
3007648,822.70215
3007649,136.79616
3007650,2732.7178
3007651,469.56653
3007652,25.35207
3007653,13.498402
3007654,0.06407184
3007655,13.813275
3007656,9142.27
3007657,0.008645619
3007658,1341.3295
3007659,31.884743
3007660,2017.9261
3007661,2563.9182
3007662,490.8644
3007663,542.0245
3007664,499.89874
3007665,9056.645
3007666,65.664856
3007667,1.9742463
3007668,51.44472
3007669,44.66951
3007670,0.13997415
3007671,594.4279
3007672,24.229994
3007673,43.45902
3007674,12.070478
3007675,379.6917
3007676,28.19273
3007677,845.9826
3007678,546.94415
3007679,22.432167
3007680,34.954113
3007681,994.5748
3007682,249.31648
3007683,8259.074
3007684,334.7911
3007685,89.64894
3007686,6.2616315
3007687,0.15756308
3007688,6.749831
3007689,1921.0685
3007690,0.023233728
3007691,384.57867
3007692,33.2282
3007693,828.5033
3007694,498.0487
3007695,230.5208
3007696,90.98956
3007697,124.10985
3007698,2969.6675
3007699,22.989708
3007700,1.1951368
3007701,34.26571
3007702,24.240036
3007703,0.1748498
3007704,229.46407
3007705,14.455477
3007706,10.78585
3007707,9.920687
3007708,99.06956
3007709,10.132446
3007710,235.16032
3007711,246.80682
3007712,3.45689
3007713,7.098996
3007714,220.20013
3007715,59.595196
3007716,1558.9817
3007717,0.09442403
3007718,8.211736
3007719,16.384552
3007720,0.0122128185
3007721,18.55688
3007722,5002.3564
3007723,0.010021321
3007724,705.01
3007725,34.341755
3007726,1928.6096
3007727,1218.4921
3007728,539.6867
3007729,133.09636
3007730,202.10529
3007731,7336.9375
3007732,75.463165
3007733,1.5232623
3007734,63.210213
3007735,42.16752
3007736,2.1391304
3007737,584.3726
3007738,27.560354
3007739,9.848244
3007740,6.1234183
3007741,200.40425
3007742,15.995247
3007743,580.7497
3007744,680.70184
3007745,14.3245945
3007746,31.16677
3007747,427.4847
3007748,98.34404
3007749,2713.4468
3007750,342.49756
3007751,22.906485
3007752,9.291891
3007753,0.013286584
3007754,6.6779804
3007755,5345.447
3007756,0.01794611
3007757,1054.2577
3007758,19.199059
3007759,1576.7728
3007760,1781.9199
3007761,267.1775
3007762,412.82535
3007763,338.8585
3007764,5502.839
3007765,38.76559
3007766,2.4149368
3007767,35.189
3007768,45.25335
3007769,0.68760574
3007770,370.48593
3007771,4.17818
3007772,46.90641
3007773,8.144169
3007774,294.66727
3007775,20.696367
3007776,658.698
3007777,354.89737
3007778,22.234478
3007779,11.003005
3007780,767.5169
3007781,132.3741
3007782,5662.574
3007783,2.2265685
3007784,46.61066
3007785,14.293209
3007786,0.0040402752
3007787,7.9910116
3007788,5067.0874
3007789,0.00021972686
3007790,821.96173
3007791,18.456736
3007792,1683.6719
3007793,1397.0399
3007794,410.35275
3007795,159.78294
3007796,449.65262
3007797,6102.488
3007798,46.16068
3007799,2.7572143
3007800,60.074936
3007801,53.163254
3007802,0.16171461
3007803,401.52567
3007804,10.4
3007805,68.06396
3007806,11.904139
3007807,507.90128
3007808,20.01851
3007809,514.0823
3007810,372.42035
3007811,16.303562
3007812,29.332928
3007813,422.48584
3007814,151.6347
3007815,5119.44
3007816,5.1699467
3007817,8.752675
3007818,11.883268
3007819,0.11725172
3007820,5.1586804
3007821,2614.7786
3007822,0.025878962
3007823,490.47055
3007824,12.479665
3007825,989.1644
3007826,560.88965
3007827,253.65346
3007828,111.95061
3007829,209.3019
3007830,3665.6514
3007831,18.796797
3007832,1.0283403
3007833,34.458355
3007834,29.92959
3007835,0.11822834
3007836,233.00473
3007837,6.231463
3007838,23.024492
3007839,6.78692
3007840,225.49736
3007841,7.119343
3007842,311.0859
3007843,262.66223
3007844,6.364517
3007845,8.800398
3007846,224.27228
3007847,64.9155
3007848,2429.5264
3007849,0.43001837
3007850,5.4873967
3007851,7.757679
3007852,0.051569477
3007853,1.2538359
3007854,2396.4084
3007855,0.0
3007856,207.34477
3007857,7.606821
3007858,1192.2756
3007859,251.3784
3007860,227.42102
3007861,61.19228
3007862,62.762344
3007863,3637.8945
3007864,7.3925953
3007865,1.1957603
3007866,24.697487
3007867,16.096914
3007868,0.039252598
3007869,231.22577
3007870,0.012995634
3007871,0.0
3007872,2.9349468
3007873,44.579945
3007874,2.2268121
3007875,53.477264
3007876,187.04117
3007877,0.2860689
3007878,2.7259877
3007879,50.432816
3007880,69.83719
3007881,771.1844
3007882,0.041268423
3007883,1.1300681
3007884,6.6984425
3007885,0.01257174
3007886,7.180827
3007887,4481.397
3007888,0.0042474815
3007889,638.2525
3007890,17.492113
3007891,1296.4235
3007892,1155.8293
3007893,391.998
3007894,192.84213
3007895,200.86942
3007896,5621.764
3007897,37.513298
3007898,2.2831943
3007899,32.162186
3007900,41.137135
3007901,0.050382894
3007902,355.0895
3007903,33.0696
3007904,22.19178
3007905,11.261932
3007906,165.0675
3007907,13.848153
3007908,457.0476
3007909,377.15015
3007910,10.385788
3007911,15.823742
3007912,625.688
3007913,102.72416
3007914,2793.98
3007915,0.02457137
3007916,42.21396
3007917,4.1871657
3007918,0.017041495
3007919,4.0278244
3007920,4226.92
3007921,0.006096034
3007922,691.75085
3007923,22.53866
3007924,836.77625
3007925,1322.2286
3007926,184.90007
3007927,273.9514
3007928,315.8313
3007929,3649.3508
3007930,36.646656
3007931,2.2804627
3007932,28.48433
3007933,28.586378
3007934,0.95747054
3007935,212.94537
3007936,17.536077
3007937,45.004684
3007938,6.2643933
3007939,311.90906
3007940,19.920938
3007941,425.21628
3007942,221.426
3007943,8.329594
3007944,14.053274
3007945,570.19446
3007946,154.35213
3007947,4572.713
3007948,2.108626
3007949,37.836468
3007950,5.087684
3007951,0.08329867
3007952,12.908016
3007953,5742.684
3007954,0.11472517
3007955,943.363
3007956,22.609924
3007957,1442.7754
3007958,1696.1548
3007959,364.85565
3007960,376.14423
3007961,218.52458
3007962,6231.814
3007963,40.0117
3007964,3.2109566
3007965,42.138493
3007966,46.35349
3007967,0.0060728863
3007968,449.50565
3007969,44.70647
3007970,39.5466
3007971,24.06665
3007972,196.58485
3007973,26.231314
3007974,483.71002
3007975,440.30487
3007976,20.94949
3007977,31.001259
3007978,619.4812
3007979,180.53828
3007980,5372.216
3007981,0.33354586
3007982,52.29389
3007983,11.90252
3007984,0.22554852
3007985,6.953672
3007986,4141.3105
3007987,0.007692568
3007988,521.4278
3007989,24.912807
3007990,1789.9362
3007991,937.49664
3007992,586.3354
3007993,155.98428
3007994,130.61197
3007995,7064.58
3007996,14.492732
3007997,0.8776294
3007998,55.900417
3007999,41.56211
3008000,0.034163367
3008001,445.6389
3008002,16.065832
3008003,7.0028086
3008004,7.1495123
3008005,88.89994
3008006,4.755791
3008007,372.99127
3008008,441.69846
3008009,7.927411
3008010,10.613523
3008011,387.8015
3008012,112.6781
3008013,1576.4674
3008014,146.50516
3008015,27.84911
3008016,1.4966962
3008017,0.03261032
3008018,1.25636
3008019,943.70886
3008020,0.00779432
3008021,146.16063
3008022,2.8499572
3008023,224.76048
3008024,310.80566
3008025,61.59058
3008026,68.19357
3008027,45.70428
3008028,1038.7032
3008029,7.149679
3008030,0.6295289
3008031,4.443252
3008032,8.089585
3008033,0.053838875
3008034,75.451645
3008035,4.7723413
3008036,4.3476067
3008037,1.5212162
3008038,37.777317
3008039,3.837998
3008040,112.75738
3008041,63.919136
3008042,3.1328983
3008043,3.3524933
3008044,116.301285
3008045,32.560852
3008046,1083.6511
3008047,0.8282696
3008048,10.42199
3008049,2.1804056
3008050,1.0563107
3008051,1.5075812
3008052,1500.6454
3008053,0.0
3008054,116.40234
3008055,3.0865316
3008056,690.384
3008057,330.60376
3008058,271.691
3008059,43.85575
3008060,32.90224
3008061,2889.3625
3008062,3.933229
3008063,0.4507354
3008064,9.425692
3008065,7.9316015
3008066,0.06580555
3008067,180.47856
3008068,8.641968
3008069,0.0
3008070,2.1345181
3008071,7.3925896
3008072,1.1612136
3008073,152.16797
3008074,164.576
3008075,1.6974967
3008076,3.8919177
3008077,131.54787
3008078,26.237968
3008079,296.25876
3008080,6.2407146
3008081,0.45004734
3008082,7.1105785
3008083,0.63065064
3008084,7.058283
3008085,5599.4053
3008086,0.0039185565
3008087,635.4227
3008088,10.609937
3008089,2264.5256
3008090,768.4035
3008091,556.99414
3008092,159.0622
3008093,96.383446
3008094,8200.361
3008095,20.727695
3008096,0.5287503
3008097,28.011684
3008098,21.892641
3008099,0.094604254
3008100,482.22156
3008101,15.035551
3008102,3.9364748
3008103,9.6558895
3008104,25.392374
3008105,4.773739
3008106,607.1824
3008107,417.061
3008108,2.1507077
3008109,16.136965
3008110,385.44638
3008111,73.90398
3008112,1468.6085
3008113,25.133486
3008114,11.2608595
3008115,5.2694626
3008116,0.09498064
3008117,0.77414274
3008118,1865.2455
3008119,0.0
3008120,168.19244
3008121,8.128903
3008122,701.8432
3008123,435.9108
3008124,197.06517
3008125,55.015053
3008126,35.251156
3008127,2909.1885
3008128,5.7033525
3008129,0.42163005
3008130,14.984043
3008131,16.381983
3008132,0.11048191
3008133,178.84439
3008134,6.4087358
3008135,0.0082154935
3008136,4.0045896
3008137,22.43296
3008138,1.9551551
3008139,116.31146
3008140,150.68597
3008141,1.9450922
3008142,6.4258842
3008143,137.1135
3008144,37.25476
3008145,333.6431
3008146,12.489277
3008147,4.487542
3008148,4.79168
3008149,0.07655046
3008150,2.51083
3008151,1480.3693
3008152,0.0
3008153,122.24129
3008154,5.743579
3008155,582.3091
3008156,271.71207
3008157,141.24312
3008158,52.605724
3008159,25.771471
3008160,2185.9263
3008161,8.677139
3008162,0.18272777
3008163,10.822441
3008164,9.813723
3008165,0.088951066
3008166,134.15762
3008167,3.0011683
3008168,0.0007370445
3008169,2.584941
3008170,16.026451
3008171,1.3567154
3008172,90.32502
3008173,133.56407
3008174,1.3976274
3008175,5.212833
3008176,85.50112
3008177,22.993279
3008178,200.13591
3008179,10.93541
3008180,2.5480578
3008181,3.548555
3008182,0.042215336
3008183,1.262409
3008184,1286.0458
3008185,0.0
3008186,136.90068
3008187,5.337264
3008188,640.5886
3008189,364.95755
3008190,182.89397
3008191,32.053703
3008192,36.419193
3008193,2342.2173
3008194,1.1384342
3008195,0.5435034
3008196,7.272814
3008197,15.598291
3008198,0.09199082
3008199,175.82733
3008200,0.0019088106
3008201,0.03758318
3008202,2.7269115
3008203,18.326708
3008204,2.0615404
3008205,165.60463
3008206,157.63373
3008207,1.323353
3008208,4.074721
3008209,69.2047
3008210,60.5418
3008211,334.29477
3008212,9.740965
3008213,4.3322372
3008214,4.2999854
3008215,1.089781
3008216,2.2575176
3008217,1610.0612
3008218,0.0
3008219,134.95422
3008220,2.9857006
3008221,690.0036
3008222,297.85852
3008223,205.925
3008224,61.714592
3008225,43.12467
3008226,2400.9832
3008227,6.5544205
3008228,1.0570917
3008229,10.485226
3008230,14.816792
3008231,0.05652847
3008232,181.29227
3008233,9.561924
3008234,0.0
3008235,4.071629
3008236,14.441687
3008237,2.19725
3008238,118.99268
3008239,151.33936
3008240,1.0134315
3008241,4.2525754
3008242,100.35783
3008243,27.699205
3008244,518.2038
3008245,10.989625
3008246,3.6530557
3008247,5.2389164
3008248,0.09244921
3008249,1.7309654
3008250,1832.4473
3008251,0.0011500769
3008252,199.052
3008253,5.754107
3008254,1038.8955
3008255,320.42868
3008256,216.01816
3008257,113.59187
3008258,37.739643
3008259,2879.5908
3008260,5.4886785
3008261,0.28695652
3008262,19.85164
3008263,11.37278
3008264,0.06653836
3008265,226.05122
3008266,0.0124545405
3008267,0.02043108
3008268,2.817794
3008269,17.904274
3008270,1.9622567
3008271,61.15315
3008272,182.41441
3008273,1.646682
3008274,4.1941905
3008275,75.54481
3008276,37.14395
3008277,643.0727
3008278,0.15818201
3008279,1.862093
3008280,9.896666
3008281,0.5384079
3008282,4.3466926
3008283,4494.4067
3008284,0.0
3008285,514.51227
3008286,5.6453924
3008287,1487.7083
3008288,1127.6658
3008289,598.0704
3008290,283.35318
3008291,149.51817
3008292,5715.203
3008293,17.064213
3008294,1.770653
3008295,32.816727
3008296,30.592913
3008297,0.05211329
3008298,408.96326
3008299,0.01853476
3008300,0.0296941
3008301,4.94653
3008302,38.303272
3008303,7.4544563
3008304,303.61523
3008305,351.88873
3008306,4.8640265
3008307,14.621653
3008308,428.0936
3008309,85.53277
3008310,1882.0562
3008311,41.837837
3008312,21.534296
3008313,3.8464155
3008314,0.14366212
3008315,4.6580353
3008316,3171.1663
3008317,0.006275594
3008318,692.68365
3008319,5.6234417
3008320,767.89374
3008321,879.5529
3008322,245.97894
3008323,248.67181
3008324,72.1436
3008325,3527.7039
3008326,13.952155
3008327,0.75469947
3008328,25.738659
3008329,19.809963
3008330,0.034717735
3008331,256.60635
3008332,14.085358
3008333,1.1995125
3008334,8.115921
3008335,41.155262
3008336,3.910853
3008337,118.52431
3008338,220.23769
3008339,4.9549866
3008340,9.535031
3008341,224.86945
3008342,58.74332
3008343,2220.5667
3008344,37.636898
3008345,18.52002
3008346,6.7146773
3008347,0.3500211
3008348,3.4508953
3008349,2393.6982
3008350,0.0
3008351,150.81506
3008352,6.0642047
3008353,760.50867
3008354,380.84253
3008355,236.6322
3008356,55.63425
3008357,42.009968
3008358,3067.204
3008359,7.285446
3008360,1.2935243
3008361,12.394087
3008362,10.696873
3008363,0.07934575
3008364,174.80617
3008365,10.427196
3008366,0.0071054413
3008367,2.741367
3008368,25.147833
3008369,2.7293665
3008370,99.94958
3008371,149.73293
3008372,2.143991
3008373,6.4534535
3008374,69.89271
3008375,27.322426
3008376,464.2972
3008377,13.572491
3008378,3.7527456
3008379,7.0947723
3008380,0.014436703
3008381,11.03188
3008382,3958.034
3008383,0.0024984048
3008384,725.2397
3008385,7.4908
3008386,917.3122
3008387,1129.4701
3008388,260.29672
3008389,229.93533
3008390,143.33644
3008391,4928.038
3008392,42.863503
3008393,1.6550043
3008394,20.144825
3008395,18.878857
3008396,0.05083289
3008397,321.54117
3008398,39.011295
3008399,11.913285
3008400,4.8404417
3008401,71.492874
3008402,13.234678
3008403,385.6012
3008404,327.23123
3008405,11.064547
3008406,12.793093
3008407,519.5722
3008408,112.74447
3008409,2738.9558
3008410,0.0
3008411,39.347485
3008412,10.175759
3008413,0.5471823
3008414,8.833263
3008415,5707.4946
3008416,0.0013865299
3008417,733.3436
3008418,8.115865
3008419,1904.7782
3008420,1383.97
3008421,826.0617
3008422,187.06288
3008423,115.913414
3008424,8315.17
3008425,21.525063
3008426,0.73503375
3008427,29.189762
3008428,21.657276
3008429,0.11776754
3008430,472.3359
3008431,12.012704
3008432,6.9425426
3008433,6.020657
3008434,45.299114
3008435,3.538309
3008436,400.01068
3008437,490.2231
3008438,7.9800158
3008439,12.305855
3008440,448.0186
3008441,115.75052
3008442,1799.2396
3008443,61.99834
3008444,23.150024
3008445,12.01436
3008446,0.7376044
3008447,7.8660727
3008448,5032.2915
3008449,0.0
3008450,895.948
3008451,6.8122735
3008452,1984.284
3008453,1110.2627
3008454,521.831
3008455,357.5037
3008456,98.010445
3008457,6927.483
3008458,25.410427
3008459,1.4325554
3008460,54.369717
3008461,32.127686
3008462,0.5216435
3008463,457.91248
3008464,11.407318
3008465,5.896927
3008466,11.473558
3008467,57.19763
3008468,5.081736
3008469,153.99489
3008470,427.09546
3008471,4.0551357
3008472,10.409201
3008473,240.85272
3008474,197.2899
3008475,1810.2576
3008476,0.74667764
3008477,9.52595
3008478,5.566749
3008479,0.13546535
3008480,2.279794
3008481,1831.7025
3008482,0.0
3008483,155.58789
3008484,8.409255
3008485,638.0757
3008486,370.7879
3008487,164.84244
3008488,54.385273
3008489,47.932865
3008490,2708.8608
3008491,4.604297
3008492,1.174259
3008493,24.544817
3008494,22.882404
3008495,0.14453264
3008496,202.18762
3008497,0.0005786304
3008498,0.004960102
3008499,6.771248
3008500,19.954939
3008501,4.7905846
3008502,100.64784
3008503,157.16905
3008504,2.1197467
3008505,7.1658163
3008506,114.769066
3008507,31.73074
3008508,445.22037
3008509,6.2878036
3008510,1.626787
3008511,2.9965787
3008512,0.018229742
3008513,1.8683369
3008514,1698.8826
3008515,0.09519999
3008516,282.60977
3008517,10.016934
3008518,510.03387
3008519,496.8665
3008520,139.06589
3008521,45.915245
3008522,58.446476
3008523,2040.2018
3008524,20.735184
3008525,0.3458741
3008526,11.390282
3008527,13.649013
3008528,0.10120279
3008529,147.83142
3008530,15.790867
3008531,2.87698
3008532,3.5967002
3008533,37.291035
3008534,6.6580186
3008535,519.325
3008536,146.38885
3008537,3.4367032
3008538,5.2878103
3008539,270.7183
3008540,36.079247
3008541,1253.6155
3008542,0.089365385
3008543,8.892511
3008544,2.7349439
3008545,0.09131522
3008546,6.804164
3008547,4154.5977
3008548,0.014666558
3008549,827.17773
3008550,11.059447
3008551,1024.8484
3008552,1329.4413
3008553,257.1592
3008554,247.44194
3008555,123.11304
3008556,4473.4956
3008557,24.486586
3008558,0.98796034
3008559,18.695484
3008560,31.678963
3008561,0.06802284
3008562,273.85413
3008563,11.637469
3008564,32.259586
3008565,6.87554
3008566,53.390697
3008567,14.694663
3008568,335.49506
3008569,285.1972
3008570,16.516127
3008571,10.732931
3008572,434.14935
3008573,104.84723
3008574,3299.9763
3008575,0.028340885
3008576,21.774529
3008577,3.1604762
3008578,0.013022201
3008579,2.2249718
3008580,2442.1057
3008581,0.0
3008582,338.82123
3008583,5.985476
3008584,476.20212
3008585,655.31506
3008586,126.6132
3008587,107.882935
3008588,78.370705
3008589,2062.121
3008590,15.189074
3008591,1.1994083
3008592,17.758242
3008593,18.636461
3008594,0.051502794
3008595,104.503876
3008596,9.227225e-05
3008597,16.224918
3008598,4.4043555
3008599,112.92457
3008600,8.458149
3008601,144.91226
3008602,123.492615
3008603,3.860815
3008604,6.701231
3008605,153.01636
3008606,36.980507
3008607,1529.6816
3008608,2.4155369
3008609,3.4209862
3008610,5.241163
3008611,0.07995047
3008612,0.9638108
3008613,1465.134
3008614,0.0059422874
3008615,306.8916
3008616,5.167243
3008617,528.0823
3008618,393.84064
3008619,97.55524
3008620,43.03241
3008621,41.11808
3008622,2089.8254
3008623,5.193578
3008624,0.6336069
3008625,13.44047
3008626,11.872623
3008627,0.098949134
3008628,123.30031
3008629,0.5211526
3008630,7.9626684
3008631,0.66672564
3008632,12.958836
3008633,0.26057532
3008634,253.67361
3008635,147.71976
3008636,2.5098407
3008637,1.5379398
3008638,156.48181
3008639,23.962574
3008640,695.7328
3008641,0.77997375
3008642,2.7641747
3008643,10.745683
3008644,0.117668934
3008645,4.8294034
3008646,5396.694
3008647,0.004603818
3008648,993.7017
3008649,17.438944
3008650,1341.4191
3008651,1576.2433
3008652,407.0675
3008653,353.69754
3008654,201.20505
3008655,5773.5454
3008656,31.02311
3008657,3.0294118
3008658,26.344393
3008659,31.613533
3008660,0.21195558
3008661,376.16653
3008662,19.859373
3008663,46.50865
3008664,10.033305
3008665,123.792046
3008666,9.23261
3008667,388.21332
3008668,373.11472
3008669,14.747663
3008670,14.490419
3008671,562.94684
3008672,94.88508
3008673,3745.4795
3008674,3.1582212
3008675,18.992102
3008676,9.7565565
3008677,0.10257862
3008678,4.3027782
3008679,5618.0283
3008680,0.0
3008681,1029.1444
3008682,15.05216
3008683,1863.4346
3008684,1466.5118
3008685,560.30695
3008686,406.53433
3008687,98.59305
3008688,7054.0356
3008689,16.714495
3008690,0.79756296
3008691,48.398636
3008692,27.037224
3008693,1.3219473
3008694,457.76108
3008695,0.0
3008696,8.545506
3008697,7.101816
3008698,43.84392
3008699,1.0786846
3008700,283.01846
3008701,568.31226
3008702,8.023519
3008703,10.191083
3008704,316.16837
3008705,106.9911
3008706,2391.8447
3008707,3.626048
3008708,8.224263
3008709,8.528311
3008710,0.3818068
3008711,5.0077376
3008712,4594.517
3008713,0.0
3008714,1024.237
3008715,11.626353
3008716,1496.0212
3008717,1309.7006
3008718,386.68555
3008719,332.33176
3008720,92.19879
3008721,5719.2114
3008722,23.38037
3008723,0.76707304
3008724,33.78567
3008725,24.481287
3008726,0.27809608
3008727,376.61066
3008728,0.0
3008729,5.58814
3008730,6.5613976
3008731,70.88988
3008732,2.2090085
3008733,161.13379
3008734,402.74402
3008735,9.055304
3008736,8.208875
3008737,267.71997
3008738,81.9406
3008739,1737.5337
3008740,4.085527
3008741,8.256703
3008742,13.252103
3008743,1.0547984
3008744,25.7295
3008745,11324.587
3008746,0.008859248
3008747,1514.1877
3008748,29.99492
3008749,2292.0684
3008750,2805.5696
3008751,527.50385
3008752,632.4671
3008753,389.53323
3008754,10501.773
3008755,84.47216
3008756,4.176495
3008757,66.70134
3008758,61.217285
3008759,0.023150906
3008760,683.36017
3008761,71.05994
3008762,47.40453
3008763,27.203568
3008764,178.89876
3008765,40.8628
3008766,831.0529
3008767,727.49414
3008768,31.72792
3008769,38.121857
3008770,1282.0897
3008771,306.18008
3008772,9277.172
3008773,222.99356
3008774,106.23586
3008775,2.8939292
3008776,0.10812234
3008777,1.3052702
3008778,1701.6245
3008779,0.0
3008780,195.36345
3008781,3.214477
3008782,491.76917
3008783,355.5459
3008784,125.077034
3008785,128.53062
3008786,41.20305
3008787,2066.8445
3008788,6.5149784
3008789,0.32551968
3008790,13.648666
3008791,10.391612
3008792,0.045514937
3008793,125.43572
3008794,1.047715
3008795,0.005716688
3008796,2.2485921
3008797,27.69207
3008798,1.2172871
3008799,58.777912
3008800,111.10273
3008801,2.4642437
3008802,3.8025174
3008803,103.971756
3008804,19.087778
3008805,565.9732
3008806,0.0
3008807,4.240502
3008808,9.43747
3008809,0.8056973
3008810,3.5621967
3008811,4049.8562
3008812,0.0058717784
3008813,758.0544
3008814,11.36457
3008815,1484.9536
3008816,981.2978
3008817,308.26324
3008818,334.57245
3008819,72.56155
3008820,6079.22
3008821,14.762707
3008822,0.839005
3008823,29.032978
3008824,21.97772
3008825,0.29524314
3008826,360.54123
3008827,3.3879895
3008828,9.922434
3008829,8.833128
3008830,13.020451
3008831,2.2215252
3008832,350.97485
3008833,347.82135
3008834,4.204184
3008835,8.979284
3008836,144.21663
3008837,67.50536
3008838,1435.8252
3008839,3.1676078
3008840,5.9405136
3008841,2.1116357
3008842,0.060165923
3008843,0.54266083
3008844,1380.1765
3008845,0.0
3008846,137.22932
3008847,4.3035483
3008848,520.581
3008849,258.04483
3008850,113.57679
3008851,158.49384
3008852,23.366573
3008853,2122.6802
3008854,5.299225
3008855,0.2261586
3008856,11.089934
3008857,5.024357
3008858,0.051240094
3008859,93.15568
3008860,0.018761536
3008861,0.024877252
3008862,1.5357018
3008863,13.960877
3008864,0.29360497
3008865,71.135506
3008866,97.80519
3008867,0.5255797
3008868,1.0894225
3008869,61.666733
3008870,13.346606
3008871,244.97946
3008872,0.104169995
3008873,2.2029183
3008874,10.4137335
3008875,0.25181893
3008876,2.5617068
3008877,2896.9832
3008878,0.0
3008879,362.38226
3008880,8.17663
3008881,1297.431
3008882,618.9323
3008883,253.89279
3008884,155.84885
3008885,54.37719
3008886,4006.7231
3008887,2.2777655
3008888,0.19464128
3008889,29.816479
3008890,23.954071
3008891,0.09023344
3008892,264.0395
3008893,0.004567233
3008894,0.0
3008895,14.255667
3008896,19.388783
3008897,2.8054414
3008898,302.43085
3008899,280.93106
3008900,3.17375
3008901,4.868155
3008902,234.4926
3008903,38.90098
3008904,1405.0276
3008905,0.050257932
3008906,0.8456558
3008907,2.6972928
3008908,0.3757817
3008909,1.7429407
3008910,2970.2031
3008911,0.0025230234
3008912,699.67285
3008913,11.887925
3008914,832.1804
3008915,669.1852
3008916,209.75465
3008917,123.00928
3008918,60.282524
3008919,3916.4949
3008920,7.936716
3008921,1.5913267
3008922,27.539124
3008923,39.99295
3008924,0.25121334
3008925,199.06477
3008926,2.8558657
3008927,4.046436
3008928,3.1210752
3008929,28.711597
3008930,2.4138238
3008931,163.09378
3008932,241.49916
3008933,3.2026281
3008934,5.651553
3008935,128.51086
3008936,32.60564
3008937,724.52185
3008938,6.375042
3008939,1.7259583
3008940,5.2643003
3008941,0.11246028
3008942,0.49098423
3008943,1853.3925
3008944,0.0
3008945,135.75891
3008946,2.348569
3008947,677.72754
3008948,255.92206
3008949,112.54516
3008950,152.39235
3008951,38.582397
3008952,2309.1387
3008953,5.6044426
3008954,0.25837198
3008955,11.369075
3008956,10.359847
3008957,0.10796875
3008958,129.04256
3008959,0.022898402
3008960,0.0
3008961,0.23699102
3008962,35.570972
3008963,1.6991401
3008964,193.53624
3008965,116.754326
3008966,1.3715303
3008967,1.3665287
3008968,53.67787
3008969,21.72517
3008970,425.45575
3008971,0.10493586
3008972,0.30756524
3008973,5.275056
3008974,0.066081926
3008975,1.0365307
3008976,3874.0315
3008977,0.0
3008978,638.59644
3008979,8.560424
3008980,1101.3478
3008981,824.26135
3008982,248.11432
3008983,156.59735
3008984,73.10852
3008985,4696.386
3008986,7.503422
3008987,0.22574618
3008988,23.763655
3008989,13.325995
3008990,0.06770409
3008991,234.01987
3008992,0.013424298
3008993,22.650724
3008994,5.5948944
3008995,52.079235
3008996,2.4562838
3008997,226.55348
3008998,237.86755
3008999,3.6700506
3009000,4.332058
3009001,123.169624
3009002,55.867813
3009003,1289.7838
3009004,1.0495288
3009005,1.4352219
3009006,2.7880948
3009007,0.0370491
3009008,5.7211885
3009009,2119.4543
3009010,0.0009804402
3009011,390.27213
3009012,6.304633
3009013,657.5628
3009014,696.8673
3009015,111.168175
3009016,93.57784
3009017,86.983055
3009018,2664.9587
3009019,28.115936
3009020,1.2392063
3009021,16.83094
3009022,13.819552
3009023,0.05673536
3009024,196.8996
3009025,17.526163
3009026,15.137678
3009027,2.2009244
3009028,64.79024
3009029,10.591103
3009030,148.08456
3009031,198.03598
3009032,7.660136
3009033,11.498875
3009034,164.42307
3009035,57.561523
3009036,2014.2443
3009037,0.60544336
3009038,9.191767
3009039,8.573689
3009040,0.019268697
3009041,13.154495
3009042,3246.033
3009043,0.003735588
3009044,527.9153
3009045,10.643806
3009046,1095.6101
3009047,989.6962
3009048,152.85062
3009049,107.80716
3009050,106.05602
3009051,4736.769
3009052,28.070503
3009053,1.3289421
3009054,30.43881
3009055,39.91834
3009056,0.052247252
3009057,350.60715
3009058,40.320747
3009059,14.116033
3009060,5.5514684
3009061,50.260204
3009062,16.288246
3009063,130.47574
3009064,432.7055
3009065,9.689809
3009066,14.12357
3009067,129.61267
3009068,80.70781
3009069,2227.1038
3009070,5.3968506
3009071,15.822742
3009072,8.128309
3009073,0.22020921
3009074,4.3395977
3009075,4005.5918
3009076,0.0
3009077,796.0282
3009078,5.856191
3009079,1346.375
3009080,737.41046
3009081,211.48967
3009082,291.93137
3009083,64.88929
3009084,5600.089
3009085,28.378527
3009086,1.0475886
3009087,23.988585
3009088,22.86237
3009089,0.15047534
3009090,321.08502
3009091,7.4162483
3009092,15.925642
3009093,7.7188997
3009094,42.66902
3009095,7.1700096
3009096,124.50756
3009097,286.02264
3009098,6.4189596
3009099,11.1229515
3009100,191.35124
3009101,52.30256
3009102,1816.0397
3009103,7.5641813
3009104,14.877122
3009105,4.849141
3009106,0.0083608115
3009107,6.9133263
3009108,3444.5615
3009109,0.0031178223
3009110,503.07635
3009111,6.256909
3009112,882.2535
3009113,1108.9166
3009114,237.80788
3009115,196.92017
3009116,129.11786
3009117,4202.945
3009118,27.101442
3009119,1.8546798
3009120,16.098198
3009121,14.090077
3009122,0.06363659
3009123,275.04175
3009124,36.3366
3009125,23.941277
3009126,1.9595292
3009127,62.703934
3009128,11.264771
3009129,366.55527
3009130,286.0314
3009131,9.843852
3009132,11.648649
3009133,470.02133
3009134,65.98031
3009135,2680.518
3009136,0.12630273
3009137,31.239586
3009138,3.023913
3009139,0.22884142
3009140,1.7093651
3009141,4472.463
3009142,0.0
3009143,479.73807
3009144,9.123325
3009145,1874.5896
3009146,674.821
3009147,315.3992
3009148,166.28078
3009149,52.448574
3009150,5943.1436
3009151,11.447119
3009152,1.3391154
3009153,27.998919
3009154,28.986208
3009155,0.0961314
3009156,382.24197
3009157,0.006347211
3009158,0.057854023
3009159,9.018082
3009160,25.993752
3009161,3.6109614
3009162,138.47672
3009163,342.91153
3009164,3.540516
3009165,10.420893
3009166,141.14873
3009167,51.914948
3009168,1053.5544
3009169,0.002696089
3009170,4.9756956
3009171,10.243903
3009172,0.11372977
3009173,9.599799
3009174,3411.7703
3009175,0.0063296366
3009176,735.3914
3009177,10.550907
3009178,1496.1626
3009179,1085.0796
3009180,303.16992
3009181,171.51976
3009182,170.34232
3009183,4912.1987
3009184,46.78637
3009185,1.7525742
3009186,32.827477
3009187,36.731644
3009188,0.077392116
3009189,388.9359
3009190,36.22057
3009191,21.012346
3009192,10.27565
3009193,55.27501
3009194,19.137846
3009195,229.91243
3009196,443.49344
3009197,16.01398
3009198,12.967208
3009199,237.0684
3009200,77.50296
3009201,2541.127
3009202,0.9204712
3009203,9.328382
3009204,5.8557873
3009205,0.013816399
3009206,5.342252
3009207,2991.7764
3009208,0.005427013
3009209,592.4177
3009210,7.9837437
3009211,791.6152
3009212,912.61957
3009213,166.2744
3009214,140.23029
3009215,104.59487
3009216,3454.6377
3009217,29.374155
3009218,0.8606039
3009219,20.082043
3009220,24.61136
3009221,0.10656385
3009222,248.67278
3009223,25.70763
3009224,28.875013
3009225,6.91883
3009226,45.921867
3009227,10.703833
3009228,200.3376
3009229,260.81183
3009230,8.241021
3009231,12.7340555
3009232,237.62051
3009233,51.83632
3009234,2481.2893
3009235,0.1058077
3009236,16.388632
3009237,8.154539
3009238,0.0154523
3009239,5.082109
3009240,5976.826
3009241,0.0
3009242,753.9696
3009243,12.102121
3009244,1752.152
3009245,1001.1783
3009246,444.5621
3009247,210.68387
3009248,62.26542
3009249,5855.9126
3009250,13.177915
3009251,0.24746656
3009252,18.923601
3009253,21.558432
3009254,0.045886982
3009255,299.43365
3009256,0.0
3009257,12.045696
3009258,0.28555885
3009259,84.64988
3009260,4.6802173
3009261,249.73077
3009262,351.7679
3009263,3.8271027
3009264,3.0841947
3009265,232.73842
3009266,117.34978
3009267,1550.0928
3009268,6.6606226
3009269,0.3224533
3009270,18.925625
3009271,0.013686729
3009272,23.01155
3009273,13509.712
3009274,0.005933174
3009275,1958.1406
3009276,17.896162
3009277,2868.0596
3009278,3610.1104
3009279,762.8784
3009280,763.37396
3009281,505.87424
3009282,13076.085
3009283,86.30785
3009284,6.5561857
3009285,95.327866
3009286,136.88358
3009287,0.0
3009288,882.22906
3009289,45.624832
3009290,36.95304
3009291,18.945976
3009292,274.516
3009293,35.729492
3009294,1002.8044
3009295,874.396
3009296,46.3415
3009297,49.07853
3009298,1484.9197
3009299,384.0598
3009300,11802.294
3009301,429.60748
3009302,127.41443
3009303,19.445341
3009304,0.007180479
3009305,21.480516
3009306,12618.625
3009307,0.0029308747
3009308,1719.4468
3009309,20.858826
3009310,3063.0928
3009311,3184.8213
3009312,855.53516
3009313,557.4594
3009314,374.42352
3009315,13965.2
3009316,101.50225
3009317,2.106927
3009318,78.23079
3009319,92.143295
3009320,1.0387378
3009321,880.1426
3009322,46.334335
3009323,43.001022
3009324,9.984601
3009325,168.18243
3009326,33.031654
3009327,1355.0027
3009328,1010.92145
3009329,36.743008
3009330,44.56556
3009331,1655.0104
3009332,289.95486
3009333,8573.738
3009334,462.0405
3009335,116.73131
3009336,17.87969
3009337,0.011628002
3009338,25.451532
3009339,9443.112
3009340,0.008054694
3009341,1376.0283
3009342,15.196146
3009343,3230.6392
3009344,2349.8567
3009345,1105.0988
3009346,238.79216
3009347,295.62103
3009348,13817.294
3009349,49.491627
3009350,4.4213195
3009351,43.09086
3009352,35.789043
3009353,0.5926069
3009354,971.97156
3009355,64.78575
3009356,29.333166
3009357,10.388693
3009358,102.45101
3009359,13.3364
3009360,1056.5537
3009361,1152.0239
3009362,30.73051
3009363,46.671085
3009364,1176.6292
3009365,191.36757
3009366,4184.97
3009367,513.0856
3009368,63.077072
3009369,20.617636
3009370,0.0058739367
3009371,29.958378
3009372,11494.517
3009373,0.00025156324
3009374,1648.5432
3009375,17.998913
3009376,2872.597
3009377,3107.572
3009378,886.14777
3009379,545.41046
3009380,341.083
3009381,12877.703
3009382,76.86315
3009383,3.055273
3009384,67.81918
3009385,72.73847
3009386,0.00643431
3009387,854.0424
3009388,48.477634
3009389,31.577423
3009390,8.547057
3009391,161.08463
3009392,33.184467
3009393,992.52234
3009394,1110.2341
3009395,31.629066
3009396,43.656326
3009397,1421.558
3009398,289.17206
3009399,7098.4463
3009400,502.0477
3009401,98.43181
3009402,16.26457
3009403,0.010611894
3009404,25.699316
3009405,8160.592
3009406,0.0
3009407,1078.3411
3009408,16.158318
3009409,3153.5662
3009410,1950.4692
3009411,954.7546
3009412,190.45485
3009413,229.76492
3009414,12394.454
3009415,55.503883
3009416,0.8414146
3009417,44.243076
3009418,38.07235
3009419,0.01732451
3009420,929.3207
3009421,54.553017
3009422,23.09417
3009423,1.1278596
3009424,87.9709
3009425,12.612521
3009426,1066.9014
3009427,1124.585
3009428,23.669357
3009429,38.716377
3009430,1095.6238
3009431,161.35474
3009432,3404.0947
3009433,539.6563
3009434,31.807312
3009435,13.741873
3009436,0.006884562
3009437,16.845324
3009438,9835.031
3009439,0.0046561537
3009440,1488.9539
3009441,19.695654
3009442,1960.674
3009443,2759.2607
3009444,491.16376
3009445,590.7658
3009446,414.3975
3009447,9708.718
3009448,67.55526
3009449,2.673482
3009450,46.550114
3009451,42.055172
3009452,0.16912958
3009453,601.84204
3009454,28.442625
3009455,36.03995
3009456,11.9066
3009457,210.54704
3009458,23.603975
3009459,849.77856
3009460,578.25287
3009461,26.71691
3009462,34.44632
3009463,1088.4884
3009464,251.72475
3009465,8747.798
3009466,291.45795
3009467,95.592155
3009468,8.564461
3009469,0.36074564
3009470,7.820779
3009471,2190.4338
3009472,0.007927202
3009473,420.80667
3009474,13.150993
3009475,926.96893
3009476,583.2383
3009477,246.19739
3009478,97.82743
3009479,89.378975
3009480,3289.425
3009481,21.737783
3009482,1.3065543
3009483,31.081738
3009484,25.115591
3009485,0.29803586
3009486,254.8521
3009487,20.27312
3009488,7.930375
3009489,10.666125
3009490,45.61254
3009491,10.884743
3009492,218.25218
3009493,281.51486
3009494,3.9873772
3009495,9.61794
3009496,214.98889
3009497,59.404392
3009498,1608.2844
3009499,0.41665378
3009500,8.140121
3009501,15.458942
3009502,0.014174922
3009503,17.58085
3009504,5475.759
3009505,0.0070079598
3009506,720.2859
3009507,22.18844
3009508,1907.1478
3009509,1268.212
3009510,506.63953
3009511,136.17363
3009512,147.22673
3009513,7376.569
3009514,64.71706
3009515,2.7898562
3009516,52.105778
3009517,44.713173
3009518,2.27911
3009519,555.1936
3009520,27.636599
3009521,9.109741
3009522,5.5729303
3009523,94.13663
3009524,13.2807045
3009525,538.04895
3009526,655.29376
3009527,15.330368
3009528,44.018257
3009529,450.25214
3009530,87.047516
3009531,2635.4526
3009532,304.55966
3009533,22.240927
3009534,9.021607
3009535,0.019029237
3009536,9.565422
3009537,6526.536
3009538,0.005277803
3009539,1273.6682
3009540,12.652737
3009541,1644.149
3009542,2045.5894
3009543,310.40656
3009544,455.42767
3009545,272.35602
3009546,6399.0127
3009547,42.69216
3009548,2.30208
3009549,33.63711
3009550,45.07831
3009551,0.86024475
3009552,433.16776
3009553,6.902555
3009554,34.95316
3009555,6.2866545
3009556,144.61992
3009557,18.753544
3009558,651.33887
3009559,425.13498
3009560,24.455233
3009561,13.575833
3009562,854.6395
3009563,131.797
3009564,6105.5854
3009565,2.5452385
3009566,49.737236
3009567,16.66713
3009568,0.008123553
3009569,9.5831175
3009570,5649.157
3009571,0.0
3009572,1106.4076
3009573,14.245428
3009574,1792.7771
3009575,1679.4229
3009576,391.80612
3009577,257.2927
3009578,297.52267
3009579,6620.3003
3009580,48.38845
3009581,2.4756937
3009582,52.003876
3009583,45.326385
3009584,0.05674002
3009585,474.00455
3009586,17.104246
3009587,58.393265
3009588,12.69843
3009589,287.48505
3009590,15.075882
3009591,520.5864
3009592,489.3633
3009593,17.559063
3009594,39.986988
3009595,499.64752
3009596,142.04955
3009597,5404.457
3009598,7.251869
3009599,8.130962
3009600,12.16896
3009601,0.13669075
3009602,6.56333
3009603,3292.3918
3009604,0.005574807
3009605,631.0726
3009606,9.870168
3009607,1203.4849
3009608,777.57104
3009609,321.65625
3009610,142.20242
3009611,137.70418
3009612,4357.7144
3009613,21.127592
3009614,1.1494064
3009615,34.442337
3009616,36.285534
3009617,0.1062268
3009618,305.84543
3009619,10.035326
3009620,22.942123
3009621,6.206102
3009622,83.546776
3009623,7.528281
3009624,356.20547
3009625,344.69315
3009626,7.9063005
3009627,10.980287
3009628,247.27852
3009629,78.662315
3009630,2685.3582
3009631,0.30111632
3009632,4.6659937
3009633,8.537309
3009634,0.092265986
3009635,1.0774453
3009636,3297.9841
3009637,0.0
3009638,331.85782
3009639,5.3654675
3009640,1744.3846
3009641,371.8627
3009642,314.65057
3009643,89.48354
3009644,40.52754
3009645,4969.498
3009646,8.792195
3009647,1.5969205
3009648,31.54602
3009649,20.114166
3009650,0.07349648
3009651,323.2501
3009652,0.013321615
3009653,0.0
3009654,3.6797652
3009655,16.57237
3009656,2.628721
3009657,64.42331
3009658,257.17792
3009659,0.3296409
3009660,4.2408433
3009661,60.572094
3009662,86.69397
3009663,878.7949
3009664,0.3341767
3009665,1.2407064
3009666,8.06179
3009667,0.010721772
3009668,10.321698
3009669,5419.1226
3009670,0.0
3009671,757.3229
3009672,10.409636
3009673,1413.4535
3009674,1439.8868
3009675,437.91708
3009676,244.03685
3009677,187.98647
3009678,6546.8555
3009679,40.766907
3009680,2.4994845
3009681,27.804594
3009682,42.875565
3009683,0.04087656
3009684,419.27
3009685,47.64968
3009686,19.81166
3009687,10.020321
3009688,75.15272
3009689,11.574249
3009690,499.4475
3009691,430.6263
3009692,13.664266
3009693,21.858667
3009694,702.7258
3009695,110.17074
3009696,3265.1113
3009697,0.0
3009698,49.796215
3009699,4.598001
3009700,0.0114121605
3009701,4.5974307
3009702,3931.9626
3009703,0.0029176637
3009704,709.2531
3009705,12.792435
3009706,779.0954
3009707,1323.5203
3009708,169.27422
3009709,256.85214
3009710,210.90302
3009711,3464.261
3009712,36.886772
3009713,2.0568135
3009714,20.84583
3009715,24.607061
3009716,0.49344888
3009717,213.56572
3009718,15.872086
3009719,37.45859
3009720,6.5346217
3009721,147.8469
3009722,17.227718
3009723,401.15768
3009724,207.78833
3009725,9.005056
3009726,14.026191
3009727,539.7238
3009728,142.77565
3009729,4442.6606
3009730,0.88761544
3009731,36.69497
3009732,4.943319
3009733,0.066258654
3009734,13.616198
3009735,6258.679
3009736,0.0074202176
3009737,980.09283
3009738,12.2305
3009739,1336.6779
3009740,1798.9255
3009741,340.86484
3009742,416.66647
3009743,200.14012
3009744,6413.58
3009745,43.504566
3009746,3.5143957
3009747,38.765903
3009748,41.51824
3009749,0.003312758
3009750,450.8632
3009751,46.05453
3009752,31.36803
3009753,21.889961
3009754,92.49238
3009755,23.00158
3009756,417.691
3009757,452.73904
3009758,21.681982
3009759,30.877882
3009760,627.28217
3009761,187.72261
3009762,5577.848
3009763,2.4602847
3009764,51.964172
3009765,12.080972
3009766,0.52848613
3009767,8.315094
3009768,5192.625
3009769,0.004193611
3009770,647.34467
3009771,12.667963
3009772,1869.7573
3009773,1134.7391
3009774,656.0785
3009775,226.86685
3009776,113.40046
3009777,8215.486
3009778,13.044913
3009779,1.0749493
3009780,59.707005
3009781,43.365437
3009782,0.053670175
3009783,492.2473
3009784,21.39118
3009785,6.0116625
3009786,7.7055893
3009787,43.00588
3009788,5.174638
3009789,406.1971
3009790,477.78986
3009791,8.56048
3009792,12.363899
3009793,408.2886
3009794,121.575516
3009795,2016.9406
3009796,148.18597
3009797,26.201056
3009798,2.9512906
3009799,0.07222767
3009800,3.2514763
3009801,2297.9104
3009802,0.015490552
3009803,392.25067
3009804,8.65479
3009805,613.10095
3009806,733.3009
3009807,145.19475
3009808,153.80478
3009809,95.93359
3009810,2636.557
3009811,21.27828
3009812,1.567477
3009813,16.021507
3009814,23.408367
3009815,0.044170246
3009816,188.8436
3009817,14.720773
3009818,15.78001
3009819,4.7154384
3009820,57.040775
3009821,9.368895
3009822,288.89325
3009823,154.64427
3009824,5.561996
3009825,8.152337
3009826,291.2009
3009827,63.360077
3009828,2255.9817
3009829,2.0971081
3009830,21.725414
3009831,1.5798135
3009832,0.83667374
3009833,1.9583077
3009834,1395.8179
3009835,0.0015151642
3009836,110.64247
3009837,2.233046
3009838,728.8752
3009839,293.40506
3009840,284.90747
3009841,50.91966
3009842,32.057236
3009843,2784.6133
3009844,3.592153
3009845,0.5006523
3009846,6.7853904
3009847,6.5085096
3009848,0.061295874
3009849,185.89784
3009850,6.3955383
3009851,0.015742624
3009852,1.8230226
3009853,4.1633425
3009854,0.9409449
3009855,174.2668
3009856,159.74553
3009857,0.5966804
3009858,3.8239403
3009859,118.370865
3009860,26.195524
3009861,259.13336
3009862,10.412811
3009863,0.54344094
3009864,5.1678295
3009865,0.5560926
3009866,6.2358937
3009867,5354.587
3009868,0.0074015437
3009869,577.3239
3009870,8.353577
3009871,2106.7285
3009872,653.3726
3009873,475.65176
3009874,168.929
3009875,74.97674
3009876,8096.8154
3009877,17.479322
3009878,0.35212988
3009879,17.849497
3009880,15.283239
3009881,0.09772001
3009882,471.29654
3009883,9.431465
3009884,2.085689
3009885,9.33345
3009886,15.693411
3009887,3.8743672
3009888,532.1373
3009889,367.35638
3009890,1.7545772
3009891,13.4162035
3009892,255.55261
3009893,94.09019
3009894,1386.2648
3009895,9.786531
3009896,8.383704
3009897,4.4154034
3009898,0.17100005
3009899,1.26633
3009900,1818.5905
3009901,0.0
3009902,173.57817
3009903,6.4053946
3009904,733.12024
3009905,427.73608
3009906,215.39093
3009907,69.66031
3009908,36.701466
3009909,2868.634
3009910,6.9699054
3009911,0.35993928
3009912,10.428593
3009913,14.099565
3009914,0.0720342
3009915,192.756
3009916,5.689087
3009917,0.0
3009918,3.9796076
3009919,15.182417
3009920,1.7132516
3009921,153.62212
3009922,147.20651
3009923,1.7130344
3009924,5.7313523
3009925,135.32776
3009926,43.055374
3009927,344.01926
3009928,13.049824
3009929,5.754703
3009930,3.7338128
3009931,0.09608132
3009932,3.0989375
3009933,1528.157
3009934,0.0061821514
3009935,115.14694
3009936,4.0903873
3009937,694.6499
3009938,268.49402
3009939,154.50717
3009940,55.981113
3009941,28.783897
3009942,2611.0442
3009943,7.8587275
3009944,0.13409114
3009945,8.430532
3009946,9.525689
3009947,0.073722124
3009948,152.4781
3009949,2.084574
3009950,0.008495211
3009951,2.219802
3009952,13.423898
3009953,1.2086923
3009954,136.20267
3009955,154.60226
3009956,0.86614525
3009957,4.48929
3009958,81.82247
3009959,32.218845
3009960,200.52202
3009961,12.441404
3009962,1.1527257
3009963,3.9403958
3009964,0.10103303
3009965,2.1885498
3009966,1521.1382
3009967,0.0
3009968,181.29488
3009969,4.957703
3009970,993.29297
3009971,512.4574
3009972,251.8969
3009973,35.606808
3009974,40.40707
3009975,3056.8633
3009976,2.2649994
3009977,0.54485166
3009978,8.680943
3009979,17.85232
3009980,0.058967493
3009981,242.971
3009982,1.2698264
3009983,0.043368313
3009984,2.2129962
3009985,11.347224
3009986,3.2707906
3009987,268.7977
3009988,267.30414
3009989,1.2156436
3009990,5.518432
3009991,62.10676
3009992,83.44126
3009993,423.192
3009994,11.087216
3009995,5.453135
3009996,4.532127
3009997,1.1967375
3009998,3.116456
3009999,1857.2021
3010000,0.00091713975
3010001,175.49745
3010002,2.9199872
3010003,970.2722
3010004,438.53662
3010005,264.97305
3010006,116.447365
3010007,55.74535
3010008,3199.5725
3010009,8.294454
3010010,1.2167611
3010011,11.921585
3010012,16.767845
3010013,0.052008446
3010014,236.04688
3010015,9.029646
3010016,0.0
3010017,6.4081845
3010018,11.276351
3010019,2.744461
3010020,153.05249
3010021,190.56279
3010022,0.83999133
3010023,5.8199606
3010024,107.444786
3010025,38.71319
3010026,710.3336
3010027,9.059265
3010028,6.6173325
3010029,2.5774226
3010030,0.112020746
3010031,1.1667087
3010032,1372.0236
3010033,0.0060436237
3010034,141.779
3010035,3.4879913
3010036,754.1929
3010037,229.62962
3010038,181.28809
3010039,135.63219
3010040,23.974783
3010041,2102.2427
3010042,3.6404247
3010043,0.20445031
3010044,12.1512
3010045,7.6125193
3010046,0.05642866
3010047,158.48502
3010048,0.01629238
3010049,0.0
3010050,2.0254316
3010051,9.25312
3010052,1.1662786
3010053,50.286167
3010054,129.14008
3010055,0.94890594
3010056,3.605754
3010057,65.16812
3010058,32.52517
3010059,520.0336
3010060,0.25339955
3010061,1.1605563
3010062,7.127784
3010063,0.5787903
3010064,2.9225166
3010065,3707.518
3010066,0.0054295906
3010067,378.30664
3010068,4.156998
3010069,1319.5032
3010070,896.9134
3010071,489.64865
3010072,304.47662
3010073,88.42903
3010074,5136.0254
3010075,13.086171
3010076,1.142564
3010077,22.736334
3010078,21.301987
3010079,0.03957953
3010080,346.57013
3010081,0.032237403
3010082,0.020974616
3010083,4.1079216
3010084,13.8745365
3010085,5.3894653
3010086,283.6177
3010087,273.62067
3010088,3.1659656
3010089,10.879429
3010090,336.03912
3010091,71.27488
3010092,1305.247
3010093,42.760147
3010094,15.9979
3010095,2.3438323
3010096,0.23728971
3010097,3.560813
3010098,2367.583
3010099,0.028464334
3010100,574.3813
3010101,6.3814163
3010102,611.103
3010103,609.45557
3010104,211.39304
3010105,254.53241
3010106,45.922325
3010107,2653.4385
3010108,9.699345
3010109,0.5643095
3010110,21.197006
3010111,16.172531
3010112,0.03888787
3010113,193.8634
3010114,7.197397
3010115,1.2898479
3010116,5.762834
3010117,27.34722
3010118,2.562823
3010119,94.9632
3010120,152.88113
3010121,3.1359234
3010122,6.276604
3010123,172.27213
3010124,61.38653
3010125,1593.2137
3010126,30.520678
3010127,11.266705
3010128,6.3030014
3010129,0.3869178
3010130,3.6166892
3010131,2873.8496
3010132,0.017896967
3010133,160.36435
3010134,5.4707055
3010135,904.3408
3010136,381.49564
3010137,283.61145
3010138,71.22964
3010139,47.011093
3010140,3634.6755
3010141,8.443226
3010142,1.2114484
3010143,11.847148
3010144,11.78889
3010145,0.046797477
3010146,191.783
3010147,7.3483143
3010148,0.0
3010149,1.6968162
3010150,14.4780445
3010151,3.3113627
3010152,138.0813
3010153,183.56688
3010154,1.9210651
3010155,6.216493
3010156,90.21139
3010157,38.296978
3010158,457.30106
3010159,10.635894
3010160,4.8487415
3010161,4.385754
3010162,0.0170792
3010163,7.2299347
3010164,3074.8477
3010165,0.009152558
3010166,627.1845
3010167,5.764575
3010168,906.4569
3010169,877.42834
3010170,237.82474
3010171,163.19789
3010172,101.98737
3010173,3988.4915
3010174,37.744633
3010175,1.1571131
3010176,14.597637
3010177,17.176807
3010178,0.042918842
3010179,267.7136
3010180,21.904455
3010181,9.221444
3010182,4.5329156
3010183,44.42433
3010184,10.92046
3010185,412.78827
3010186,263.99146
3010187,8.7270155
3010188,8.710434
3010189,429.22452
3010190,94.95177
3010191,2382.1045
3010192,0.04443746
3010193,30.694893
3010194,6.036001
3010195,0.5783318
3010196,3.8898625
3010197,3195.8904
3010198,0.006236908
3010199,427.33026
3010200,4.8021536
3010201,1201.8984
3010202,780.3276
3010203,483.4896
3010204,126.8839
3010205,58.889183
3010206,5206.1597
3010207,11.881757
3010208,0.36993977
3010209,14.664479
3010210,12.870077
3010211,0.036374327
3010212,311.66592
3010213,3.309739
3010214,5.6705365
3010215,2.4633782
3010216,23.25759
3010217,2.173757
3010218,240.04013
3010219,283.90015
3010220,3.7993207
3010221,6.4495487
3010222,228.83765
3010223,58.049374
3010224,1014.4674
3010225,37.880642
3010226,10.969578
3010227,7.1840544
3010228,0.6349162
3010229,3.5368242
3010230,2944.8608
3010231,0.0021250742
3010232,540.4778
3010233,4.7319136
3010234,1209.3181
3010235,685.3033
3010236,318.4725
3010237,410.0861
3010238,60.070274
3010239,4122.884
3010240,14.462811
3010241,0.73766494
3010242,32.102688
3010243,18.738234
3010244,0.15509716
3010245,283.46494
3010246,3.5005322
3010247,3.0806856
3010248,8.189889
3010249,23.19998
3010250,1.9564631
3010251,113.49738
3010252,248.74826
3010253,2.2931874
3010254,5.885526
3010255,143.21262
3010256,144.25334
3010257,1258.5259
3010258,0.14504628
3010259,6.246414
3010260,4.127423
3010261,0.13437092
3010262,2.4949362
3010263,1606.9697
3010264,0.0
3010265,148.32776
3010266,6.922633
3010267,629.0348
3010268,334.65247
3010269,151.75005
3010270,73.2265
3010271,45.0253
3010272,2384.9082
3010273,5.20865
3010274,1.0367157
3010275,21.115082
3010276,20.814447
3010277,0.10833269
3010278,183.25436
3010279,0.0024378165
3010280,0.0
3010281,8.000953
3010282,15.8397255
3010283,3.9321308
3010284,98.352
3010285,151.2377
3010286,1.3731136
3010287,5.688152
3010288,101.42144
3010289,37.078747
3010290,458.77066
3010291,6.04752
3010292,1.3103502
3010293,2.2195525
3010294,0.019656498
3010295,1.8326085
3010296,1606.1603
3010297,0.27034974
3010298,311.22226
3010299,7.5616455
3010300,558.8101
3010301,510.80545
3010302,142.83174
3010303,45.53532
3010304,55.671772
3010305,2055.3696
3010306,23.850218
3010307,0.24597554
3010308,10.543981
3010309,12.681839
3010310,0.09004059
3010311,147.7219
3010312,12.02502
3010313,0.83063996
3010314,3.154861
3010315,18.825306
3010316,6.0148563
3010317,453.06674
3010318,148.46324
3010319,2.9582615
3010320,4.1392374
3010321,285.2245
3010322,32.41009
3010323,1395.0508
3010324,0.094831124
3010325,7.471138
3010326,2.5146484
3010327,0.07008372
3010328,5.3684587
3010329,3613.5315
3010330,0.031837504
3010331,834.3254
3010332,13.932842
3010333,1127.8875
3010334,1288.7673
3010335,282.73828
3010336,250.68617
3010337,129.54381
3010338,4203.887
3010339,26.67603
3010340,1.1325846
3010341,18.179956
3010342,34.684265
3010343,0.08987483
3010344,296.00995
3010345,7.601343
3010346,29.750849
3010347,7.032213
3010348,52.7804
3010349,14.964148
3010350,383.9739
3010351,284.43997
3010352,15.380573
3010353,12.004531
3010354,503.12924
3010355,96.893524
3010356,3493.7117
3010357,0.16938572
3010358,20.936161
3010359,1.52439
3010360,0.01475468
3010361,1.7657967
3010362,2056.7173
3010363,0.0062267724
3010364,307.89746
3010365,4.093228
3010366,409.547
3010367,578.5192
3010368,128.65594
3010369,112.90491
3010370,58.630783
3010371,1905.6399
3010372,14.65519
3010373,0.45790374
3010374,14.517152
3010375,13.314984
3010376,0.049897425
3010377,88.630875
3010378,0.007788553
3010379,14.780139
3010380,2.5875633
3010381,85.459885
3010382,6.5181594
3010383,142.79018
3010384,110.19936
3010385,4.044898
3010386,4.5173144
3010387,151.04588
3010388,35.003838
3010389,1462.8539
3010390,0.22937566
3010391,2.355073
3010392,3.1382284
3010393,0.044812113
3010394,0.6837965
3010395,938.83923
3010396,0.0144503685
3010397,200.05728
3010398,3.8876977
3010399,359.77625
3010400,251.33604
3010401,71.72727
3010402,35.957508
3010403,25.56067
3010404,1416.17
3010405,4.871949
3010406,0.4434353
3010407,8.9327545
3010408,6.8495803
3010409,0.09887407
3010410,78.90263
3010411,0.22156894
3010412,4.8117485
3010413,1.0375457
3010414,8.644754
3010415,0.18180323
3010416,209.04454
3010417,96.70112
3010418,0.85681486
3010419,0.95250726
3010420,114.000114
3010421,16.895292
3010422,474.27234
3010423,0.30865878
3010424,2.3917856
3010425,5.8160095
3010426,0.17534007
3010427,2.8241684
3010428,3432.4248
3010429,0.010922705
3010430,718.8435
3010431,8.642489
3010432,913.49133
3010433,1015.4799
3010434,283.41528
3010435,244.7178
3010436,96.30184
3010437,4006.4287
3010438,19.860641
3010439,2.25439
3010440,18.329773
3010441,18.515808
3010442,0.1631871
3010443,237.22125
3010444,6.549552
3010445,24.096832
3010446,5.476233
3010447,35.27916
3010448,5.5493197
3010449,275.36758
3010450,222.61748
3010451,9.630073
3010452,8.546555
3010453,398.95996
3010454,66.12249
3010455,2801.4187
3010456,0.87684274
3010457,17.117027
3010458,4.426294
3010459,0.17823303
3010460,2.558179
3010461,3441.2212
3010462,0.0012713401
3010463,653.1361
3010464,8.353617
3010465,1134.6633
3010466,871.4298
3010467,361.62515
3010468,425.802
3010469,55.74316
3010470,4433.8213
3010471,10.691324
3010472,0.31974876
3010473,27.90627
3010474,15.433445
3010475,0.8984307
3010476,250.72795
3010477,0.002472472
3010478,4.2262535
3010479,4.0012956
3010480,21.59395
3010481,0.80685353
3010482,214.22029
3010483,328.78156
3010484,4.31255
3010485,5.8077583
3010486,175.04794
3010487,78.15497
3010488,1350.3179
3010489,1.6729147
3010490,5.1965604
3010491,4.7623286
3010492,0.5049546
3010493,2.7520044
3010494,3098.3835
3010495,0.0
3010496,748.59534
3010497,6.9885507
3010498,933.5071
3010499,804.607
3010500,269.5622
3010501,467.21863
3010502,58.554855
3010503,3745.7224
3010504,12.607579
3010505,0.406255
3010506,19.815968
3010507,15.071739
3010508,0.24318141
3010509,231.97176
3010510,0.0
3010511,6.26209
3010512,3.8743858
3010513,27.443678
3010514,1.444581
3010515,130.74698
3010516,223.71095
3010517,5.2188053
3010518,5.536441
3010519,185.85347
3010520,64.02565
3010521,1140.0502
3010522,2.6035583
3010523,5.8742948
3010524,8.639078
3010525,0.76428056
3010526,16.979208
3010527,7756.047
3010528,0.019466043
3010529,1288.391
3010530,22.890394
3010531,1967.1295
3010532,2232.6587
3010533,393.99393
3010534,516.9876
3010535,290.89062
3010536,7974.9204
3010537,70.604935
3010538,3.5729423
3010539,49.887638
3010540,49.14442
3010541,0.028420324
3010542,534.04584
3010543,40.16035
3010544,43.878223
3010545,23.517096
3010546,134.92038
3010547,32.143597
3010548,724.8575
3010549,500.20886
3010550,23.825827
3010551,28.163923
3010552,994.53595
3010553,273.55154
3010554,7213.954
3010555,0.6127225
3010556,85.27769
3010557,2.4082782
3010558,0.12698075
3010559,0.96110225
3010560,1505.4506
3010561,0.0006303985
3010562,159.6692
3010563,3.4244666
3010564,479.41495
3010565,277.9413
3010566,116.75882
3010567,168.14711
3010568,34.04155
3010569,1919.9342
3010570,4.295631
3010571,0.21866854
3010572,10.095464
3010573,6.775748
3010574,0.044397186
3010575,112.57776
3010576,0.62869895
3010577,0.006180832
3010578,1.7621608
3010579,12.745521
3010580,0.71469283
3010581,53.532272
3010582,89.749626
3010583,2.1625915
3010584,3.0487857
3010585,86.79614
3010586,16.137777
3010587,505.28387
3010588,0.015325929
3010589,3.608501
3010590,6.322561
3010591,0.54563856
3010592,1.8400056
3010593,2994.6177
3010594,0.007496781
3010595,544.62366
3010596,7.666726
3010597,1123.6676
3010598,857.3636
3010599,210.37079
3010600,351.4962
3010601,60.359016
3010602,4356.866
3010603,12.113938
3010604,0.5461401
3010605,18.571331
3010606,14.361542
3010607,0.21842901
3010608,256.11252
3010609,1.274579
3010610,7.7406616
3010611,8.907096
3010612,9.494918
3010613,0.3471932
3010614,292.32272
3010615,229.08173
3010616,2.9666822
3010617,6.0457015
3010618,107.84763
3010619,59.708363
3010620,1047.0256
3010621,1.7294173
3010622,6.2620816
3010623,1.0747843
3010624,0.053173322
3010625,0.4675844
3010626,1097.6022
3010627,0.0
3010628,98.544334
3010629,2.3451197
3010630,438.96942
3010631,197.7653
3010632,96.90361
3010633,389.49936
3010634,18.216322
3010635,1914.6088
3010636,2.2724698
3010637,0.13662829
3010638,8.17476
3010639,3.3983898
3010640,0.044917736
3010641,77.803444
3010642,0.016454617
3010643,0.0
3010644,0.11448673
3010645,4.6863866
3010646,0.26006934
3010647,54.438538
3010648,79.8092
3010649,0.3336264
3010650,1.0000277
3010651,45.27274
3010652,10.509935
3010653,186.87178
3010654,0.016943717
3010655,1.7189274
3010656,6.7136292
3010657,0.24257167
3010658,1.9819152
3010659,2359.0532
3010660,0.0044354526
3010661,279.49307
3010662,5.5877347
3010663,951.2073
3010664,540.4354
3010665,194.25275
3010666,160.19286
3010667,44.84028
3010668,3093.9885
3010669,3.65512
3010670,0.17706108
3010671,22.475872
3010672,17.548925
3010673,0.045471627
3010674,195.82748
3010675,0.009770671
3010676,0.0043467907
3010677,12.496194
3010678,11.951506
3010679,2.2474413
3010680,220.05757
3010681,201.08977
3010682,1.8806465
3010683,4.078281
3010684,158.68546
3010685,34.728832
3010686,1157.9418
3010687,0.030829541
3010688,1.248491
3010689,2.4602263
3010690,0.5549809
3010691,1.9887035
3010692,2701.32
3010693,0.010777439
3010694,673.1679
3010695,11.96039
3010696,824.32434
3010697,657.06744
3010698,226.33159
3010699,167.57751
3010700,65.72525
3010701,3594.3823
3010702,6.2735796
3010703,1.7551186
3010704,28.05228
3010705,36.580097
3010706,0.2807541
3010707,206.89839
3010708,2.474185
3010709,5.020296
3010710,3.1366582
3010711,21.807072
3010712,1.9400163
3010713,180.73454
3010714,249.94702
3010715,2.730153
3010716,6.2776723
3010717,130.28366
3010718,38.197163
3010719,755.3237
3010720,4.6250157
3010721,2.0887454
3010722,3.2852635
3010723,0.10489763
3010724,0.3452436
3010725,1535.3107
3010726,0.0012146453
3010727,90.77365
3010728,1.7917304
3010729,570.9281
3010730,191.8161
3010731,86.70053
3010732,320.5228
3010733,22.645262
3010734,1921.3031
3010735,2.8846126
3010736,0.17422044
3010737,7.506029
3010738,6.9558206
3010739,0.09817529
3010740,98.48056
3010741,0.020296065
3010742,0.0
3010743,0.23157437
3010744,8.255225
3010745,1.3278573
3010746,144.86023
3010747,81.03418
3010748,0.7777171
3010749,0.9163784
3010750,39.578766
3010751,17.59224
3010752,324.62195
3010753,0.07419767
3010754,0.25090313
3010755,3.528975
3010756,0.07393852
3010757,0.8401463
3010758,3115.4678
3010759,0.008075003
3010760,526.0065
3010761,7.747859
3010762,928.47375
3010763,684.67194
3010764,215.61557
3010765,177.0265
3010766,54.274673
3010767,4071.3694
3010768,5.4883976
3010769,0.16076201
3010770,19.340631
3010771,10.389216
3010772,0.054199427
3010773,203.0177
3010774,0.022035133
3010775,18.510866
3010776,4.9308333
3010777,25.221842
3010778,1.7636354
3010779,217.2785
3010780,197.35817
3010781,3.232699
3010782,4.0571036
3010783,111.09674
3010784,49.40238
3010785,1136.4875
3010786,0.66826105
3010787,1.0554447
3010788,3.3462305
3010789,0.0869624
3010790,6.4563847
3010791,2593.6973
3010792,0.0045645386
3010793,559.3731
3010794,7.628645
3010795,1002.8992
3010796,923.88464
3010797,153.07997
3010798,122.299835
3010799,118.72932
3010800,3433.2336
3010801,43.167896
3010802,1.2597904
3010803,21.866524
3010804,24.393555
3010805,0.07408429
3010806,266.1855
3010807,17.22538
3010808,26.075132
3010809,2.0096023
3010810,69.81054
3010811,13.602547
3010812,204.34741
3010813,253.19633
3010814,11.307732
3010815,15.444674
3010816,240.80475
3010817,76.91091
3010818,2666.823
3010819,0.19519967
3010820,11.976251
3010821,5.0178795
3010822,0.031452198
3010823,9.193616
3010824,2332.1672
3010825,0.0030915744
3010826,449.69302
3010827,8.739124
3010828,952.7278
3010829,850.75037
3010830,141.64508
3010831,90.39433
3010832,105.333275
3010833,3627.5747
3010834,26.357866
3010835,0.9050468
3010836,24.312473
3010837,37.256313
3010838,0.05307082
3010839,278.00253
3010840,17.781307
3010841,12.400473
3010842,4.9941044
3010843,43.91722
3010844,12.204785
3010845,157.2451
3010846,318.6904
3010847,8.356985
3010848,10.231316
3010849,113.68294
3010850,78.4822
3010851,2007.4886
3010852,2.5425184
3010853,10.427178
3010854,6.252853
3010855,0.30566204
3010856,3.3901825
3010857,3583.9941
3010858,0.0045550778
3010859,789.0395
3010860,5.551096
3010861,1281.4866
3010862,680.6511
3010863,200.84631
3010864,779.83
3010865,62.808666
3010866,5075.7754
3010867,30.291887
3010868,0.8897623
3010869,18.885565
3010870,17.956583
3010871,0.0965199
3010872,305.05136
3010873,4.75891
3010874,14.547474
3010875,7.298332
3010876,34.334568
3010877,4.5617704
3010878,132.78506
3010879,263.16864
3010880,6.0515127
3010881,9.281215
3010882,195.41646
3010883,61.759766
3010884,1835.6953
3010885,10.195929
3010886,13.793831
3010887,2.892445
3010888,0.016652506
3010889,4.689719
3010890,2626.1863
3010891,0.017773082
3010892,417.61514
3010893,4.570807
3010894,775.4615
3010895,799.4148
3010896,195.7877
3010897,138.30629
3010898,85.71902
3010899,3392.1394
3010900,19.758883
3010901,1.1410382
3010902,10.853527
3010903,12.118923
3010904,0.11487364
3010905,220.23917
3010906,17.408846
3010907,13.912353
3010908,1.634901
3010909,35.73786
3010910,8.541434
3010911,320.81207
3010912,218.45824
3010913,7.4334097
3010914,7.697571
3010915,363.9263
3010916,55.4409
3010917,2281.9656
3010918,0.14224899
3010919,24.46222
3010920,1.779922
3010921,0.36613017
3010922,2.361201
3010923,4430.7007
3010924,0.000937782
3010925,440.46863
3010926,7.996147
3010927,1822.1339
3010928,711.7841
3010929,316.7127
3010930,230.67519
3010931,57.356304
3010932,6055.579
3010933,9.288404
3010934,0.9675187
3010935,22.383049
3010936,24.012278
3010937,0.088618636
3010938,361.256
3010939,0.011160924
3010940,0.038889233
3010941,7.234598
3010942,16.980724
3010943,3.4376945
3010944,140.53244
3010945,313.9878
3010946,3.378384
3010947,10.174616
3010948,143.60373
3010949,61.828423
3010950,1179.3142
3010951,0.012921612
3010952,5.3819118
3010953,5.880884
3010954,0.20116284
3010955,5.3847256
3010956,2318.8108
3010957,0.009654576
3010958,565.72125
3010959,7.711955
3010960,1066.148
3010961,795.31555
3010962,230.08162
3010963,139.89235
3010964,134.28633
3010965,3637.9917
3010966,28.248974
3010967,0.75213826
3010968,20.617254
3010969,26.533796
3010970,0.05562008
3010971,264.33334
3010972,12.869885
3010973,16.917526
3010974,6.440322
3010975,24.963821
3010976,14.383605
3010977,183.87375
3010978,293.0439
3010979,11.19859
3010980,7.7578545
3010981,176.50418
3010982,60.41223
3010983,2040.0656
3010984,0.1819057
3010985,7.848216
3010986,3.8391452
3010987,0.027463714
3010988,4.073239
3010989,2629.7966
3010990,0.007921974
3010991,591.63275
3010992,6.6489387
3010993,844.6718
3010994,879.0173
3010995,166.65834
3010996,132.024
3010997,106.71647
3010998,3083.5957
3010999,28.558275
3011000,0.68127656
3011001,19.510637
3011002,17.958605
3011003,0.1573777
3011004,233.66042
3011005,14.27031
3011006,27.320602
3011007,5.869624
3011008,40.497707
3011009,9.381441
3011010,209.21448
3011011,233.5839
3011012,8.461686
3011013,10.835739
3011014,243.80583
3011015,58.41485
3011016,2443.0916
3011017,0.10524743
3011018,16.556255
3011019,4.8512673
3011020,0.053257886
3011021,3.702879
3011022,4559.1416
3011023,0.0
3011024,615.9397
3011025,8.34959
3011026,1293.2228
3011027,715.9216
3011028,334.49854
3011029,295.58453
3011030,46.070194
3011031,4849.358
3011032,9.135968
3011033,0.14000961
3011034,13.134289
3011035,15.819664
3011036,0.04938865
3011037,239.13933
3011038,0.009668358
3011039,5.270652
3011040,3.2005482
3011041,40.065575
3011042,3.9092407
3011043,212.57721
3011044,254.03577
3011045,3.0656295
3011046,4.018683
3011047,162.45358
3011048,98.09338
3011049,1340.1804
3011050,2.5027304
3011051,0.16294034
3011052,12.9640255
3011053,0.072959974
3011054,13.84804
3011055,8862.245
3011056,0.010046185
3011057,1510.2207
3011058,19.295265
3011059,2182.3481
3011060,2519.5068
3011061,498.82462
3011062,562.029
3011063,385.27762
3011064,9200.826
3011065,72.9489
3011066,5.752556
3011067,85.495476
3011068,109.22757
3011069,0.0073980605
3011070,607.44806
3011071,23.157856
3011072,22.067741
3011073,17.684969
3011074,198.94595
3011075,29.653692
3011076,801.92017
3011077,538.96423
3011078,31.20853
3011079,41.285183
3011080,1102.8037
3011081,327.22433
3011082,8900.907
3011083,458.3451
3011084,92.605415
3011085,12.497091
3011086,0.013014291
3011087,12.793261
3011088,8521.106
3011089,0.010492992
3011090,1281.2909
3011091,19.525694
3011092,2403.5798
3011093,2273.7095
3011094,549.3191
3011095,331.48376
3011096,284.76382
3011097,9994.129
3011098,85.184105
3011099,2.2509344
3011100,52.820457
3011101,73.26559
3011102,0.99648273
3011103,607.4469
3011104,18.951685
3011105,26.81515
3011106,6.921175
3011107,100.49441
3011108,23.142939
3011109,1075.3263
3011110,677.2798
3011111,23.228857
3011112,31.009773
3011113,1185.2759
3011114,222.60724
3011115,5949.683
3011116,357.6993
3011117,79.534004
3011118,10.871855
3011119,0.021160359
3011120,14.220136
3011121,5767.4414
3011122,0.025215669
3011123,890.42126
3011124,11.243467
3011125,2126.4648
3011126,1561.1643
3011127,756.1038
3011128,149.27492
3011129,190.03317
3011130,9308.575
3011131,35.705284
3011132,2.6793551
3011133,25.987123
3011134,22.484308
3011135,0.35170284
3011136,678.1361
3011137,26.266695
3011138,17.736229
3011139,6.9953322
3011140,69.62753
3011141,9.001669
3011142,851.4451
3011143,768.83435
3011144,20.622332
3011145,27.129711
3011146,712.371
3011147,135.95116
3011148,2745.1218
3011149,313.42447
3011150,39.790806
3011151,12.808672
3011152,0.012800507
3011153,17.580452
3011154,7760.228
3011155,0.006229531
3011156,1243.1102
3011157,14.578315
3011158,2270.6592
3011159,2162.7969
3011160,630.49536
3011161,372.26865
3011162,262.00476
3011163,9316.223
3011164,60.380905
3011165,1.7401896
3011166,41.19213
3011167,52.505222
3011168,0.018594682
3011169,623.7456
3011170,21.627632
3011171,22.233908
3011172,5.4022655
3011173,100.32004
3011174,23.482048
3011175,801.83905
3011176,755.797
3011177,20.048178
3011178,30.54672
3011179,1018.3864
3011180,218.31616
3011181,5355.659
3011182,389.29495
3011183,70.714584
3011184,8.892071
3011185,0.026142845
3011186,14.662224
3011187,4604.4717
3011188,0.013411975
3011189,701.0286
3011190,10.480386
3011191,2009.706
3011192,1181.4908
3011193,607.6315
3011194,117.15321
3011195,140.70775
3011196,7943.5073
3011197,34.36245
3011198,0.3235472
3011199,26.733482
3011200,22.608517
3011201,0.03720624
3011202,616.6956
3011203,18.814796
3011204,11.466565
3011205,3.2728405
3011206,54.230568
3011207,6.973456
3011208,724.4893
3011209,713.7834
3011210,14.055381
3011211,23.91284
3011212,617.9292
3011213,93.0574
3011214,1957.3767
3011215,346.8304
3011216,19.332981
3011217,10.439516
3011218,0.12110586
3011219,11.802167
3011220,7428.159
3011221,0.011807826
3011222,1345.2306
3011223,19.49783
3011224,1932.6421
3011225,2554.3984
3011226,408.4092
3011227,494.83704
3011228,340.61615
3011229,8095.703
3011230,62.741795
3011231,2.1996047
3011232,38.707848
3011233,38.178616
3011234,0.049248673
3011235,537.5551
3011236,16.398218
3011237,26.439245
3011238,11.601473
3011239,146.37453
3011240,20.563925
3011241,787.9101
3011242,471.76837
3011243,20.768545
3011244,27.510174
3011245,957.8147
3011246,244.1121
3011247,7914.24
3011248,276.85464
3011249,87.86995
3011250,5.7528615
3011251,0.19621739
3011252,6.044787
3011253,1970.2646
3011254,0.011969466
3011255,386.18048
3011256,17.22395
3011257,847.3367
3011258,568.67883
3011259,228.01868
3011260,97.51614
3011261,78.85541
3011262,2919.3948
3011263,21.079147
3011264,1.027137
3011265,23.289894
3011266,20.867128
3011267,0.22615336
3011268,224.9567
3011269,10.852473
3011270,5.9846773
3011271,10.3496895
3011272,33.394066
3011273,9.188943
3011274,228.35112
3011275,245.8059
3011276,3.5341783
3011277,7.5449705
3011278,204.71924
3011279,62.914364
3011280,1634.9573
3011281,0.048183914
3011282,7.8690786
3011283,9.057327
3011284,0.019046003
3011285,11.805916
3011286,4124.945
3011287,0.012548082
3011288,641.9803
3011289,18.347284
3011290,1637.9868
3011291,1078.3514
3011292,427.89313
3011293,118.51781
3011294,128.19531
3011295,6183.711
3011296,58.988216
3011297,1.058531
3011298,39.250282
3011299,38.46221
3011300,0.025901832
3011301,454.09418
3011302,13.216526
3011303,7.131672
3011304,1.9149382
3011305,68.70807
3011306,10.563569
3011307,482.97284
3011308,525.75476
3011309,11.776553
3011310,30.39496
3011311,373.7071
3011312,75.28661
3011313,2117.7444
3011314,239.03378
3011315,19.476645
3011316,4.933687
3011317,0.01768027
3011318,5.1219606
3011319,4544.2534
3011320,0.012785417
3011321,999.1427
3011322,11.513628
3011323,1375.8038
3011324,1643.6501
3011325,213.2447
3011326,370.49832
3011327,209.78842
3011328,4782.761
3011329,38.41248
3011330,1.4411664
3011331,27.417364
3011332,39.706944
3011333,1.0429847
3011334,317.05252
3011335,2.3499799
3011336,30.615932
3011337,3.9288864
3011338,73.57417
3011339,14.118635
3011340,594.3728
3011341,302.9594
3011342,17.945763
3011343,10.354786
3011344,747.0778
3011345,107.14363
3011346,5079.8247
3011347,0.7116921
3011348,42.274593
3011349,8.883429
3011350,0.005986658
3011351,7.1961994
3011352,4142.0376
3011353,0.0
3011354,784.9566
3011355,13.521934
3011356,1672.5762
3011357,1257.2749
3011358,310.94397
3011359,186.12756
3011360,234.46677
3011361,5413.233
3011362,38.013577
3011363,2.3210564
3011364,33.70846
3011365,34.739414
3011366,0.08754137
3011367,359.18634
3011368,6.2633038
3011369,39.95493
3011370,8.339106
3011371,186.25395
3011372,9.457439
3011373,403.36905
3011374,336.1783
3011375,12.874648
3011376,18.285927
3011377,461.81754
3011378,142.6797
3011379,5045.962
3011380,4.7237654
3011381,6.5198355
3011382,7.21212
3011383,0.16090684
3011384,3.6697469
3011385,2074.0056
3011386,0.008981146
3011387,502.42157
3011388,7.3791103
3011389,915.301
3011390,531.8577
3011391,212.5493
3011392,107.11176
3011393,83.0548
3011394,3039.2507
3011395,15.2076
3011396,0.84964657
3011397,24.651485
3011398,24.893854
3011399,0.094412
3011400,197.71318
3011401,3.7531924
3011402,13.600082
3011403,4.80853
3011404,51.440384
3011405,5.5082955
3011406,229.66548
3011407,225.69034
3011408,5.6446652
3011409,7.0181637
3011410,166.24951
3011411,59.761044
3011412,2050.4707
3011413,0.12104853
3011414,3.6821485
3011415,5.350481
3011416,0.11381169
3011417,1.0326805
3011418,2394.1597
3011419,0.0014944504
3011420,235.45892
3011421,4.031439
3011422,1152.366
3011423,269.75784
3011424,234.54538
3011425,79.17724
3011426,29.26449
3011427,3341.1174
3011428,7.5410233
3011429,1.0826111
3011430,18.910803
3011431,12.545438
3011432,0.068370126
3011433,216.84802
3011434,0.019454498
3011435,0.0054640495
3011436,2.756802
3011437,9.191426
3011438,1.636302
3011439,51.614296
3011440,172.5915
3011441,0.19381163
3011442,3.013029
3011443,48.39441
3011444,72.7396
3011445,626.8413
3011446,0.045859486
3011447,1.0019512
3011448,5.076867
3011449,0.017249444
3011450,6.2299995
3011451,3812.9834
3011452,0.006362447
3011453,604.2471
3011454,7.672327
3011455,1187.1792
3011456,1023.9487
3011457,322.3148
3011458,160.16934
3011459,131.96985
3011460,4752.0024
3011461,29.212149
3011462,1.5892494
3011463,20.25682
3011464,29.108746
3011465,0.046977933
3011466,308.10492
3011467,20.511799
3011468,9.391495
3011469,7.7551117
3011470,41.25661
3011471,9.2755785
3011472,432.04672
3011473,299.41302
3011474,9.297028
3011475,12.756018
3011476,525.38464
3011477,78.47788
3011478,2465.7588
3011479,0.05073668
3011480,36.428562
3011481,4.9394593
3011482,0.031465173
3011483,5.3151064
3011484,4473.346
3011485,0.0071451813
3011486,881.2542
3011487,12.569124
3011488,1157.6124
3011489,1613.8236
3011490,201.8726
3011491,308.48306
3011492,225.26917
3011493,4417.4204
3011494,47.519505
3011495,2.7313943
3011496,23.700274
3011497,31.106468
3011498,0.61996317
3011499,280.2208
3011500,14.20785
3011501,32.193417
3011502,7.5786924
3011503,81.866875
3011504,17.018463
3011505,518.57776
3011506,271.87833
3011507,9.740207
3011508,15.048769
3011509,702.87555
3011510,147.4685
3011511,5367.6367
3011512,0.29711622
3011513,48.86812
3011514,4.031904
3011515,0.14801216
3011516,9.356077
3011517,4462.606
3011518,0.045470882
3011519,867.12897
3011520,13.362216
3011521,1248.9507
3011522,1407.5696
3011523,273.98837
3011524,327.01627
3011525,153.21478
3011526,5151.348
3011527,39.106182
3011528,3.7122235
3011529,31.740517
3011530,35.62067
3011531,0.038409386
3011532,378.80978
3011533,28.024117
3011534,32.58389
3011535,18.426786
3011536,84.10074
3011537,19.48522
3011538,417.1587
3011539,344.54514
3011540,17.473772
3011541,25.119171
3011542,533.8331
3011543,151.3103
3011544,4664.843
3011545,0.44663393
3011546,38.209557
3011547,9.705867
3011548,0.5430275
3011549,5.9565825
3011550,3743.0508
3011551,0.011662855
3011552,533.24634
3011553,9.837642
3011554,1669.2964
3011555,935.3993
3011556,564.7681
3011557,249.52592
3011558,81.75284
3011559,6616.778
3011560,8.796188
3011561,0.7530638
3011562,46.031044
3011563,38.14754
3011564,0.08119549
3011565,442.89697
3011566,11.890424
3011567,3.6607814
3011568,6.5596924
3011569,26.538294
3011570,3.3409457
3011571,390.4875
3011572,394.59106
3011573,5.9677014
3011574,9.114042
3011575,325.6075
3011576,104.09867
3011577,1478.7272
3011578,105.654205
3011579,19.182095
3011580,3.5226474
3011581,0.15031776
3011582,3.3332424
3011583,2117.209
3011584,0.009573697
3011585,369.27838
3011586,10.153961
3011587,649.5899
3011588,683.5475
3011589,133.01659
3011590,132.59726
3011591,99.63343
3011592,2751.3015
3011593,24.338207
3011594,1.6589866
3011595,18.25677
3011596,23.792265
3011597,0.0457782
3011598,154.59026
3011599,14.256911
3011600,18.768658
3011601,4.473977
3011602,76.90363
3011603,9.510778
3011604,273.6225
3011605,139.67726
3011606,5.3361535
3011607,8.732081
3011608,271.515
3011609,71.66592
3011610,2155.161
3011611,1.1692502
3011612,21.737614
3011613,1.3492765
3011614,0.66565573
3011615,1.916539
3011616,1313.2904
3011617,0.0
3011618,95.36103
3011619,2.6429932
3011620,725.74133
3011621,267.99973
3011622,257.5961
3011623,39.73276
3011624,31.655674
3011625,2502.9468
3011626,3.9252276
3011627,0.23327658
3011628,7.9263067
3011629,8.021406
3011630,0.0574401
3011631,171.23306
3011632,6.1796374
3011633,0.008980063
3011634,1.3359418
3011635,5.71623
3011636,0.84876406
3011637,154.04457
3011638,146.45467
3011639,0.9193672
3011640,3.8621078
3011641,112.97032
3011642,25.154297
3011643,311.96158
3011644,7.1831665
3011645,1.4907322
3011646,5.8503065
3011647,0.5487304
3011648,6.2136045
3011649,4611.2407
3011650,0.007108443
3011651,556.89197
3011652,9.595122
3011653,1917.0675
3011654,548.9539
3011655,465.63745
3011656,122.346176
3011657,71.24951
3011658,7330.2437
3011659,24.482096
3011660,0.36473802
3011661,19.955074
3011662,16.393425
3011663,0.10372364
3011664,450.037
3011665,8.638313
3011666,2.5314796
3011667,9.085719
3011668,19.786186
3011669,4.593976
3011670,595.8492
3011671,318.47827
3011672,1.7683449
3011673,13.659176
3011674,346.10275
3011675,88.884766
3011676,2060.467
3011677,12.598119
3011678,8.6544075
3011679,4.2192116
3011680,0.06359355
3011681,1.0221992
3011682,1743.8838
3011683,0.0
3011684,165.78745
3011685,7.945533
3011686,691.3262
3011687,382.13052
3011688,210.99438
3011689,59.01188
3011690,37.193066
3011691,2893.536
3011692,7.266488
3011693,0.2934929
3011694,11.422843
3011695,15.75127
3011696,0.0765956
3011697,172.10515
3011698,4.903929
3011699,0.0
3011700,3.4257522
3011701,23.34777
3011702,1.7853038
3011703,155.76974
3011704,140.06754
3011705,1.8597417
3011706,6.0982757
3011707,148.26724
3011708,44.64876
3011709,399.35495
3011710,11.09701
3011711,5.8471737
3011712,3.6875296
3011713,0.047052637
3011714,2.6775637
3011715,1438.9075
3011716,0.0
3011717,116.036125
3011718,4.712541
3011719,679.75073
3011720,255.38873
3011721,152.87967
3011722,47.82322
3011723,29.378849
3011724,2585.971
3011725,8.360986
3011726,0.14447428
3011727,9.035062
3011728,9.702022
3011729,0.06626387
3011730,137.35422
3011731,1.9039724
3011732,0.0
3011733,2.099634
3011734,21.861387
3011735,1.2388043
3011736,137.32903
3011737,152.70822
3011738,0.76907146
3011739,5.35415
3011740,89.46042
3011741,32.975925
3011742,252.4179
3011743,11.506705
3011744,1.8024926
3011745,2.9940193
3011746,0.04812375
3011747,2.0623953
3011748,1438.7289
3011749,0.0
3011750,158.24944
3011751,5.308159
3011752,917.6757
3011753,425.90906
3011754,228.32663
3011755,32.462124
3011756,40.96294
3011757,2885.8032
3011758,3.2925615
3011759,0.44881627
3011760,10.869828
3011761,20.088497
3011762,0.061875407
3011763,231.98354
3011764,0.0325609
3011765,0.0426962
3011766,2.173465
3011767,13.202674
3011768,3.4610653
3011769,264.47433
3011770,259.57556
3011771,1.1200578
3011772,5.570193
3011773,60.762817
3011774,88.77314
3011775,500.93115
3011776,12.798319
3011777,5.7216268
3011778,4.4239407
3011779,1.2568235
3011780,3.061448
3011781,1828.294
3011782,0.0005357508
3011783,161.43124
3011784,3.269607
3011785,906.1272
3011786,411.73755
3011787,265.0134
3011788,90.41429
3011789,57.466156
3011790,3048.0022
3011791,8.915112
3011792,0.8442148
3011793,12.24068
3011794,17.148994
3011795,0.04784753
3011796,219.53159
3011797,9.156403
3011798,0.0
3011799,5.9040704
3011800,15.192768
3011801,3.2411642
3011802,142.51796
3011803,182.9864
3011804,1.2521439
3011805,5.591584
3011806,115.442505
3011807,40.74551
3011808,1089.6621
3011809,11.383201
3011810,5.6978827
3011811,3.2505412
3011812,0.044696905
3011813,1.1220701
3011814,1338.8905
3011815,0.0011897006
3011816,131.21747
3011817,4.226211
3011818,697.3433
3011819,224.57497
3011820,157.86203
3011821,77.89951
3011822,23.729328
3011823,1974.3163
3011824,4.1351786
3011825,0.14424114
3011826,11.623662
3011827,8.71754
3011828,0.06334349
3011829,144.01997
3011830,0.018756676
3011831,0.0
3011832,2.1563516
3011833,11.581497
3011834,1.2546577
3011835,52.717438
3011836,121.262276
3011837,1.0553896
3011838,3.142857
3011839,64.361885
3011840,34.61009
3011841,856.6124
3011842,0.45901823
3011843,0.829929
3011844,6.8049197
3011845,0.5086169
3011846,2.5551765
3011847,3307.026
3011848,0.0019613642
3011849,350.17487
3011850,3.7945518
3011851,1155.8381
3011852,766.95056
3011853,437.9443
3011854,204.02258
3011855,83.969894
3011856,4647.4106
3011857,11.971667
3011858,0.46684158
3011859,24.158257
3011860,21.572004
3011861,0.04319314
3011862,289.43784
3011863,0.04118426
3011864,0.004296566
3011865,4.436495
3011866,21.349413
3011867,5.519376
3011868,269.15018
3011869,236.88026
3011870,3.3266602
3011871,10.350099
3011872,282.9551
3011873,67.755974
3011874,2249.3684
3011875,38.39634
3011876,14.957333
3011877,2.4050746
3011878,0.21634482
3011879,3.1699185
3011880,2209.7961
3011881,0.010838532
3011882,601.11523
3011883,7.602393
3011884,659.53467
3011885,625.5039
3011886,209.94467
3011887,187.79552
3011888,48.316395
3011889,2905.896
3011890,9.161881
3011891,0.5013685
3011892,22.564468
3011893,14.20184
3011894,0.037813265
3011895,183.60033
3011896,6.631681
3011897,1.2827642
3011898,4.471729
3011899,33.444622
3011900,2.5873897
3011901,101.654366
3011902,161.73189
3011903,3.124845
3011904,6.7446337
3011905,168.99985
3011906,65.28354
3011907,2937.6467
3011908,56.737743
3011909,12.878231
3011910,6.182188
3011911,0.31262138
3011912,3.4474974
3011913,2363.6492
3011914,0.00018586457
3011915,151.97571
3011916,6.506564
3011917,792.29047
3011918,306.6832
3011919,259.17654
3011920,60.73879
3011921,45.2242
3011922,3079.9736
3011923,11.885387
3011924,0.9814718
3011925,12.515076
3011926,12.4880905
3011927,0.061920162
3011928,163.45567
3011929,5.9720383
3011930,0.0
3011931,1.1292379
3011932,16.278545
3011933,3.4314055
3011934,124.5679
3011935,173.29153
3011936,1.9987843
3011937,6.4571505
3011938,74.15011
3011939,33.95498
3011940,584.27997
3011941,8.209438
3011942,4.498134
3011943,4.109997
3011944,0.020561008
3011945,7.7658405
3011946,2677.0627
3011947,0.008846801
3011948,546.79364
3011949,7.0541487
3011950,812.28937
3011951,796.7552
3011952,199.4045
3011953,127.2892
3011954,93.46219
3011955,3659.977
3011956,34.68344
3011957,0.772805
3011958,16.455744
3011959,17.661537
3011960,0.04525685
3011961,228.68513
3011962,19.03581
3011963,11.957826
3011964,1.741054
3011965,56.062737
3011966,11.555095
3011967,390.44418
3011968,225.87482
3011969,8.494316
3011970,7.9650497
3011971,380.8447
3011972,94.41776
3011973,2250.0488
3011974,0.14069298
3011975,28.717264
3011976,6.0064907
3011977,0.3807468
3011978,4.232573
3011979,2864.439
3011980,0.0016962354
3011981,379.00397
3011982,4.8393817
3011983,1126.6705
3011984,703.81995
3011985,470.64795
3011986,78.09512
3011987,59.48065
3011988,4790.93
3011989,15.122318
3011990,0.2662685
3011991,16.902817
3011992,12.237621
3011993,0.044111744
3011994,286.4826
3011995,2.1500084
3011996,7.155596
3011997,2.4903014
3011998,28.724123
3011999,2.4922097
3012000,255.3039
3012001,267.25192
3012002,3.6754818
3012003,6.5231423
3012004,224.94658
3012005,56.457657
3012006,1596.2422
3012007,41.18966
3012008,10.94369
3012009,6.8617883
3012010,0.6184236
3012011,3.1442108
3012012,2666.5176
3012013,0.001777797
3012014,495.96042
3012015,5.875705
3012016,1096.8156
3012017,604.29266
3012018,288.92227
3012019,197.45297
3012020,62.658203
3012021,3610.0208
3012022,16.19108
3012023,0.62886417
3012024,32.39837
3012025,20.572235
3012026,0.08562325
3012027,259.318
3012028,1.7830842
3012029,3.2142081
3012030,7.6204653
3012031,49.15097
3012032,2.1322927
3012033,112.05396
3012034,232.28346
3012035,2.2339525
3012036,6.399274
3012037,134.33987
3012038,131.635
3012039,1931.173
3012040,0.56736326
3012041,5.731458
3012042,3.5283933
3012043,0.10596664
3012044,2.7790127
3012045,1370.6115
3012046,0.0
3012047,132.32742
3012048,7.1409655
3012049,568.7125
3012050,297.8246
3012051,139.61905
3012052,47.04305
3012053,43.20071
3012054,2229.9275
3012055,7.187024
3012056,0.80773365
3012057,20.338516
3012058,18.667175
3012059,0.12065723
3012060,160.75339
3012061,0.0018234765
3012062,0.0
3012063,7.193269
3012064,18.776855
3012065,4.042645
3012066,101.97676
3012067,127.75987
3012068,1.1330793
3012069,5.5885572
3012070,102.157524
3012071,39.4072
3012072,556.416
3012073,6.2477727
3012074,1.2447686
3012075,2.0445213
3012076,0.021082819
3012077,1.621247
3012078,1375.5911
3012079,0.2376327
3012080,245.86143
3012081,7.987623
3012082,484.69702
3012083,444.66196
3012084,127.37193
3012085,40.53972
3012086,53.87832
3012087,1892.3779
3012088,24.359806
3012089,0.19214684
3012090,10.4876795
3012091,13.181367
3012092,0.08713171
3012093,125.12261
3012094,9.121501
3012095,1.6893218
3012096,3.3044796
3012097,33.62917
3012098,6.063857
3012099,746.4681
3012100,126.80441
3012101,2.801669
3012102,3.9415612
3012103,293.04645
3012104,32.185368
3012105,1231.4418
3012106,0.109081194
3012107,7.2875776
3012108,2.8084478
3012109,0.117138386
3012110,4.960053
3012111,3269.7493
3012112,0.10962953
3012113,751.5931
3012114,13.580088
3012115,985.5167
3012116,1185.9832
3012117,237.16536
3012118,187.36084
3012119,133.5116
3012120,3877.7659
3012121,28.433514
3012122,1.1581178
3012123,21.939678
3012124,35.229996
3012125,0.06916703
3012126,247.28656
3012127,7.619378
3012128,33.78781
3012129,9.775489
3012130,62.254078
3012131,14.347996
3012132,318.87766
3012133,242.42088
3012134,14.481447
3012135,11.840157
3012136,433.8598
3012137,92.688515
3012138,3164.542
3012139,0.071868405
3012140,18.119698
3012141,1.9145086
3012142,0.018663775
3012143,1.3475001
3012144,1828.069
3012145,0.0029937648
3012146,303.60187
3012147,4.305524
3012148,422.42407
3012149,511.37
3012150,122.38888
3012151,102.27279
3012152,68.38391
3012153,1715.4628
3012154,15.590179
3012155,0.4799244
3012156,13.761284
3012157,10.704427
3012158,0.056671172
3012159,76.47908
3012160,0.0108708255
3012161,19.0867
3012162,2.3630593
3012163,87.04853
3012164,7.2153788
3012165,153.92397
3012166,91.68797
3012167,3.9462428
3012168,6.7803397
3012169,138.73447
3012170,34.72251
3012171,1363.7664
3012172,0.5802897
3012173,2.079751
3012174,2.983448
3012175,0.021237662
3012176,0.55496633
3012177,722.99084
3012178,0.0056333067
3012179,162.51828
3012180,4.1186786
3012181,321.4732
3012182,184.3976
3012183,56.399273
3012184,29.484474
3012185,24.802395
3012186,1195.0669
3012187,11.707119
3012188,0.40808406
3012189,8.765994
3012190,6.5422835
3012191,0.096650794
3012192,58.344856
3012193,0.20418744
3012194,5.8998814
3012195,0.9422921
3012196,10.977288
3012197,0.18548058
3012198,170.80571
3012199,75.29672
3012200,1.554584
3012201,1.0196311
3012202,99.92946
3012203,16.152739
3012204,447.50287
3012205,0.37059897
3012206,1.7564867
3012207,5.572106
3012208,0.12242826
3012209,2.2257137
3012210,2823.024
3012211,0.0075840997
3012212,593.59204
3012213,10.155126
3012214,772.66595
3012215,858.6563
3012216,246.5208
3012217,191.35657
3012218,90.85228
3012219,3304.6228
3012220,20.114483
3012221,1.9014735
3012222,21.138372
3012223,17.404278
3012224,0.12121605
3012225,189.4716
3012226,5.622385
3012227,34.06706
3012228,7.3181047
3012229,57.898502
3012230,5.708201
3012231,238.47702
3012232,190.41414
3012233,9.160175
3012234,8.211593
3012235,328.70828
3012236,64.586105
3012237,2288.9258
3012238,0.9429654
3012239,13.638353
3012240,5.02662
3012241,0.13603605
3012242,2.3942237
3012243,3238.0132
3012244,0.0
3012245,630.6254
3012246,10.733798
3012247,1131.3594
3012248,901.06586
3012249,355.12723
3012250,260.40863
3012251,63.99533
3012252,4283.0156
3012253,11.54351
3012254,0.33074105
3012255,31.401108
3012256,15.224348
3012257,0.77211034
3012258,237.68925
3012259,0.0
3012260,13.689137
3012261,5.3683844
3012262,30.437984
3012263,1.1079738
3012264,229.48956
3012265,322.9926
3012266,5.277826
3012267,5.895032
3012268,202.36482
3012269,86.06606
3012270,3078.9836
3012271,1.8205056
3012272,6.643856
3012273,5.451831
3012274,0.33255854
3012275,2.9469802
3012276,2895.0547
3012277,0.0
3012278,688.8224
3012279,10.207172
3012280,905.5426
3012281,792.5341
3012282,276.26117
3012283,222.06583
3012284,62.684315
3012285,3601.8374
3012286,14.763499
3012287,0.589643
3012288,27.2477
3012289,18.447943
3012290,0.22621968
3012291,220.47708
3012292,0.0
3012293,14.124107
3012294,5.513004
3012295,39.987293
3012296,1.9774361
3012297,135.1669
3012298,226.77711
3012299,5.9961305
3012300,6.3102508
3012301,184.25833
3012302,72.63026
3012303,2535.0928
3012304,2.4484437
3012305,6.9752846
3012306,8.084531
3012307,0.6328875
3012308,13.981398
3012309,6747.9775
3012310,0.07392386
3012311,1118.039
3012312,27.251228
3012313,1722.6656
3012314,1816.0344
3012315,348.19412
3012316,407.13992
3012317,281.4405
3012318,7293.4067
3012319,66.98836
3012320,3.0578337
3012321,49.76048
3012322,46.568325
3012323,0.017797772
3012324,424.7966
3012325,30.335354
3012326,52.021748
3012327,21.793123
3012328,138.64136
3012329,33.468998
3012330,609.9005
3012331,405.59216
3012332,20.837349
3012333,23.362234
3012334,849.08514
3012335,241.13312
3012336,6188.242
3012337,1.2996154
3012338,70.779686
3012339,2.814667
3012340,0.11443157
3012341,0.7380631
3012342,1506.1763
3012343,0.0
3012344,170.11876
3012345,3.2581358
3012346,485.47675
3012347,270.70068
3012348,113.444
3012349,123.20113
3012350,39.676086
3012351,1840.3062
3012352,5.547535
3012353,0.22915745
3012354,12.973034
3012355,8.168761
3012356,0.03315203
3012357,105.679535
3012358,0.54855645
3012359,0.0
3012360,1.3007674
3012361,25.951746
3012362,0.9451684
3012363,65.694016
3012364,89.50956
3012365,2.5366886
3012366,3.0493941
3012367,91.32979
3012368,18.705591
3012369,1145.1718
3012370,0.0069760284
3012371,4.368088
3012372,6.439605
3012373,0.22421403
3012374,1.6840997
3012375,2796.999
3012376,0.0071969284
3012377,517.3904
3012378,9.191696
3012379,1117.6473
3012380,746.2008
3012381,212.1865
3012382,230.2518
3012383,63.716263
3012384,4079.3503
3012385,14.821378
3012386,0.46949622
3012387,20.561848
3012388,14.637151
3012389,0.14046149
3012390,231.55533
3012391,1.2717142
3012392,11.220463
3012393,8.23483
3012394,14.224292
3012395,0.7210089
3012396,290.5273
3012397,215.28633
3012398,3.3644128
3012399,5.73815
3012400,122.99638
3012401,64.52715
3012402,2366.9258
3012403,1.710948
3012404,5.814808
3012405,1.2582984
3012406,0.045558937
3012407,0.40618646
3012408,1032.7266
3012409,0.0
3012410,94.58571
3012411,2.8054078
3012412,436.7654
3012413,180.02483
3012414,88.53041
3012415,135.13042
3012416,19.636822
3012417,1784.5642
3012418,2.288018
3012419,0.128718
3012420,8.67382
3012421,4.143447
3012422,0.045403145
3012423,65.97961
3012424,0.017853282
3012425,0.0
3012426,1.0665348
3012427,6.5974903
3012428,0.27068758
3012429,61.673546
3012430,75.30495
3012431,0.21890202
3012432,1.1458745
3012433,48.495438
3012434,10.611399
3012435,369.08316
3012436,0.011980383
3012437,1.6526403
3012438,6.324279
3012439,0.20315851
3012440,1.5017891
3012441,1904.5474
3012442,0.0014290281
3012443,248.98631
3012444,6.6213655
3012445,905.1044
3012446,464.73315
3012447,178.80476
3012448,110.80271
3012449,47.94645
3012450,2766.8525
3012451,1.8515475
3012452,0.17323397
3012453,22.60362
3012454,16.142906
3012455,0.046681553
3012456,167.6153
3012457,0.0076451786
3012458,0.0
3012459,10.55321
3012460,16.058111
3012461,2.4149122
3012462,236.40817
3012463,168.36792
3012464,1.7564518
3012465,3.9997396
3012466,173.49727
3012467,33.092472
3012468,2096.2278
3012469,0.05285611
3012470,1.175889
3012471,2.6512644
3012472,0.35935894
3012473,1.8455999
3012474,2337.362
3012475,0.007963069
3012476,651.76514
3012477,18.767569
3012478,775.65845
3012479,586.23236
3012480,221.16545
3012481,116.349174
3012482,65.12497
3012483,3417.171
3012484,6.9561677
3012485,2.5008435
3012486,29.9495
3012487,37.946976
3012488,0.27337274
3012489,190.34935
3012490,1.692461
3012491,8.393383
3012492,3.8872313
3012493,28.896105
3012494,2.6819367
3012495,157.69818
3012496,240.29427
3012497,3.165052
3012498,6.147627
3012499,116.86544
3012500,38.425976
3012501,1266.463
3012502,5.7469296
3012503,3.856709
3012504,3.7097807
3012505,0.07106741
3012506,0.34532645
3012507,1301.8655
3012508,0.0
3012509,86.483215
3012510,1.7798297
3012511,494.64557
3012512,175.46884
3012513,80.403625
3012514,121.295044
3012515,27.037424
3012516,1627.6517
3012517,4.9049907
3012518,0.1603127
3012519,9.116992
3012520,6.8974037
3012521,0.10436922
3012522,85.54543
3012523,0.0232036
3012524,0.0057758554
3012525,0.14103994
3012526,14.818734
3012527,1.2229438
3012528,133.96223
3012529,79.1015
3012530,0.71047115
3012531,0.8042102
3012532,42.952663
3012533,17.248177
3012534,732.5387
3012535,0.08666279
3012536,0.22461669
3012537,4.517711
3012538,0.06350423
3012539,0.985855
3012540,3255.805
3012541,0.0022530868
3012542,552.9021
3012543,9.001994
3012544,1027.5903
3012545,732.96136
3012546,236.57396
3012547,167.04524
3012548,70.21695
3012549,4258.0933
3012550,7.465275
3012551,0.16037104
3012552,22.16649
3012553,13.977744
3012554,0.06856266
3012555,209.4301
3012556,0.024038069
3012557,27.815035
3012558,6.954595
3012559,44.92486
3012560,2.4843192
3012561,247.81967
3012562,212.15865
3012563,3.541112
3012564,4.8028827
3012565,140.1137
3012566,60.95726
3012567,2676.1104
3012568,0.24357949
3012569,1.4284034
3012570,3.366291
3012571,0.058911126
3012572,5.0539103
3012573,2233.0295
3012574,0.0013528669
3012575,495.59088
3012576,8.216837
3012577,910.4657
3012578,842.90424
3012579,139.32687
3012580,103.19311
3012581,111.66079
3012582,3188.7095
3012583,39.630646
3012584,1.0412629
3012585,20.885155
3012586,24.43477
3012587,0.06107575
3012588,214.1815
3012589,16.367214
3012590,27.850796
3012591,0.16741107
3012592,75.35081
3012593,12.588124
3012594,191.5827
3012595,215.84521
3012596,10.082332
3012597,13.121367
3012598,206.27104
3012599,75.963875
3012600,2432.978
3012601,0.4442807
3012602,11.215133
3012603,4.5469675
3012604,0.021361114
3012605,9.068162
3012606,1905.6199
3012607,0.003303788
3012608,377.30667
3012609,9.435728
3012610,784.95734
3012611,730.1006
3012612,125.82785
3012613,68.9448
3012614,90.71136
3012615,3151.858
3012616,24.93355
3012617,0.7046274
3012618,24.2621
3012619,39.20741
3012620,0.049433377
3012621,229.28984
3012622,16.671675
3012623,14.951121
3012624,5.293759
3012625,53.542503
3012626,12.318849
3012627,136.54802
3012628,262.55692
3012629,7.4481125
3012630,9.470105
3012631,105.527855
3012632,74.86487
3012633,1736.3419
3012634,0.069451705
3012635,10.502301
3012636,8.330564
3012637,0.2095192
3012638,3.1645641
3012639,3260.5854
3012640,0.00422288
3012641,700.8626
3012642,7.263666
3012643,1259.0822
3012644,624.0591
3012645,206.59547
3012646,266.4205
3012647,64.72586
3012648,4744.461
3012649,31.760715
3012650,0.804572
3012651,20.630262
3012652,24.31427
3012653,0.15439609
3012654,299.20453
3012655,3.8558083
3012656,20.076685
3012657,7.125718
3012658,40.61168
3012659,8.037432
3012660,141.2959
3012661,256.0027
3012662,6.560797
3012663,11.284124
3012664,181.82362
3012665,66.58606
3012666,2820.663
3012667,14.153452
3012668,15.145664
3012669,3.494317
3012670,0.017657401
3012671,3.8602967
3012672,2265.2432
3012673,0.014412881
3012674,365.31683
3012675,5.600633
3012676,711.3886
3012677,726.5603
3012678,172.58655
3012679,130.91104
3012680,80.79139
3012681,2949.303
3012682,20.60119
3012683,0.8392184
3012684,12.687568
3012685,12.459042
3012686,0.060715005
3012687,190.35774
3012688,15.077696
3012689,17.664371
3012690,1.5198207
3012691,48.84134
3012692,9.297489
3012693,288.10556
3012694,191.1208
3012695,6.777821
3012696,7.3917475
3012697,322.14496
3012698,57.047195
3012699,1922.2346
3012700,0.1321706
3012701,21.725859
3012702,1.9278312
3012703,0.3999734
3012704,1.5192261
3012705,3990.6074
3012706,0.0
3012707,425.44275
3012708,9.322254
3012709,1572.2217
3012710,678.83856
3012711,272.54926
3012712,165.27621
3012713,65.60452
3012714,5811.5195
3012715,10.411328
3012716,0.844988
3012717,21.514168
3012718,25.684298
3012719,0.07799673
3012720,303.6966
3012721,0.009631347
3012722,0.15721487
3012723,6.3085685
3012724,21.674795
3012725,4.3053427
3012726,132.90799
3012727,280.22562
3012728,3.2559276
3012729,9.911512
3012730,144.56854
3012731,55.474472
3012732,2273.4014
3012733,0.03490943
3012734,6.131107
3012735,5.3780313
3012736,0.09256547
3012737,4.886135
3012738,2074.1343
3012739,0.0077229002
3012740,445.40976
3012741,9.280629
3012742,915.8508
3012743,647.2216
3012744,200.71179
3012745,108.3339
3012746,138.013
3012747,3235.398
3012748,27.042826
3012749,0.62178993
3012750,20.878992
3012751,21.930857
3012752,0.04750751
3012753,220.52039
3012754,12.417682
3012755,19.64067
3012756,6.559804
3012757,48.05311
3012758,14.207589
3012759,161.87953
3012760,239.59068
3012761,10.714304
3012762,7.195137
3012763,162.12515
3012764,50.85418
3012765,1817.7941
3012766,0.093946934
3012767,7.6376066
3012768,3.4651184
3012769,0.023553852
3012770,3.519196
3012771,2169.3752
3012772,0.0062478846
3012773,478.87506
3012774,7.498022
3012775,728.24554
3012776,749.4637
3012777,137.21523
3012778,105.32811
3012779,94.77907
3012780,2630.5845
3012781,26.556906
3012782,0.57159233
3012783,16.886108
3012784,17.104631
3012785,0.086916015
3012786,184.57503
3012787,13.212425
3012788,28.195236
3012789,4.8325434
3012790,47.949657
3012791,10.730618
3012792,165.72287
3012793,182.87186
3012794,7.2117767
3012795,8.933385
3012796,203.88225
3012797,53.34642
3012798,2086.3428
3012799,0.14204034
3012800,14.072477
3012801,5.0907807
3012802,0.030101217
3012803,4.4614825
3012804,3899.1125
3012805,0.0
3012806,588.0929
3012807,9.439884
3012808,1259.8058
3012809,653.3177
3012810,319.55743
3012811,173.83525
3012812,47.653008
3012813,4437.6885
3012814,10.830788
3012815,0.16524073
3012816,14.616894
3012817,16.235916
3012818,0.04413346
3012819,230.05782
3012820,0.14196688
3012821,8.772956
3012822,4.39993
3012823,46.25851
3012824,4.1713314
3012825,216.21507
3012826,250.10382
3012827,2.9462252
3012828,3.936448
3012829,196.59012
3012830,106.81637
3012831,2150.5781
3012832,3.1592464
3012833,0.38289618
3012834,12.368465
3012835,0.014274429
3012836,11.180211
3012837,7426.0903
3012838,0.0084678605
3012839,1194.9905
3012840,20.674664
3012841,1813.7727
3012842,2035.308
3012843,417.10208
3012844,425.55582
3012845,359.65344
3012846,7962.57
3012847,73.56785
3012848,4.769613
3012849,90.661255
3012850,95.291306
3012851,0.0007433076
3012852,474.2773
3012853,20.204563
3012854,29.00171
3012855,17.221766
3012856,217.27829
3012857,29.51011
3012858,650.48334
3012859,422.5654
3012860,28.081581
3012861,33.256805
3012862,899.61743
3012863,292.97046
3012864,7249.671
3012865,379.50443
3012866,73.56948
3012867,11.220128
3012868,0.014003201
3012869,9.75201
3012870,6950.9
3012871,0.010281366
3012872,1077.448
3012873,22.14474
3012874,2033.9413
3012875,1796.5017
3012876,482.1681
3012877,304.46964
3012878,261.3279
3012879,8903.378
3012880,79.270615
3012881,1.7896643
3012882,57.847664
3012883,69.06056
3012884,0.75255835
3012885,492.0827
3012886,17.49785
3012887,29.73476
3012888,5.3546314
3012889,127.509
3012890,26.640789
3012891,881.98737
3012892,560.33856
3012893,20.208006
3012894,28.650944
3012895,942.4295
3012896,217.00493
3012897,5021.2397
3012898,333.88126
3012899,68.84389
3012900,9.804456
3012901,0.016244465
3012902,12.604033
3012903,4687.422
3012904,0.020160884
3012905,768.3118
3012906,13.095265
3012907,1843.6403
3012908,1316.7783
3012909,652.1431
3012910,116.84734
3012911,180.34535
3012912,7970.442
3012913,35.44617
3012914,2.2122953
3012915,27.89811
3012916,21.439428
3012917,0.4370416
3012918,573.5725
3012919,23.152668
3012920,21.350883
3012921,6.7796364
3012922,92.77116
3012923,10.103241
3012924,757.6281
3012925,650.7444
3012926,18.831135
3012927,24.479404
3012928,599.79364
3012929,138.65747
3012930,2379.5354
3012931,288.21808
3012932,36.56736
3012933,12.671701
3012934,0.010375731
3012935,15.249231
3012936,6643.287
3012937,0.005505642
3012938,1000.3987
3012939,19.200224
3012940,1996.1621
3012941,1774.5693
3012942,515.58954
3012943,292.80426
3012944,242.36008
3012945,8535.325
3012946,58.15562
3012947,1.8420384
3012948,47.106216
3012949,52.30219
3012950,0.017226769
3012951,511.21857
3012952,20.478718
3012953,28.258606
3012954,7.036751
3012955,118.733315
3012956,24.816418
3012957,682.6726
3012958,626.0897
3012959,18.6084
3012960,29.100986
3012961,811.30884
3012962,196.82544
3012963,4564.7812
3012964,383.80945
3012965,59.67413
3012966,8.536386
3012967,0.014832102
3012968,13.91667
3012969,3854.2888
3012970,0.010407108
3012971,626.7994
3012972,11.069123
3012973,1720.3594
3012974,999.199
3012975,529.47723
3012976,91.43075
3012977,134.01372
3012978,6706.655
3012979,36.325226
3012980,0.29668835
3012981,29.363049
3012982,23.643175
3012983,0.04677545
3012984,517.54364
3012985,18.306067
3012986,15.37006
3012987,2.0290756
3012988,69.26287
3012989,7.341712
3012990,655.5711
3012991,600.5453
3012992,13.247184
3012993,22.0995
3012994,518.9832
3012995,89.10813
3012996,1830.2123
3012997,288.3061
3012998,17.633417
3012999,9.561189
3013000,0.03433363
3013001,9.117014
3013002,6552.7217
3013003,0.00874392
3013004,1106.9495
3013005,22.941462
3013006,1686.8414
3013007,1991.1687
3013008,354.95337
3013009,392.8046
3013010,316.53217
3013011,7371.575
3013012,61.7665
3013013,1.6396203
3013014,40.546688
3013015,37.702404
3013016,0.032852236
3013017,424.45117
3013018,13.122196
3013019,34.415306
3013020,9.414025
3013021,153.7872
3013022,21.836765
3013023,660.7907
3013024,380.18033
3013025,17.500153
3013026,24.465126
3013027,804.4165
3013028,204.65549
3013029,6794.4526
3013030,258.02383
3013031,72.43951
3013032,5.263765
3013033,0.16153912
3013034,6.1789217
3013035,1730.5063
3013036,0.015440741
3013037,328.67966
3013038,17.236559
3013039,752.0109
3013040,481.63297
3013041,200.43517
3013042,75.35576
3013043,75.36784
3013044,2590.9248
3013045,19.512804
3013046,0.80415666
3013047,21.94859
3013048,20.437166
3013049,0.2240793
3013050,197.67755
3013051,10.343265
3013052,8.287152
3013053,9.951824
3013054,45.05923
3013055,9.191932
3013056,202.34833
3013057,215.28674
3013058,3.5396256
3013059,7.3790207
3013060,187.7028
3013061,57.279583
3013062,1439.4431
3013063,0.20624772
3013064,7.16535
3013065,8.901903
3013066,0.018141074
3013067,10.012617
3013068,3479.632
3013069,0.010546599
3013070,512.22437
3013071,20.689943
3013072,1447.7324
3013073,1005.55176
3013074,384.61877
3013075,87.72869
3013076,129.43704
3013077,5292.056
3013078,56.07305
3013079,0.5542408
3013080,40.954315
3013081,38.00317
3013082,0.03488044
3013083,370.74606
3013084,12.100138
3013085,9.595433
3013086,3.7285266
3013087,100.59793
3013088,11.146945
3013089,466.31216
3013090,445.7718
3013091,11.375178
3013092,25.511993
3013093,320.09225
3013094,68.40373
3013095,1928.7532
3013096,264.5437
3013097,18.50515
3013098,5.2814474
3013099,0.01847381
3013100,4.287547
3013101,3750.9214
3013102,0.0046057343
3013103,793.4988
3013104,11.851084
3013105,1100.981
3013106,1314.7037
3013107,197.79753
3013108,291.83026
3013109,206.91902
3013110,3963.293
3013111,37.17811
3013112,1.7132857
3013113,27.975552
3013114,38.344112
3013115,0.8455125
3013116,236.44304
3013117,2.1274762
3013118,43.521156
3013119,6.2221227
3013120,91.80114
3013121,15.833805
3013122,507.26248
3013123,238.98593
3013124,15.7889385
3013125,9.835779
3013126,664.9795
3013127,106.07175
3013128,4445.8955
3013129,0.8547436
3013130,37.84284
3013131,8.423589
3013132,0.012995273
3013133,4.67227
3013134,3011.713
3013135,0.0
3013136,648.0499
3013137,10.808764
3013138,1244.9375
3013139,1025.8076
3013140,269.8671
3013141,138.65361
3013142,218.64479
3013143,4558.15
3013144,33.396408
3013145,2.1074483
3013146,36.120163
3013147,36.793076
3013148,0.068583645
3013149,268.28387
3013150,4.9278846
3013151,39.84858
3013152,9.781256
3013153,208.83612
3013154,10.250175
3013155,382.71777
3013156,259.914
3013157,12.336748
3013158,15.951174
3013159,390.92752
3013160,119.66779
3013161,4197.636
3013162,5.998049
3013163,4.9932456
3013164,6.6770196
3013165,0.08714538
3013166,4.2544365
3013167,1884.6295
3013168,0.016003596
3013169,414.35153
3013170,7.1577377
3013171,795.1288
3013172,451.06104
3013173,190.92082
3013174,82.94673
3013175,81.165634
3013176,2673.1147
3013177,14.001922
3013178,0.89262867
3013179,24.022633
3013180,24.88515
3013181,0.086304024
3013182,168.32529
3013183,2.7735522
3013184,18.085604
3013185,6.3783326
3013186,73.01846
3013187,4.9172835
3013188,221.00511
3013189,187.95871
3013190,5.0989246
3013191,6.1668825
3013192,161.55817
3013193,54.386696
3013194,1785.857
3013195,0.26990557
3013196,3.5103998
3013197,5.223145
3013198,0.052517038
3013199,1.2642756
3013200,2096.64
3013201,0.0
3013202,214.50578
3013203,4.5856423
3013204,972.66406
3013205,236.50758
3013206,223.65332
3013207,58.15122
3013208,33.258522
3013209,2910.782
3013210,7.6783047
3013211,0.63031125
3013212,18.471052
3013213,13.559568
3013214,0.054846194
3013215,188.9182
3013216,0.015269589
3013217,0.002595688
3013218,2.0689902
3013219,13.258628
3013220,1.9027071
3013221,51.968845
3013222,161.86198
3013223,0.23165716
3013224,3.534881
3013225,49.087925
3013226,70.731445
3013227,962.53546
3013228,0.06641145
3013229,2.0720537
3013230,4.4170957
3013231,0.018919548
3013232,5.5427833
3013233,3137.18
3013234,0.005748519
3013235,534.9799
3013236,8.240003
3013237,1031.8298
3013238,901.7853
3013239,290.48755
3013240,137.22577
3013241,115.46938
3013242,4231.5996
3013243,27.008883
3013244,1.8062811
3013245,20.529892
3013246,29.14366
3013247,0.048815116
3013248,263.89645
3013249,18.83208
3013250,11.691478
3013251,7.0047417
3013252,53.426476
3013253,10.180617
3013254,385.36273
3013255,263.74216
3013256,8.770368
3013257,12.036257
3013258,446.43015
3013259,77.07656
3013260,2069.3289
3013261,0.04252791
3013262,31.987556
3013263,4.4728813
3013264,0.01684189
3013265,4.3056602
3013266,3904.867
3013267,0.008177154
3013268,746.20294
3013269,12.922103
3013270,1014.3483
3013271,1379.4154
3013272,172.71523
3013273,253.65225
3013274,215.95856
3013275,3878.143
3013276,46.42676
3013277,1.5665689
3013278,25.796791
3013279,32.444725
3013280,0.3234279
3013281,217.78264
3013282,12.220419
3013283,41.968174
3013284,7.474265
3013285,101.92571
3013286,17.756895
3013287,410.76605
3013288,221.23114
3013289,8.923393
3013290,11.726345
3013291,574.41693
3013292,128.15292
3013293,4817.6147
3013294,1.5083864
3013295,40.14074
3013296,3.9893904
3013297,0.06680653
3013298,7.835766
3013299,3881.9553
3013300,0.13004024
3013301,754.3542
3013302,14.417797
3013303,1124.2942
3013304,1299.089
3013305,236.074
3013306,251.37022
3013307,147.97585
3013308,4600.9023
3013309,36.353992
3013310,2.7570446
3013311,33.00659
3013312,35.648857
3013313,0.024564285
3013314,310.75482
3013315,23.363146
3013316,37.157833
3013317,20.279837
3013318,98.4873
3013319,18.53119
3013320,338.0605
3013321,286.1352
3013322,16.107466
3013323,21.476463
3013324,452.6456
3013325,135.40071
3013326,4130.997
3013327,0.26375595
3013328,34.67032
3013329,8.946135
3013330,0.45335636
3013331,6.0511775
3013332,3397.8948
3013333,0.008135691
3013334,470.53415
3013335,11.718103
3013336,1453.5455
3013337,808.41284
3013338,521.8345
3013339,162.99147
3013340,79.68306
3013341,6101.0737
3013342,11.360323
3013343,0.7671138
3013344,48.870625
3013345,35.94131
3013346,0.06762136
3013347,413.29486
3013348,11.459398
3013349,4.863354
3013350,5.500028
3013351,32.30808
3013352,5.366268
3013353,375.76315
3013354,355.96777
3013355,6.1025696
3013356,9.711581
3013357,300.18152
3013358,109.62934
3013359,2205.8022
3013360,129.28822
3013361,17.729069
3013362,3.5972795
3013363,0.052530404
3013364,2.942292
3013365,2176.3203
3013366,0.00887759
3013367,439.66397
3013368,12.1515045
3013369,683.3197
3013370,783.3782
3013371,135.37352
3013372,154.32991
3013373,108.62896
3013374,2878.8218
3013375,26.462269
3013376,1.2854881
3013377,19.144934
3013378,24.564953
3013379,0.036010116
3013380,183.01817
3013381,13.900906
3013382,23.501936
3013383,6.6617255
3013384,92.2681
3013385,8.86695
3013386,326.65045
3013387,151.763
3013388,5.9272065
3013389,9.907998
3013390,310.11478
3013391,80.13128
3013392,3390.4895
3013393,0.67384243
3013394,26.031073
3013395,1.1296194
3013396,0.59114695
3013397,1.2466216
3013398,1113.3595
3013399,0.0
3013400,83.72463
3013401,2.8869305
3013402,631.11774
3013403,263.16763
3013404,225.75845
3013405,34.01874
3013406,26.776031
3013407,2371.7837
3013408,4.607003
3013409,0.2077997
3013410,6.0674276
3013411,5.0618587
3013412,0.04497317
3013413,144.9859
3013414,4.6082635
3013415,0.0
3013416,0.67640364
3013417,5.5718513
3013418,0.53883195
3013419,138.17258
3013420,133.69196
3013421,0.5234388
3013422,2.1901085
3013423,107.298546
3013424,21.97955
3013425,207.53839
3013426,6.2486873
3013427,0.40636143
3013428,6.3847923
3013429,0.34971046
3013430,4.455665
3013431,4750.9233
3013432,0.00479497
3013433,533.9229
3013434,11.2352705
3013435,1915.8826
3013436,638.0336
3013437,440.64676
3013438,113.45229
3013439,71.46129
3013440,7045.96
3013441,20.651003
3013442,0.32483345
3013443,17.842646
3013444,14.1599455
3013445,0.11920308
3013446,395.933
3013447,8.415403
3013448,2.7224722
3013449,10.829927
3013450,25.951
3013451,3.6447325
3013452,589.3099
3013453,323.1326
3013454,1.6363735
3013455,11.512175
3013456,316.5797
3013457,92.877365
3013458,1199.2822
3013459,18.526848
3013460,6.9154058
3013461,4.0954585
3013462,0.05802201
3013463,1.0345058
3013464,1655.3152
3013465,0.0
3013466,151.51918
3013467,8.15753
3013468,687.50464
3013469,412.31735
3013470,199.81525
3013471,53.022526
3013472,36.674026
3013473,2724.4685
3013474,6.210893
3013475,0.22243193
3013476,12.182907
3013477,12.695044
3013478,0.065104954
3013479,178.7914
3013480,3.7123442
3013481,0.0
3013482,3.0904722
3013483,24.218273
3013484,1.5760365
3013485,138.28596
3013486,147.08911
3013487,1.7396944
3013488,5.2949686
3013489,131.65485
3013490,45.114124
3013491,304.54422
3013492,9.352122
3013493,5.0759635
3013494,3.292276
3013495,0.051104818
3013496,2.3844552
3013497,1255.4319
3013498,0.0
3013499,102.14661
3013500,4.713426
3013501,574.17444
3013502,251.51154
3013503,139.78235
3013504,39.88649
3013505,25.195148
3013506,2313.0657
3013507,5.7226562
3013508,0.118866175
3013509,8.3838625
3013510,8.291194
3013511,0.083895236
3013512,127.57765
3013513,1.7731597
3013514,0.0064713834
3013515,2.2118218
3013516,23.735863
3013517,1.0919058
3013518,110.02336
3013519,136.25725
3013520,0.4615094
3013521,3.6887221
3013522,68.01932
3013523,32.23106
3013524,189.46397
3013525,13.973756
3013526,1.5381749
3013527,2.2700157
3013528,0.025974233
3013529,1.3541682
3013530,1235.1061
3013531,0.0
3013532,155.42311
3013533,5.4362173
3013534,863.6908
3013535,444.74103
3013536,211.69586
3013537,25.431183
3013538,38.65291
3013539,2581.8198
3013540,2.023442
3013541,0.42926338
3013542,10.406084
3013543,18.263676
3013544,0.0750176
3013545,214.4505
3013546,0.030339532
3013547,0.03344667
3013548,1.8425546
3013549,12.743764
3013550,2.5232902
3013551,164.61406
3013552,247.03618
3013553,1.128283
3013554,3.8969455
3013555,54.75518
3013556,85.80987
3013557,347.34995
3013558,8.970561
3013559,2.976626
3013560,4.2701087
3013561,1.4002275
3013562,2.8015058
3013563,1652.0187
3013564,0.0
3013565,156.39023
3013566,3.4888992
3013567,845.18005
3013568,405.26346
3013569,255.98529
3013570,67.04466
3013571,52.35274
3013572,2931.468
3013573,10.213716
3013574,0.68279624
3013575,11.169816
3013576,14.565306
3013577,0.041744314
3013578,208.2438
3013579,9.661086
3013580,0.0
3013581,5.522345
3013582,14.538735
3013583,2.0341833
3013584,129.82622
3013585,174.21832
3013586,1.1646783
3013587,4.1854105
3013588,112.515274
3013589,37.11317
3013590,634.9798
3013591,9.366349
3013592,4.9636874
3013593,3.5008907
3013594,0.044946007
3013595,1.1873302
3013596,1062.3353
3013597,0.002367553
3013598,102.86898
3013599,4.046077
3013600,612.40735
3013601,205.32047
3013602,140.9477
3013603,71.509125
3013604,23.938013
3013605,1877.0524
3013606,3.2517867
3013607,0.13839224
3013608,10.967115
3013609,7.2926836
3013610,0.048563093
3013611,133.58063
3013612,0.008183343
3013613,0.0
3013614,2.1651247
3013615,11.045617
3013616,0.9185028
3013617,49.589714
3013618,114.123566
3013619,0.7624892
3013620,2.3683462
3013621,56.866844
3013622,32.40563
3013623,465.7625
3013624,0.22631477
3013625,0.40779904
3013626,6.5337396
3013627,0.22844143
3013628,1.9547617
3013629,2946.395
3013630,0.0
3013631,269.70517
3013632,4.1590657
3013633,964.7728
3013634,785.6832
3013635,407.68207
3013636,164.26459
3013637,78.214096
3013638,3972.915
3013639,10.021569
3013640,0.5497941
3013641,21.63367
3013642,16.370775
3013643,0.028093288
3013644,249.06906
3013645,0.0346325
3013646,0.012684608
3013647,3.2558799
3013648,18.189007
3013649,3.517199
3013650,216.54158
3013651,212.73329
3013652,2.216025
3013653,6.6876025
3013654,243.56898
3013655,62.197098
3013656,1196.4559
3013657,36.49445
3013658,12.105165
3013659,2.3233008
3013660,0.21904667
3013661,2.488012
3013662,1790.4623
3013663,0.008022489
3013664,512.75916
3013665,4.75847
3013666,523.51404
3013667,530.50214
3013668,169.32944
3013669,141.14859
3013670,41.206165
3013671,2373.3367
3013672,7.0279665
3013673,0.21088153
3013674,22.222902
3013675,12.654602
3013676,0.033096727
3013677,158.41719
3013678,5.1804824
3013679,1.9778974
3013680,3.0304952
3013681,38.672466
3013682,1.9607527
3013683,88.48765
3013684,136.37589
3013685,2.7541115
3013686,4.8934574
3013687,142.52605
3013688,50.550865
3013689,1265.2705
3013690,43.836567
3013691,8.79872
3013692,5.3286233
3013693,0.2513154
3013694,3.3115873
3013695,2418.9705
3013696,0.0
3013697,135.0611
3013698,6.8796716
3013699,846.4642
3013700,318.89047
3013701,264.35333
3013702,48.16817
3013703,43.2455
3013704,3134.3022
3013705,13.378887
3013706,0.8751042
3013707,11.943128
3013708,9.701486
3013709,0.056201935
3013710,166.31764
3013711,6.024013
3013712,0.0
3013713,2.2265046
3013714,17.054453
3013715,2.5380857
3013716,116.61347
3013717,161.52887
3013718,1.7443991
3013719,4.865706
3013720,72.35687
3013721,29.194593
3013722,379.62454
3013723,8.624221
3013724,2.9070592
3013725,4.599542
3013726,0.019384865
3013727,6.4683566
3013728,2886.0374
3013729,0.0058157826
3013730,625.5589
3013731,9.666759
3013732,882.8762
3013733,931.0657
3013734,226.51552
3013735,149.05609
3013736,110.820625
3013737,3895.3948
3013738,36.989872
3013739,0.72539234
3013740,16.07205
3013741,15.182823
3013742,0.045700286
3013743,250.4585
3013744,19.83037
3013745,13.388514
3013746,2.1588922
3013747,65.94496
3013748,10.395182
3013749,448.2396
3013750,246.59824
3013751,8.664062
3013752,8.329627
3013753,422.06885
3013754,103.83039
3013755,3526.92
3013756,0.121393226
3013757,31.406895
3013758,5.810482
3013759,0.246899
3013760,3.1588168
3013761,2724.835
3013762,0.001953182
3013763,351.12863
3013764,5.1317563
3013765,998.3046
3013766,799.482
3013767,439.61353
3013768,67.96556
3013769,54.020256
3013770,4193.57
3013771,11.097293
3013772,0.26821604
3013773,14.214034
3013774,11.302621
3013775,0.033470575
3013776,253.20264
3013777,1.5122705
3013778,6.1907396
3013779,2.5398507
3013780,28.061876
3013781,1.4632611
3013782,221.1324
3013783,239.89879
3013784,3.4826417
3013785,6.604034
3013786,209.39096
3013787,60.228256
3013788,779.6059
3013789,41.129196
3013790,9.875606
3013791,7.443059
3013792,0.5468044
3013793,3.5469418
3013794,2738.4177
3013795,0.0017393441
3013796,413.05786
3013797,6.7247157
3013798,1056.3348
3013799,632.5493
3013800,271.6598
3013801,172.99542
3013802,62.91464
3013803,3659.6523
3013804,14.812155
3013805,0.47073045
3013806,28.254414
3013807,18.832909
3013808,0.12793812
3013809,249.3043
3013810,2.3556082
3013811,3.4902368
3013812,7.352007
3013813,26.251583
3013814,1.5243332
3013815,101.5436
3013816,220.42027
3013817,2.0401852
3013818,4.847691
3013819,139.8796
3013820,139.04385
3013821,1113.1204
3013822,0.032109257
3013823,4.7234306
3013824,3.259966
3013825,0.114858225
3013826,2.1668777
3013827,1317.7589
3013828,0.0
3013829,124.384094
3013830,8.202891
3013831,539.92084
3013832,333.31613
3013833,143.04094
3013834,45.284744
3013835,38.12307
3013836,2138.4814
3013837,8.118517
3013838,0.854509
3013839,21.69597
3013840,17.848127
3013841,0.10951531
3013842,159.95108
3013843,0.0018238946
3013844,0.014119493
3013845,6.0943484
3013846,18.50664
3013847,3.6354218
3013848,92.05988
3013849,125.01813
3013850,0.880556
3013851,5.1820073
3013852,104.882065
3013853,37.332165
3013854,406.55453
3013855,6.2149415
3013856,0.88913035
3013857,2.3311803
3013858,0.017958185
3013859,1.4512753
3013860,1416.4661
3013861,0.46874127
3013862,280.6086
3013863,8.9627
3013864,506.80997
3013865,473.53726
3013866,127.19992
3013867,43.91782
3013868,60.33661
3013869,1880.236
3013870,26.321331
3013871,0.18104276
3013872,9.310927
3013873,12.595814
3013874,0.073452525
3013875,136.13596
3013876,11.178943
3013877,1.5581775
3013878,2.9689724
3013879,41.9938
3013880,5.3802953
3013881,477.63736
3013882,137.73051
3013883,2.6682224
3013884,3.083887
3013885,305.61285
3013886,34.305897
3013887,1560.8425
3013888,0.1245388
3013889,6.4541216
3013890,2.8993971
3013891,0.22973566
3013892,5.074877
3013893,3665.232
3013894,0.022015152
3013895,885.1373
3013896,14.215452
3013897,1135.0674
3013898,1402.9053
3013899,273.2642
3013900,254.97241
3013901,161.17693
3013902,4461.674
3013903,28.413254
3013904,0.9711753
3013905,23.628443
3013906,39.06322
3013907,0.050713453
3013908,273.8544
3013909,6.979376
3013910,50.251514
3013911,10.679701
3013912,74.193085
3013913,13.159248
3013914,430.6119
3013915,270.5722
3013916,15.126062
3013917,9.839179
3013918,540.7071
3013919,107.10063
3013920,5428.466
3013921,0.08540226
3013922,23.929089
3013923,1.6064897
3013924,0.01763502
3013925,1.7867322
3013926,2385.3474
3013927,0.0010904651
3013928,384.68976
3013929,5.2131004
3013930,516.4988
3013931,652.01483
3013932,155.49533
3013933,118.10557
3013934,81.04865
3013935,2122.1882
3013936,17.005259
3013937,0.5580081
3013938,15.002102
3013939,10.539798
3013940,0.04003091
3013941,86.46387
3013942,0.0048110215
3013943,23.535017
3013944,2.145464
3013945,234.06828
3013946,8.166141
3013947,184.0092
3013948,127.38197
3013949,4.863077
3013950,6.3672943
3013951,157.47964
3013952,45.800175
3013953,2245.031
3013954,0.7015431
3013955,0.21008669
3013956,3.500403
3013957,0.05016166
3013958,0.5210649
3013959,779.36176
3013960,0.00449209
3013961,196.76903
3013962,4.518732
3013963,343.3024
3013964,235.09457
3013965,68.65876
3013966,33.104546
3013967,29.13391
3013968,1300.4647
3013969,8.237661
3013970,0.4661448
3013971,9.150089
3013972,6.1659546
3013973,0.10510711
3013974,71.16289
3013975,0.24142703
3013976,7.4403296
3013977,1.0322158
3013978,13.582173
3013979,0.15232828
3013980,197.56958
3013981,89.84453
3013982,1.0554993
3013983,0.9332155
3013984,119.89528
3013985,17.445751
3013986,830.3462
3013987,0.48376346
3013988,1.3592374
3013989,6.0217085
3013990,0.115056634
3013991,2.4809103
3013992,3031.227
3013993,0.004926019
3013994,637.33136
3013995,12.625669
3013996,877.8557
3013997,989.495
3013998,259.53284
3013999,220.81656
3014000,102.267075
3014001,3704.3645
3014002,17.540936
3014003,1.9022932
3014004,18.514664
3014005,16.88284
3014006,0.17344637
3014007,209.94064
3014008,5.9343467
3014009,37.348015
3014010,6.0704308
3014011,67.70534
3014012,4.1511397
3014013,292.79837
3014014,201.39026
3014015,9.605138
3014016,8.551189
3014017,381.52155
3014018,68.98434
3014019,3743.7256
3014020,1.1441009
3014021,15.614504
3014022,4.307989
3014023,0.16209954
3014024,1.7903602
3014025,2803.4158
3014026,0.0
3014027,498.8327
3014028,10.203451
3014029,880.5435
3014030,781.8686
3014031,302.28445
3014032,197.40245
3014033,53.340782
3014034,3708.6392
3014035,9.028336
3014036,0.28772667
3014037,26.08884
3014038,13.140835
3014039,0.83023155
3014040,199.44731
3014041,0.0011934006
3014042,6.0533934
3014043,4.860873
3014044,32.99376
3014045,0.48603657
3014046,189.55882
3014047,279.5977
3014048,4.2815986
3014049,3.6241283
3014050,173.01367
3014051,73.07559
3014052,1241.1896
3014053,2.0736127
3014054,4.257191
3014055,4.703122
3014056,0.3236073
3014057,2.2664022
3014058,2572.3857
3014059,0.0
3014060,580.46954
3014061,10.19402
3014062,811.06177
3014063,745.4978
3014064,240.1482
3014065,162.56444
3014066,55.544827
3014067,3249.5122
3014068,10.615885
3014069,0.39571473
3014070,21.065954
3014071,14.630732
3014072,0.23437408
3014073,196.22057
3014074,0.0041614096
3014075,7.5382433
3014076,4.375282
3014077,47.33294
3014078,1.1733325
3014079,120.89648
3014080,191.41014
3014081,5.3921866
3014082,5.156539
3014083,172.38205
3014084,65.654465
3014085,1004.762
3014086,2.1399477
3014087,4.808036
3014088,8.544911
3014089,0.6026238
3014090,13.661947
3014091,7479.4395
3014092,0.008652835
3014093,1303.3275
3014094,34.818108
3014095,1937.1487
3014096,2147.1624
3014097,365.40768
3014098,502.25165
3014099,318.80627
3014100,8112.074
3014101,69.2343
3014102,3.0719504
3014103,51.413986
3014104,48.026825
3014105,0.027289866
3014106,473.1853
3014107,37.035057
3014108,67.78401
3014109,24.04646
3014110,174.36394
3014111,33.073994
3014112,677.15497
3014113,435.54388
3014114,22.785337
3014115,26.79621
3014116,992.91
3014117,290.22748
3014118,10155.433
3014119,1.7315598
3014120,81.784805
3014121,3.0792108
3014122,0.072195776
3014123,0.87569475
3014124,1350.2509
3014125,0.0
3014126,135.32658
3014127,3.508813
3014128,434.98636
3014129,282.13736
3014130,109.024666
3014131,108.696
3014132,36.568005
3014133,1742.0841
3014134,3.5389276
3014135,0.18863468
3014136,13.735671
3014137,7.0701513
3014138,0.035670724
3014139,104.006294
3014140,0.70971763
3014141,0.0
3014142,3.1273084
3014143,34.232555
3014144,0.7205452
3014145,51.09797
3014146,85.99261
3014147,2.2208877
3014148,2.865966
3014149,78.49368
3014150,17.867292
3014151,480.06183
3014152,0.0076389923
3014153,3.8510098
3014154,6.414189
3014155,0.29461575
3014156,1.6087706
3014157,2491.3755
3014158,0.0066904323
3014159,421.61276
3014160,8.938753
3014161,962.7045
3014162,741.3454
3014163,178.09438
3014164,216.93176
3014165,63.080376
3014166,3721.312
3014167,11.048845
3014168,0.48462865
3014169,16.515709
3014170,13.843531
3014171,0.13180687
3014172,207.16425
3014173,1.4714906
3014174,10.015012
3014175,8.427571
3014176,12.6496315
3014177,0.5090029
3014178,259.38852
3014179,190.98434
3014180,2.9049988
3014181,4.1344843
3014182,90.3715
3014183,56.36819
3014184,1027.6158
3014185,1.5270133
3014186,5.366248
3014187,1.3121197
3014188,0.02361108
3014189,0.38495672
3014190,861.01166
3014191,0.0
3014192,89.689926
3014193,2.7938259
3014194,395.3894
3014195,174.85497
3014196,84.565865
3014197,129.15485
3014198,18.030111
3014199,1565.4757
3014200,1.6751299
3014201,0.13863021
3014202,5.059323
3014203,3.2345266
3014204,0.039973322
3014205,65.28224
3014206,0.019205395
3014207,0.0
3014208,1.0007708
3014209,6.1145015
3014210,0.21510078
3014211,49.73229
3014212,76.27361
3014213,0.8770813
3014214,0.89630353
3014215,44.286827
3014216,9.612475
3014217,174.89874
3014218,0.0028727707
3014219,1.4418607
3014220,5.7393456
3014221,0.20366207
3014222,1.5715873
3014223,1661.671
3014224,0.0004095678
3014225,191.70525
3014226,6.997742
3014227,832.4125
3014228,472.87656
3014229,166.21745
3014230,101.23378
3014231,44.788174
3014232,2625.9155
3014233,1.793205
3014234,0.15839796
3014235,22.029526
3014236,14.515321
3014237,0.039824437
3014238,157.82158
3014239,0.011493427
3014240,0.0074882535
3014241,9.978836
3014242,17.551199
3014243,1.7789834
3014244,205.82774
3014245,158.92868
3014246,1.8294091
3014247,2.8609822
3014248,194.68616
3014249,32.154327
3014250,1132.8658
3014251,0.11847611
3014252,0.37805557
3014253,2.660082
3014254,0.30823278
3014255,1.7962844
3014256,2310.6504
3014257,0.006600851
3014258,559.4773
3014259,16.686481
3014260,686.10223
3014261,601.4024
3014262,191.22325
3014263,101.26907
3014264,61.819496
3014265,3201.725
3014266,5.3641386
3014267,2.9124653
3014268,24.863935
3014269,30.719257
3014270,0.29975605
3014271,185.29868
3014272,1.4548059
3014273,6.451819
3014274,3.5295496
3014275,22.57335
3014276,2.1750338
3014277,145.87335
3014278,222.50256
3014279,2.5114913
3014280,4.9092727
3014281,107.6109
3014282,33.471775
3014283,666.4444
3014284,4.125957
3014285,2.184559
3014286,3.4843535
3014287,0.04754029
3014288,0.33691782
3014289,1382.6959
3014290,0.0
3014291,78.75935
3014292,1.8021185
3014293,456.18045
3014294,180.94785
3014295,74.8342
3014296,105.84122
3014297,24.056211
3014298,1661.4585
3014299,2.7649205
3014300,0.16820824
3014301,7.114236
3014302,6.080701
3014303,0.10507069
3014304,79.30239
3014305,0.025605975
3014306,0.016547801
3014307,0.13454661
3014308,10.724838
3014309,0.80924344
3014310,109.34211
3014311,68.536896
3014312,0.65095806
3014313,0.8035737
3014314,34.997116
3014315,17.168415
3014316,296.23325
3014317,0.0701522
3014318,0.11641429
3014319,4.075417
3014320,0.052480027
3014321,0.644192
3014322,2920.6372
3014323,0.0
3014324,466.27695
3014325,8.228947
3014326,892.9608
3014327,681.9193
3014328,197.27249
3014329,114.99242
3014330,58.587837
3014331,3817.2778
3014332,5.1374598
3014333,0.17030023
3014334,15.722595
3014335,10.766227
3014336,0.065224625
3014337,183.02922
3014338,0.032980293
3014339,23.43729
3014340,5.296515
3014341,39.511158
3014342,1.243881
3014343,210.01047
3014344,181.8442
3014345,2.6698923
3014346,2.9871566
3014347,108.332855
3014348,52.17659
3014349,1054.1167
3014350,0.44699067
3014351,0.9383681
3014352,3.4452138
3014353,0.05540611
3014354,3.8829288
3014355,2584.9006
3014356,0.004066488
3014357,545.4866
3014358,10.078205
3014359,980.74896
3014360,944.34424
3014361,148.41608
3014362,121.65877
3014363,119.52989
3014364,3529.212
3014365,40.641434
3014366,0.9900464
3014367,21.934456
3014368,18.70935
3014369,0.075163
3014370,239.09926
3014371,18.599133
3014372,32.63134
3014373,4.304392
3014374,87.750694
3014375,11.338202
3014376,224.91727
3014377,231.62631
3014378,11.505843
3014379,13.463414
3014380,249.60693
3014381,82.53194
3014382,3991.6543
3014383,0.24662843
3014384,10.984017
3014385,5.358584
3014386,0.025439654
3014387,7.743267
3014388,2353.424
3014389,0.0053912373
3014390,460.1504
3014391,10.291953
3014392,899.9868
3014393,903.1389
3014394,133.07806
3014395,80.886215
3014396,118.2324
3014397,3701.9907
3014398,26.695065
3014399,0.60892415
3014400,25.96046
3014401,40.547276
3014402,0.047163792
3014403,270.80643
3014404,18.441841
3014405,21.122534
3014406,5.9588094
3014407,63.205162
3014408,12.711294
3014409,158.00647
3014410,310.08688
3014411,8.270401
3014412,9.439035
3014413,119.183365
3014414,87.488365
3014415,2948.186
3014416,2.7657743
3014417,11.937584
3014418,7.547827
3014419,0.18627034
3014420,2.818102
3014421,2983.4966
3014422,0.005432107
3014423,619.21375
3014424,7.45498
3014425,1100.6268
3014426,631.2444
3014427,169.80832
3014428,219.42162
3014429,61.03282
3014430,4394.226
3014431,25.937363
3014432,0.88029957
3014433,16.883219
3014434,17.354542
3014435,0.14180933
3014436,255.81403
3014437,3.8359308
3014438,16.680815
3014439,6.191226
3014440,42.786728
3014441,4.3387146
3014442,119.7037
3014443,227.07013
3014444,5.2347674
3014445,8.329847
3014446,177.73419
3014447,61.841305
3014448,1555.7523
3014449,16.529018
3014450,13.372414
3014451,3.3777547
3014452,0.01559842
3014453,3.60321
3014454,2557.2173
3014455,0.010772319
3014456,405.73175
3014457,6.746748
3014458,782.691
3014459,849.05676
3014460,192.72015
3014461,139.77443
3014462,91.93775
3014463,3373.2104
3014464,19.66999
3014465,0.8978025
3014466,12.610964
3014467,10.836331
3014468,0.077549234
3014469,213.35118
3014470,16.358923
3014471,20.622728
3014472,0.8475487
3014473,53.6785
3014474,7.6636333
3014475,323.0334
3014476,209.47906
3014477,6.7679358
3014478,8.062858
3014479,360.55917
3014480,61.090233
3014481,3207.2798
3014482,0.14478663
3014483,22.020447
3014484,2.0558481
3014485,0.27070203
3014486,1.6680605
3014487,3862.1392
3014488,0.00040670554
3014489,355.20602
3014490,10.554951
3014491,1601.8927
3014492,695.1536
3014493,298.975
3014494,158.88461
3014495,62.52563
3014496,5566.113
3014497,7.9436493
3014498,0.99259293
3014499,19.363457
3014500,19.310892
3014501,0.091544315
3014502,301.57578
3014503,0.005881611
3014504,0.015016851
3014505,6.966062
3014506,25.216085
3014507,2.7588682
3014508,131.49643
3014509,281.66684
3014510,2.6543365
3014511,8.235261
3014512,128.66498
3014513,57.135338
3014514,1148.2836
3014515,0.046834666
3014516,4.7379208
3014517,5.882347
3014518,0.13287932
3014519,5.300185
3014520,2126.4954
3014521,0.007915547
3014522,505.3611
3014523,9.624962
3014524,969.88605
3014525,709.20435
3014526,214.4764
3014527,128.39124
3014528,147.09787
3014529,3366.1416
3014530,30.467201
3014531,1.0200582
3014532,22.351082
3014533,25.97813
3014534,0.052002553
3014535,233.7739
3014536,12.660643
3014537,26.777905
3014538,6.4502645
3014539,48.67543
3014540,12.98848
3014541,180.27895
3014542,261.41376
3014543,10.878329
3014544,7.04939
3014545,177.24072
3014546,59.99071
3014547,2654.2283
3014548,0.061620373
3014549,6.626251
3014550,3.4471054
3014551,0.047060058
3014552,3.4453712
3014553,2479.1147
3014554,0.009505641
3014555,554.24176
3014556,8.737694
3014557,833.4305
3014558,870.2342
3014559,154.62483
3014560,118.40035
3014561,118.53285
3014562,3070.826
3014563,30.328623
3014564,0.7998544
3014565,18.264746
3014566,16.136093
3014567,0.12826738
3014568,219.59468
3014569,14.379799
3014570,36.74039
3014571,5.213015
3014572,54.4525
3014573,11.096846
3014574,213.07498
3014575,213.16422
3014576,7.7800846
3014577,9.782469
3014578,228.44016
3014579,63.571014
3014580,3190.745
3014581,0.12805124
3014582,15.494648
3014583,4.8768654
3014584,0.019108564
3014585,2.6892996
3014586,3775.0688
3014587,0.0
3014588,513.58093
3014589,10.678295
3014590,1040.8918
3014591,656.8892
3014592,255.45108
3014593,156.50148
3014594,46.169785
3014595,4050.5479
3014596,8.309437
3014597,0.15707652
3014598,11.402867
3014599,13.419569
3014600,0.05746928
3014601,197.13734
3014602,0.29989105
3014603,7.661359
3014604,4.02958
3014605,49.131077
3014606,3.2931485
3014607,160.5952
3014608,205.83504
3014609,2.7478988
3014610,2.1035812
3014611,150.29778
3014612,85.760956
3014613,1064.0536
3014614,2.3984349
3014615,0.16707532
3014616,12.232317
3014617,0.013502584
3014618,12.007397
3014619,8528.587
3014620,0.0076125665
3014621,1486.0424
3014622,28.6659
3014623,2129.023
3014624,2385.8003
3014625,497.55255
3014626,564.3938
3014627,436.5296
3014628,9597.179
3014629,78.60012
3014630,5.1448135
3014631,95.592155
3014632,110.78523
3014633,0.008457823
3014634,560.86017
3014635,20.748734
3014636,30.045286
3014637,16.743996
3014638,247.6254
3014639,27.50127
3014640,765.2212
3014641,466.67194
3014642,31.12566
3014643,30.731676
3014644,1071.9904
3014645,360.15353
3014646,11310.728
3014647,435.63297
3014648,86.508415
3014649,12.269543
3014650,0.011686252
3014651,9.91015
3014652,8351.725
3014653,0.0077537135
3014654,1266.0206
3014655,26.286217
3014656,2273.178
3014657,2179.6118
3014658,533.03546
3014659,366.32153
3014660,301.29803
3014661,10219.775
3014662,80.7729
3014663,0.9791583
3014664,59.832302
3014665,70.64639
3014666,1.0979316
3014667,544.568
3014668,18.433426
3014669,36.483128
3014670,6.6231847
3014671,155.38806
3014672,26.57406
3014673,994.6138
3014674,580.9633
3014675,21.77322
3014676,27.00991
3014677,1080.5719
3014678,246.91698
3014679,8461.79
3014680,371.35846
3014681,75.51704
3014682,10.420833
3014683,0.01531746
3014684,12.456622
3014685,4963.7275
3014686,0.012559188
3014687,810.74585
3014688,16.574017
3014689,1877.2494
3014690,1380.2411
3014691,660.05585
3014692,131.57985
3014693,192.72015
3014694,8355.127
3014695,37.17956
3014696,1.3206372
3014697,27.572723
3014698,22.14805
3014699,0.57598794
3014700,589.6872
3014701,21.487768
3014702,23.333153
3014703,7.14886
3014704,92.68731
3014705,11.894703
3014706,892.0959
3014707,662.316
3014708,19.18411
3014709,24.766512
3014710,647.7727
3014711,137.2085
3014712,3732.511
3014713,279.2706
3014714,37.43597
3014715,12.813832
3014716,0.009724387
3014717,17.451958
3014718,7434.056
3014719,0.0033027711
3014720,1146.528
3014721,21.73065
3014722,2068.111
3014723,2030.2883
3014724,556.0892
3014725,348.86847
3014726,262.00476
3014727,9281.535
3014728,49.211544
3014729,1.8791666
3014730,39.084633
3014731,46.47534
3014732,0.028877037
3014733,551.59045
3014734,21.140543
3014735,35.828304
3014736,6.387794
3014737,130.9279
3014738,24.127222
3014739,745.2181
3014740,644.21063
3014741,18.928185
3014742,23.906555
3014743,947.8433
3014744,228.84554
3014745,8286.486
3014746,380.25815
3014747,69.9186
3014748,8.301947
3014749,0.01628923
3014750,13.156227
3014751,3833.8164
3014752,0.0036459707
3014753,670.4756
3014754,13.956248
3014755,1728.582
3014756,1078.1754
3014757,522.4147
3014758,93.762924
3014759,134.81335
3014760,7207.9844
3014761,33.994656
3014762,0.32941225
3014763,23.919783
3014764,21.471867
3014765,0.04368068
3014766,524.25037
3014767,17.148388
3014768,14.888638
3014769,3.3543277
3014770,63.08367
3014771,6.77054
3014772,739.4505
3014773,615.4304
3014774,12.219997
3014775,19.18502
3014776,564.3593
3014777,87.74172
3014778,2664.3918
3014779,289.73743
3014780,23.834997
3014781,9.987665
3014782,0.06959708
3014783,9.687561
3014784,7276.515
3014785,0.0074330084
3014786,1336.5732
3014787,27.822216
3014788,1846.3302
3014789,2384.6194
3014790,394.0802
3014791,485.764
3014792,348.85947
3014793,8269.763
3014794,58.970226
3014795,1.5642228
3014796,40.33476
3014797,37.54103
3014798,0.057297032
3014799,472.82413
3014800,13.335194
3014801,38.634846
3014802,9.6679945
3014803,201.68541
3014804,20.051334
3014805,732.00653
3014806,420.09967
3014807,19.189077
3014808,23.542429
3014809,913.6378
3014810,243.642
3014811,10712.16
3014812,297.77045
3014813,83.885414
3014814,5.408882
3014815,0.20052885
3014816,5.849534
3014817,1731.1852
3014818,0.011443026
3014819,362.4932
3014820,19.83124
3014821,778.2678
3014822,525.1899
3014823,207.47357
3014824,83.8528
3014825,86.52419
3014826,2742.5408
3014827,19.276321
3014828,0.6128801
3014829,21.729046
3014830,20.643799
3014831,0.19721104
3014832,197.09483
3014833,10.495997
3014834,7.614193
3014835,9.779189
3014836,51.67275
3014837,7.4562864
3014838,206.43715
3014839,225.8164
3014840,3.414218
3014841,6.6448693
3014842,209.73254
3014843,61.814342
3014844,2008.6555
3014845,0.100083314
3014846,6.7268705
3014847,9.237968
3014848,0.020435825
3014849,10.434188
3014850,3700.5288
3014851,0.0082145315
3014852,578.0546
3014853,29.228107
3014854,1414.9718
3014855,1063.7722
3014856,400.84027
3014857,91.245995
3014858,136.70276
3014859,5669.1943
3014860,59.75606
3014861,0.65742433
3014862,40.283173
3014863,34.670853
3014864,0.008764483
3014865,379.80646
3014866,12.788078
3014867,6.262523
3014868,5.240071
3014869,105.56931
3014870,11.495549
3014871,482.393
3014872,452.33463
3014873,11.0248165
3014874,25.962015
3014875,363.49884
3014876,74.66379
3014877,2527.4783
3014878,291.591
3014879,17.25178
3014880,5.9307756
3014881,0.017974932
3014882,4.587281
3014883,4654.7974
3014884,0.034287393
3014885,1032.8922
3014886,12.910549
3014887,1337.3925
3014888,1696.2502
3014889,216.25526
3014890,358.23026
3014891,250.376
3014892,5045.1772
3014893,38.232197
3014894,1.6277323
3014895,31.41108
3014896,40.353134
3014897,1.1766081
3014898,301.913
3014899,2.756056
3014900,47.363842
3014901,6.1004105
3014902,102.15595
3014903,14.600973
3014904,623.3769
3014905,285.87515
3014906,18.252691
3014907,8.927352
3014908,791.4912
3014909,120.10368
3014910,7690.6255
3014911,1.391748
3014912,45.895752
3014913,9.041389
3014914,0.05601158
3014915,7.40224
3014916,3384.1045
3014917,0.0003946606
3014918,781.8626
3014919,11.554257
3014920,1510.7122
3014921,1302.6062
3014922,321.06198
3014923,191.91026
3014924,270.4492
3014925,5284.812
3014926,37.88627
3014927,2.6108043
3014928,42.25641
3014929,39.65807
3014930,0.096950516
3014931,331.44446
3014932,9.434191
3014933,48.81938
3014934,9.199474
3014935,205.29547
3014936,10.991352
3014937,423.8138
3014938,308.8209
3014939,12.008084
3014940,17.532873
3014941,513.9958
3014942,145.48056
3014943,5552.5166
3014944,6.8304586
3014945,5.4153
3014946,7.333993
3014947,0.15335914
3014948,3.2314978
3014949,2033.4658
3014950,0.0035349475
3014951,459.92395
3014952,7.228483
3014953,970.66693
3014954,530.1044
3014955,215.82764
3014956,104.20286
3014957,99.0477
3014958,3021.8838
3014959,16.105713
3014960,0.68012285
3014961,27.15453
3014962,27.385578
3014963,0.06951274
3014964,191.24489
3014965,3.4060493
3014966,17.010904
3014967,5.0774174
3014968,66.06842
3014969,4.9463277
3014970,256.32126
3014971,205.27855
3014972,6.263816
3014973,6.3940787
3014974,187.62473
3014975,76.78448
3014976,3040.1003
3014977,0.22884597
3014978,3.813971
3014979,4.8130574
3014980,0.04629894
3014981,0.6223469
3014982,1878.7637
3014983,0.0009628995
3014984,175.28685
3014985,4.0217195
3014986,885.87537
3014987,255.06445
3014988,194.89473
3014989,50.308807
3014990,31.61583
3014991,2659.4321
3014992,5.8071027
3014993,0.7813412
3014994,15.910723
3014995,11.377911
3014996,0.062350277
3014997,162.31288
3014998,0.018395564
3014999,0.0
3015000,2.9583106
3015001,11.159961
3015002,1.5876398
3015003,45.796806
3015004,135.3418
3015005,0.12219908
3015006,1.8234198
3015007,44.896774
3015008,67.24118
3015009,614.2258
3015010,0.052550096
3015011,0.7796067
3015012,4.783258
3015013,0.015892297
3015014,5.4555664
3015015,3385.4736
3015016,0.004203906
3015017,562.3233
3015018,10.580329
3015019,1088.4614
3015020,968.2504
3015021,300.86877
3015022,148.3551
3015023,142.34616
3015024,4558.9893
3015025,29.000423
3015026,1.6851742
3015027,19.05264
3015028,37.275078
3015029,0.03641553
3015030,280.65024
3015031,19.296165
3015032,14.241041
3015033,7.764323
3015034,55.31506
3015035,9.87297
3015036,419.87323
3015037,262.29187
3015038,8.769864
3015039,11.47625
3015040,500.40057
3015041,82.52079
3015042,3390.7969
3015043,0.05579023
3015044,35.37463
3015045,4.4889426
3015046,0.0145286145
3015047,4.394242
3015048,4126.8496
3015049,0.005519906
3015050,804.7399
3015051,15.494349
3015052,1128.0543
3015053,1462.551
3015054,184.73933
3015055,283.81076
3015056,232.5183
3015057,4425.168
3015058,45.106243
3015059,2.0268352
3015060,23.552649
3015061,23.432623
3015062,0.24405433
3015063,244.60208
3015064,12.972175
3015065,44.410816
3015066,5.940178
3015067,113.14229
3015068,14.608965
3015069,447.92096
3015070,239.82
3015071,8.356583
3015072,11.891173
3015073,639.1505
3015074,139.53955
3015075,6894.728
3015076,2.0620883
3015077,44.90382
3015078,3.9723964
3015079,0.060139384
3015080,7.6722116
3015081,4202.003
3015082,0.03349952
3015083,853.6804
3015084,16.046297
3015085,1187.4999
3015086,1429.5371
3015087,254.24818
3015088,288.4725
3015089,166.20279
3015090,4889.5728
3015091,38.607273
3015092,2.731663
3015093,35.26161
3015094,38.61501
3015095,0.027793858
3015096,337.6152
3015097,28.63259
3015098,45.908623
3015099,19.930162
3015100,112.96087
3015101,17.845871
3015102,406.96753
3015103,303.95734
3015104,16.434448
3015105,24.375496
3015106,530.46515
3015107,150.16423
3015108,6563.85
3015109,0.3190769
3015110,38.432594
3015111,10.592437
3015112,0.3138476
3015113,4.7564325
3015114,3108.0376
3015115,0.005283196
3015116,425.89197
3015117,12.321094
3015118,1373.0702
3015119,848.7666
3015120,484.95093
3015121,157.51547
3015122,75.81091
3015123,5671.3525
3015124,10.832387
3015125,1.1132448
3015126,56.164238
3015127,29.736498
3015128,0.050835084
3015129,356.64963
3015130,9.531528
3015131,4.414483
3015132,6.2670274
3015133,29.307308
3015134,2.8647573
3015135,326.56235
3015136,323.28876
3015137,5.36455
3015138,7.713313
3015139,262.9707
3015140,101.255714
3015141,1290.541
3015142,110.89626
3015143,14.536705
3015144,4.0885663
3015145,0.02979169
3015146,2.5618978
3015147,1920.5663
3015148,0.009994772
3015149,385.0559
3015150,12.415365
3015151,561.9662
3015152,588.6325
3015153,109.48669
3015154,109.84711
3015155,89.993835
3015156,2379.867
3015157,22.221563
3015158,0.7737907
3015159,18.470224
3015160,23.271208
3015161,0.042471178
3015162,148.10434
3015163,13.368377
3015164,11.841948
3015165,7.0794783
3015166,88.211815
3015167,6.6894283
3015168,258.03668
3015169,117.649025
3015170,5.2978587
3015171,9.123461
3015172,249.17567
3015173,67.99596
3015174,1950.1938
3015175,0.5540348
3015176,20.571444
3015177,1.0460355
3015178,0.37085912
3015179,1.0863838
3015180,1086.9548
3015181,0.0
3015182,74.78099
3015183,2.7967174
3015184,619.39954
3015185,225.32376
3015186,212.86562
3015187,28.767029
3015188,25.210304
3015189,2090.3738
3015190,3.144949
3015191,0.2517044
3015192,6.431922
3015193,5.9006085
3015194,0.049941164
3015195,134.21642
3015196,4.2921205
3015197,0.019885894
3015198,1.4259317
3015199,7.1520815
3015200,0.53006804
3015201,172.36717
3015202,113.48111
3015203,0.6816704
3015204,2.444986
3015205,102.75839
3015206,23.537106
3015207,194.93079
3015208,1.2859604
3015209,0.779541
3015210,6.29733
3015211,0.2381121
3015212,2.8873272
3015213,4115.112
3015214,0.0025874416
3015215,501.1902
3015216,13.182472
3015217,1640.3706
3015218,451.1822
3015219,384.83066
3015220,87.65823
3015221,67.03629
3015222,6043.9
3015223,24.716621
3015224,0.40999255
3015225,19.871721
3015226,13.653965
3015227,0.09883907
3015228,352.2342
3015229,7.81985
3015230,1.7946079
3015231,8.140222
3015232,27.212309
3015233,3.5649772
3015234,769.48145
3015235,276.4667
3015236,1.7698641
3015237,11.186607
3015238,308.18127
3015239,67.17028
3015240,1066.7476
3015241,14.406722
3015242,7.0427465
3015243,4.0042458
3015244,0.019686949
3015245,1.0467324
3015246,1529.6437
3015247,0.0
3015248,128.64952
3015249,8.734379
3015250,623.49365
3015251,340.4084
3015252,182.87852
3015253,46.242615
3015254,34.604935
3015255,2322.792
3015256,8.099457
3015257,0.12159672
3015258,11.644543
3015259,12.108577
3015260,0.06552098
3015261,147.93735
3015262,3.3460603
3015263,0.0
3015264,3.5299664
3015265,28.752321
3015266,1.5787752
3015267,202.4719
3015268,124.51306
3015269,1.7456441
3015270,5.486773
3015271,160.23698
3015272,41.553787
3015273,287.42426
3015274,7.3741074
3015275,5.1465497
3015276,3.5288887
3015277,0.023163471
3015278,1.7450311
3015279,1243.7428
3015280,0.0
3015281,87.894104
3015282,5.388598
3015283,529.4651
3015284,214.13513
3015285,124.14255
3015286,38.001186
3015287,24.217136
3015288,2109.329
3015289,9.37022
3015290,0.11618913
3015291,7.9687567
3015292,8.133046
3015293,0.064947575
3015294,110.99459
3015295,2.4407613
3015296,0.0
3015297,1.948889
3015298,28.086664
3015299,1.0365674
3015300,146.48602
3015301,112.1819
3015302,0.42753634
3015303,3.6773772
3015304,87.26207
3015305,29.750446
3015306,187.09013
3015307,12.048524
3015308,1.2379539
3015309,2.134118
3015310,0.014240936
3015311,1.1678677
3015312,1293.6166
3015313,0.0
3015314,149.98615
3015315,5.7351327
3015316,788.9114
3015317,377.038
3015318,195.73402
3015319,28.81953
3015320,37.448967
3015321,2597.1514
3015322,2.4575794
3015323,0.41607383
3015324,9.0311575
3015325,17.93381
3015326,0.049124982
3015327,186.84921
3015328,0.02631326
3015329,0.014313301
3015330,2.0283747
3015331,12.694929
3015332,2.0460787
3015333,318.53497
3015334,205.20912
3015335,0.93422997
3015336,3.6043468
3015337,69.57593
3015338,85.03637
3015339,372.27115
3015340,6.380615
3015341,6.911485
3015342,3.8792381
3015343,1.1805439
3015344,1.8782125
3015345,1540.778
3015346,0.0
3015347,143.15088
3015348,2.657357
3015349,774.82196
3015350,328.29474
3015351,228.9705
3015352,67.08816
3015353,51.884907
3015354,2562.138
3015355,11.491915
3015356,0.62754095
3015357,11.789345
3015358,13.637735
3015359,0.049436063
3015360,187.53012
3015361,7.95035
3015362,0.0
3015363,5.2309365
3015364,15.648411
3015365,1.6796515
3015366,151.66426
3015367,153.2158
3015368,1.0075052
3015369,3.7459245
3015370,113.40188
3015371,37.307533
3015372,543.18317
3015373,9.136423
3015374,4.4108806
3015375,3.5114799
3015376,0.056744114
3015377,1.0139203
3015378,926.133
3015379,0.000100140816
3015380,97.278824
3015381,4.125948
3015382,536.4377
3015383,177.30907
3015384,124.81435
3015385,58.045094
3015386,21.326246
3015387,1535.7986
3015388,4.3514037
3015389,0.14057706
3015390,10.60945
3015391,7.80657
3015392,0.06331573
3015393,111.69238
3015394,0.008000739
3015395,0.014028283
3015396,2.3408587
3015397,13.529729
3015398,0.9962654
3015399,40.58782
3015400,87.835884
3015401,0.73424935
3015402,2.1058471
3015403,54.600346
3015404,26.84386
3015405,382.94547
3015406,0.03354172
3015407,0.45141283
3015408,6.232388
3015409,0.25145236
3015410,1.43151
3015411,2568.004
3015412,0.0
3015413,252.9642
3015414,4.7819123
3015415,882.58966
3015416,535.1967
3015417,356.6029
3015418,155.64853
3015419,79.33322
3015420,3685.8308
3015421,9.99234
3015422,0.5083183
3015423,21.547209
3015424,19.3652
3015425,0.03989522
3015426,217.10162
3015427,0.05579803
3015428,0.017334273
3015429,3.5162344
3015430,18.361935
3015431,3.046846
3015432,278.2501
3015433,176.41026
3015434,3.0303764
3015435,5.7333307
3015436,244.29146
3015437,55.715866
3015438,1190.0869
3015439,31.729382
3015440,11.587288
3015441,1.7594271
3015442,0.13100834
3015443,2.3488004
3015444,1683.8774
3015445,0.0
3015446,476.22214
3015447,2.0136013
3015448,535.65405
3015449,451.1197
3015450,158.77808
3015451,147.64348
3015452,37.817665
3015453,2382.7158
3015454,8.842697
3015455,0.3760994
3015456,25.313591
3015457,12.756281
3015458,0.029916728
3015459,138.2946
3015460,5.958493
3015461,1.9358952
3015462,3.9532275
3015463,40.809917
3015464,2.0314577
3015465,219.84538
3015466,115.58596
3015467,2.6875257
3015468,4.1158967
3015469,158.41324
3015470,46.81517
3015471,1198.3806
3015472,23.224506
3015473,9.864925
3015474,5.381068
3015475,0.18842766
3015476,2.8329604
3015477,2138.259
3015478,0.0
3015479,126.76139
3015480,7.261387
3015481,733.56287
3015482,273.83316
3015483,241.25923
3015484,47.705387
3015485,39.991318
3015486,2710.3164
3015487,14.562664
3015488,0.7111143
3015489,12.345855
3015490,9.130434
3015491,0.04535218
3015492,143.51633
3015493,5.0271897
3015494,0.018547693
3015495,1.8949354
3015496,18.744808
3015497,1.9353912
3015498,147.16356
3015499,132.04012
3015500,1.7756107
3015501,4.7911043
3015502,115.29701
3015503,28.815605
3015504,367.85486
3015505,6.988867
3015506,3.3518596
3015507,4.918095
3015508,0.017349916
3015509,4.6142216
3015510,2349.3545
3015511,0.0024521565
3015512,507.04733
3015513,11.454282
3015514,741.0092
3015515,679.44696
3015516,182.63458
3015517,107.81255
3015518,87.8452
3015519,3154.2283
3015520,32.210567
3015521,0.72973144
3015522,15.033651
3015523,18.392593
3015524,0.03761664
3015525,207.06421
3015526,17.670446
3015527,10.51983
3015528,4.788558
3015529,73.98431
3015530,8.3302965
3015531,383.9805
3015532,189.33215
3015533,7.524437
3015534,7.2151804
3015535,339.03098
3015536,92.84067
3015537,1839.474
3015538,0.106281765
3015539,24.026146
3015540,5.9968133
3015541,0.22892405
3015542,2.4004636
3015543,2670.2292
3015544,0.0
3015545,315.65036
3015546,5.7386045
3015547,903.8152
3015548,576.8041
3015549,389.7806
3015550,60.63231
3015551,51.043556
3015552,4022.6428
3015553,10.969854
3015554,0.27566743
3015555,14.534146
3015556,11.581872
3015557,0.031007247
3015558,229.85165
3015559,2.1349638
3015560,5.2674932
3015561,2.0151713
3015562,31.369991
3015563,1.3602176
3015564,471.18307
3015565,209.09523
3015566,3.3004413
3015567,5.973049
3015568,232.26321
3015569,54.257805
3015570,703.6802
3015571,37.966686
3015572,10.030181
3015573,6.8081207
3015574,0.45128405
3015575,2.3469183
3015576,2269.0327
3015577,0.0014470547
3015578,383.98895
3015579,5.897573
3015580,853.3431
3015581,487.65796
3015582,230.25423
3015583,174.60275
3015584,55.75052
3015585,3073.3462
3015586,12.505219
3015587,0.5244528
3015588,26.672829
3015589,16.343138
3015590,0.16656527
3015591,217.4426
3015592,1.8795033
3015593,2.9643881
3015594,5.5034523
3015595,44.60899
3015596,1.2930765
3015597,120.45784
3015598,184.97507
3015599,2.1625514
3015600,4.781168
3015601,128.88626
3015602,140.09903
3015603,910.9221
3015604,0.06717476
3015605,4.3079505
3015606,2.8606987
3015607,0.07368266
3015608,1.9695253
3015609,1247.1199
3015610,0.0
3015611,106.82531
3015612,8.010048
3015613,487.64584
3015614,266.8189
3015615,124.17465
3015616,45.15973
3015617,40.769993
3015618,1974.5743
3015619,9.035049
3015620,0.81946874
3015621,21.84367
3015622,18.858137
3015623,0.109587535
3015624,135.91016
3015625,0.0052363398
3015626,0.0
3015627,5.0635457
3015628,22.418137
3015629,2.9706435
3015630,103.98036
3015631,100.52345
3015632,0.83378685
3015633,4.991505
3015634,100.17125
3015635,37.636143
3015636,379.589
3015637,4.3069286
3015638,1.0326986
3015639,2.4808567
3015640,0.016078208
3015641,0.98515224
3015642,1147.1628
3015643,0.19995123
3015644,228.64746
3015645,10.278143
3015646,435.7321
3015647,391.42386
3015648,108.898926
3015649,40.634476
3015650,51.70077
3015651,1662.6227
3015652,24.88393
3015653,0.22200385
3015654,9.955308
3015655,11.311688
3015656,0.06368148
3015657,114.47686
3015658,9.090607
3015659,1.2458136
3015660,3.1264691
3015661,41.198902
3015662,3.9276514
3015663,593.2021
3015664,108.020706
3015665,1.755048
3015666,2.5298457
3015667,207.44237
3015668,34.19046
3015669,1055.6947
3015670,0.14495294
3015671,6.4713697
3015672,2.875051
3015673,0.20964636
3015674,4.638173
3015675,2877.4983
3015676,0.06990423
3015677,713.9531
3015678,15.081898
3015679,923.2084
3015680,1046.1195
3015681,212.53465
3015682,164.19463
3015683,141.9999
3015684,3516.0625
3015685,21.919521
3015686,0.9214859
3015687,22.779179
3015688,29.807009
3015689,0.04625666
3015690,227.59317
3015691,5.108616
3015692,30.349665
3015693,8.380138
3015694,76.911026
3015695,11.089724
3015696,319.69138
3015697,212.35612
3015698,12.866609
3015699,8.973452
3015700,393.44397
3015701,85.45889
3015702,2755.4597
3015703,0.040288266
3015704,18.920912
3015705,1.5611422
3015706,0.014407621
3015707,1.3239458
3015708,2165.5432
3015709,0.0
3015710,307.44412
3015711,5.1052165
3015712,395.73846
3015713,568.6951
3015714,116.722435
3015715,94.669426
3015716,69.588104
3015717,1899.5854
3015718,15.015736
3015719,0.55012417
3015720,13.120062
3015721,8.708767
3015722,0.04975469
3015723,77.04406
3015724,0.008450128
3015725,15.1916485
3015726,2.8267767
3015727,92.71551
3015728,5.867896
3015729,138.99417
3015730,111.55651
3015731,3.9295826
3015732,5.9671106
3015733,168.94278
3015734,38.75557
3015735,1336.4698
3015736,1.2158105
3015737,0.5419419
3015738,3.2022767
3015739,0.026082478
3015740,0.43880504
3015741,582.5227
3015742,0.00259276
3015743,155.66945
3015744,4.8676
3015745,278.11777
3015746,160.80014
3015747,46.646168
3015748,24.445093
3015749,26.61672
3015750,1042.3724
3015751,7.4752655
3015752,0.40135112
3015753,9.043214
3015754,4.465131
3015755,0.10309505
3015756,50.267708
3015757,0.19360963
3015758,5.534949
3015759,0.6759038
3015760,13.472089
3015761,0.15293506
3015762,163.19867
3015763,68.69148
3015764,1.3090835
3015765,0.8258343
3015766,82.27947
3015767,15.356827
3015768,353.92255
3015769,0.48044035
3015770,1.366687
3015771,4.874675
3015772,0.10255962
3015773,2.0971613
3015774,2272.922
3015775,0.004470596
3015776,512.4383
3015777,12.432642
3015778,681.0979
3015779,709.78973
3015780,203.55307
3015781,150.8252
3015782,83.533356
3015783,2808.266
3015784,14.835719
3015785,1.8505952
3015786,17.582123
3015787,15.181639
3015788,0.11358446
3015789,168.13759
3015790,4.3041735
3015791,26.13711
3015792,7.248266
3015793,75.5727
3015794,3.5623388
3015795,224.30943
3015796,157.41028
3015797,8.518083
3015798,6.612418
3015799,280.2841
3015800,58.856125
3015801,1929.0477
3015802,0.44960043
3015803,10.470347
3015804,4.968309
3015805,0.16343272
3015806,1.5580225
3015807,2516.3528
3015808,0.0
3015809,473.38977
3015810,11.16548
3015811,811.12756
3015812,617.25433
3015813,287.51752
3015814,204.87193
3015815,54.45673
3015816,3457.8987
3015817,8.1624155
3015818,0.35659495
3015819,27.909336
3015820,13.745676
3015821,0.6468382
3015822,188.22037
3015823,0.0
3015824,5.871746
3015825,4.5847197
3015826,36.642815
3015827,0.8825004
3015828,318.95517
3015829,251.88194
3015830,4.2887125
3015831,3.489275
3015832,175.30702
3015833,65.18365
3015834,1049.3188
3015835,1.8011179
3015836,4.8492675
3015837,5.0673013
3015838,0.39873496
3015839,1.830795
3015840,2344.395
3015841,0.0
3015842,550.32135
3015843,10.664345
3015844,664.6252
3015845,589.7413
3015846,228.83961
3015847,174.56691
3015848,56.494
3015849,3028.0737
3015850,10.188463
3015851,0.3729071
3015852,20.87977
3015853,12.308932
3015854,0.08297
3015855,172.28485
3015856,0.0016976683
3015857,4.729735
3015858,3.5659885
3015859,48.588253
3015860,1.2458713
3015861,161.33197
3015862,172.00183
3015863,5.3773007
3015864,4.5277176
3015865,161.55724
3015866,55.01174
3015867,899.413
3015868,2.2906673
3015869,4.771638
3015870,7.603833
3015871,0.5126506
3015872,11.20884
3015873,6285.8105
3015874,0.0066192104
3015875,1022.2757
3015876,41.50372
3015877,1591.9479
3015878,1631.2499
3015879,301.4304
3015880,380.59317
3015881,275.915
3015882,6797.629
3015883,64.163216
3015884,2.5680718
3015885,48.635048
3015886,46.194626
3015887,0.016298318
3015888,386.20004
3015889,25.554535
3015890,44.135853
3015891,22.290745
3015892,190.11226
3015893,27.578316
3015894,567.81024
3015895,342.7348
3015896,19.28795
3015897,22.345232
3015898,753.9869
3015899,236.35611
3015900,5634.7075
3015901,1.7511971
3015902,64.50835
3015903,3.2322125
3015904,0.08217732
3015905,0.8700931
3015906,1158.9303
3015907,0.0
3015908,123.59191
3015909,3.3121557
3015910,415.3426
3015911,226.70871
3015912,97.4106
3015913,107.018906
3015914,39.020424
3015915,1582.501
3015916,3.9840202
3015917,0.23192522
3015918,13.936738
3015919,7.9294977
3015920,0.041284494
3015921,94.02791
3015922,0.7399124
3015923,0.00981515
3015924,3.2261486
3015925,34.56126
3015926,0.8965324
3015927,117.005135
3015928,80.86584
3015929,2.3150122
3015930,2.5666435
3015931,88.38947
3015932,19.14477
3015933,405.86832
3015934,0.00338237
3015935,3.9339743
3015936,6.3759723
3015937,0.16670287
3015938,1.1836069
3015939,2218.3452
3015940,0.004064453
3015941,413.08868
3015942,10.133375
3015943,800.6623
3015944,513.0164
3015945,164.98343
3015946,216.7722
3015947,67.26949
3015948,3103.9573
3015949,11.220964
3015950,0.39177677
3015951,16.65238
3015952,13.829912
3015953,0.070517175
3015954,180.89459
3015955,0.91098464
3015956,7.856451
3015957,8.491292
3015958,12.72452
3015959,0.8641499
3015960,499.73587
3015961,163.89085
3015962,3.6082172
3015963,4.1310115
3015964,134.93245
3015965,53.58559
3015966,899.4457
3015967,1.2207084
3015968,5.071223
3015969,1.3439109
3015970,0.022915475
3015971,0.35778043
3015972,825.96545
3015973,0.0
3015974,79.33131
3015975,3.5417266
3015976,352.697
3015977,148.19708
3015978,81.84332
3015979,144.50525
3015980,17.252827
3015981,1428.2975
3015982,2.1669095
3015983,0.1366806
3015984,8.826611
3015985,3.6619802
3015986,0.056388173
3015987,61.89245
3015988,0.017773448
3015989,0.0
3015990,1.1259212
3015991,8.048518
3015992,0.23369122
3015993,86.57442
3015994,65.18771
3015995,0.7045677
3015996,0.8944944
3015997,47.265514
3015998,10.314571
3015999,167.3982
3016000,0.0
3016001,1.2599559
3016002,6.1008754
3016003,0.16374128
3016004,1.2553303
3016005,1536.014
3016006,0.0
3016007,183.46288
3016008,7.328719
3016009,704.8316
3016010,337.02542
3016011,145.44731
3016012,94.360725
3016013,48.643143
3016014,2235.532
3016015,2.074197
3016016,0.21119328
3016017,23.068958
3016018,14.700774
3016019,0.042398855
3016020,142.89526
3016021,0.0073544686
3016022,0.04009315
3016023,9.480388
3016024,21.205826
3016025,1.695287
3016026,357.15955
3016027,134.70149
3016028,1.7667396
3016029,2.7193496
3016030,167.14464
3016031,28.620441
3016032,924.86597
3016033,0.03831333
3016034,0.48494318
3016035,2.6960988
3016036,0.3150178
3016037,1.5191727
3016038,2091.018
3016039,0.0065145767
3016040,557.3646
3016041,20.875774
3016042,629.2283
3016043,486.68634
3016044,190.41833
3016045,97.15313
3016046,58.753605
3016047,2906.9275
3016048,5.3843756
3016049,2.4498696
3016050,25.15012
3016051,33.947914
3016052,0.25344217
3016053,159.92606
3016054,1.4868507
3016055,6.413195
3016056,3.7969599
3016057,29.094606
3016058,1.7835379
3016059,177.25926
3016060,207.96841
3016061,2.8987854
3016062,4.5967755
3016063,108.54984
3016064,32.54527
3016065,557.5697
3016066,4.5739756
3016067,1.0939527
3016068,3.5880766
3016069,0.015582681
3016070,0.27513385
3016071,1162.3568
3016072,0.0
3016073,88.939476
3016074,1.744092
3016075,415.451
3016076,163.2087
3016077,72.23703
3016078,126.38448
3016079,22.7941
3016080,1557.2881
3016081,2.1455574
3016082,0.14869644
3016083,8.202171
3016084,6.1541324
3016085,0.104649976
3016086,75.423584
3016087,0.020301903
3016088,0.03455443
3016089,0.29509598
3016090,11.066879
3016091,0.8751062
3016092,220.27545
3016093,66.005
3016094,1.0143068
3016095,0.7345321
3016096,65.31449
3016097,17.860708
3016098,298.96927
3016099,0.05785673
3016100,0.071272284
3016101,3.9324174
3016102,0.059302714
3016103,0.7192893
3016104,2552.8027
3016105,0.0
3016106,451.96515
3016107,8.4565525
3016108,742.6882
3016109,539.697
3016110,179.48268
3016111,136.9558
3016112,60.04864
3016113,3486.9624
3016114,5.0267854
3016115,0.17806956
3016116,20.61777
3016117,10.540428
3016118,0.05934526
3016119,156.25879
3016120,0.02976499
3016121,26.164062
3016122,5.49898
3016123,40.004856
3016124,1.2468605
3016125,341.11368
3016126,154.12857
3016127,3.290947
3016128,2.0097415
3016129,129.31569
3016130,52.992523
3016131,958.3059
3016132,0.60127044
3016133,1.4334936
3016134,3.4468455
3016135,0.02537664
3016136,3.9816875
3016137,2045.1698
3016138,0.0
3016139,498.5439
3016140,10.679667
3016141,836.2866
3016142,749.3077
3016143,131.56595
3016144,97.15022
3016145,109.91521
3016146,2898.8076
3016147,41.583355
3016148,0.83913946
3016149,19.969372
3016150,21.390566
3016151,0.068207785
3016152,197.9098
3016153,15.829123
3016154,24.324406
3016155,5.2793393
3016156,89.80191
3016157,10.592338
3016158,197.53891
3016159,197.00342
3016160,9.935882
3016161,11.088344
3016162,204.10022
3016163,75.57292
3016164,2150.498
3016165,0.22396673
3016166,10.535336
3016167,5.0220833
3016168,0.019211166
3016169,6.2571406
3016170,1765.5938
3016171,0.0014788107
3016172,374.19553
3016173,12.895216
3016174,748.3073
3016175,709.2138
3016176,111.64349
3016177,63.374382
3016178,91.86714
3016179,2872.4954
3016180,23.565601
3016181,0.56899905
3016182,23.483788
3016183,35.537567
3016184,0.044959523
3016185,220.10143
3016186,14.883831
3016187,14.726801
3016188,6.9518895
3016189,61.25156
3016190,10.094487
3016191,133.96468
3016192,243.47058
3016193,6.769277
3016194,7.5698204
3016195,95.6515
3016196,69.71653
3016197,1664.2766
3016198,1.4268174
3016199,11.855865
3016200,6.742108
3016201,0.15383953
3016202,2.1289668
3016203,2745.2866
3016204,0.0006596833
3016205,589.118
3016206,7.5825205
3016207,962.5878
3016208,520.54663
3016209,158.22849
3016210,213.99197
3016211,54.608673
3016212,3924.648
3016213,26.230593
3016214,0.7918812
3016215,19.668257
3016216,17.730606
3016217,0.08768489
3016218,231.91467
3016219,2.625144
3016220,12.465801
3016221,5.411481
3016222,44.70788
3016223,3.4522886
3016224,179.46925
3016225,196.81902
3016226,5.842069
3016227,7.5278826
3016228,172.58936
3016229,58.45033
3016230,1312.8682
3016231,14.506797
3016232,14.662224
3016233,3.76722
3016234,0.012900964
3016235,3.1960578
3016236,1997.3071
3016237,0.007938736
3016238,329.68857
3016239,8.093942
3016240,626.07056
3016241,619.44214
3016242,152.16023
3016243,105.039604
3016244,75.90085
3016245,2601.1313
3016246,16.886318
3016247,0.91160667
3016248,12.544665
3016249,11.227495
3016250,0.062125634
3016251,165.85075
3016252,12.789354
3016253,17.332254
3016254,1.986754
3016255,61.955936
3016256,6.147288
3016257,250.37218
3016258,158.17245
3016259,5.710266
3016260,6.3151293
3016261,258.22052
3016262,54.5134
3016263,1693.677
3016264,0.1629329
3016265,15.977932
3016266,1.8790059
3016267,0.26643187
3016268,1.5549989
3016269,3118.846
3016270,0.00069594744
3016271,309.1239
3016272,10.623702
3016273,1246.7092
3016274,511.77478
3016275,225.80516
3016276,130.97194
3016277,61.57966
3016278,4606.532
3016279,6.868134
3016280,0.6940118
3016281,20.865137
3016282,20.864449
3016283,0.08120805
3016284,248.13902
3016285,0.00484486
3016286,0.009761342
3016287,5.3253665
3016288,24.928593
3016289,2.1779943
3016290,145.01193
3016291,227.18805
3016292,2.681525
3016293,8.165059
3016294,121.42749
3016295,42.91088
3016296,924.2816
3016297,0.040683817
3016298,4.736479
3016299,5.122046
3016300,0.14860484
3016301,5.0774546
3016302,1747.7169
3016303,0.004259453
3016304,412.31775
3016305,11.705166
3016306,840.0937
3016307,546.73724
3016308,172.69402
3016309,97.53165
3016310,134.13095
3016311,2835.5076
3016312,28.096361
3016313,0.6961465
3016314,20.669703
3016315,22.380726
3016316,0.035392478
3016317,193.14832
3016318,10.118092
3016319,17.740473
3016320,6.838251
3016321,47.72629
3016322,10.283296
3016323,167.0741
3016324,209.11366
3016325,9.263405
3016326,6.370237
3016327,147.55605
3016328,48.349445
3016329,1660.067
3016330,0.3130522
3016331,5.652956
3016332,3.635795
3016333,0.015883334
3016334,2.8509548
3016335,1912.416
3016336,0.0040831254
3016337,459.02502
3016338,8.626796
3016339,667.6798
3016340,672.5793
3016341,126.47222
3016342,100.79258
3016343,94.488266
3016344,2359.6519
3016345,24.743717
3016346,0.68694663
3016347,17.954952
3016348,15.263817
3016349,0.13473634
3016350,163.11288
3016351,11.795069
3016352,26.457693
3016353,5.6355686
3016354,66.70063
3016355,8.757992
3016356,192.82512
3016357,164.28981
3016358,6.531218
3016359,7.898448
3016360,191.25111
3016361,55.52431
3016362,1939.442
3016363,0.15717198
3016364,13.415568
3016365,4.513799
3016366,0.018958054
3016367,2.589234
3016368,3527.2632
3016369,0.0
3016370,469.22873
3016371,11.252344
3016372,1018.682
3016373,559.4848
3016374,220.78778
3016375,160.14352
3016376,47.838413
3016377,3903.5188
3016378,9.392828
3016379,0.18944977
3016380,13.508198
3016381,14.376066
3016382,0.050612126
3016383,184.58122
3016384,0.007874095
3016385,5.4722986
3016386,4.0245194
3016387,67.5843
3016388,2.7240067
3016389,243.8906
3016390,189.20222
3016391,2.5869136
3016392,1.7843869
3016393,200.25507
3016394,110.743126
3016395,1091.6537
3016396,3.3128343
3016397,0.19118813
3016398,11.839205
3016399,0.009588862
3016400,9.836109
3016401,6575.28
3016402,0.0055776243
3016403,1187.9545
3016404,30.397028
3016405,1712.7999
3016406,1839.5898
3016407,408.88467
3016408,393.036
3016409,376.47528
3016410,7450.2617
3016411,63.500114
3016412,4.2490377
3016413,90.400566
3016414,99.23212
3016415,0.0
3016416,445.97635
3016417,17.13827
3016418,28.216724
3016419,18.459314
3016420,280.61505
3016421,22.165783
3016422,601.6552
3016423,364.75726
3016424,28.546242
3016425,27.18992
3016426,809.64575
3016427,289.65952
3016428,7038.9336
3016429,344.25098
3016430,66.76581
3016431,10.997372
3016432,0.0074709593
3016433,8.040041
3016434,6109.4478
3016435,0.004325299
3016436,977.1127
3016437,27.855597
3016438,1823.4053
3016439,1645.0671
3016440,409.2695
3016441,271.15192
3016442,255.23328
3016443,8083.204
3016444,67.90587
3016445,0.83252084
3016446,57.02954
3016447,63.19059
3016448,0.8742099
3016449,453.3418
3016450,14.28015
3016451,29.160366
3016452,5.271151
3016453,194.25032
3016454,21.121647
3016455,783.25995
3016456,467.02887
3016457,19.975317
3016458,20.818686
3016459,831.572
3016460,199.424
3016461,4733.115
3016462,365.15305
3016463,53.93613
3016464,9.328593
3016465,0.014540224
3016466,11.031312
3016467,3827.8818
3016468,0.005737729
3016469,641.69946
3016470,17.317024
3016471,1620.552
3016472,1125.1337
3016473,556.71643
3016474,113.31943
3016475,164.45477
3016476,6760.5015
3016477,32.42484
3016478,1.1450837
3016479,25.241417
3016480,22.657068
3016481,0.2138854
3016482,475.45407
3016483,18.709398
3016484,19.05635
3016485,6.3929186
3016486,88.57328
3016487,7.040945
3016488,776.0274
3016489,512.01
3016490,18.897804
3016491,21.647932
3016492,530.7648
3016493,114.74787
3016494,2284.0632
3016495,267.38577
3016496,31.024109
3016497,12.174575
3016498,0.006757218
3016499,15.031582
3016500,5597.7925
3016501,0.002567064
3016502,905.2591
3016503,23.090809
3016504,1711.5516
3016505,1571.8557
3016506,455.79782
3016507,258.59583
3016508,219.90457
3016509,7635.938
3016510,47.042133
3016511,1.462924
3016512,37.274822
3016513,43.958836
3016514,0.02029631
3016515,453.42456
3016516,17.812584
3016517,26.263542
3016518,6.9941316
3016519,152.9475
3016520,19.028637
3016521,622.6896
3016522,523.8037
3016523,18.732094
3016524,20.336472
3016525,700.3955
3016526,198.69478
3016527,4253.2095
3016528,369.30063
3016529,52.495514
3016530,8.219762
3016531,0.012407591
3016532,12.290687
3016533,3087.3782
3016534,0.0015625035
3016535,488.32904
3016536,14.092543
3016537,1482.8904
3016538,922.3221
3016539,455.854
3016540,78.706276
3016541,127.19943
3016542,5750.4185
3016543,32.06579
3016544,0.29296654
3016545,22.543808
3016546,22.681644
3016547,0.03155666
3016548,438.38406
3016549,14.7281475
3016550,13.025532
3016551,3.3872213
3016552,78.43052
3016553,6.05206
3016554,635.52594
3016555,510.1372
3016556,12.250846
3016557,16.19458
3016558,443.3222
3016559,86.353745
3016560,1546.991
3016561,301.71432
3016562,20.52924
3016563,8.8858795
3016564,0.103718475
3016565,7.422366
3016566,6202.223
3016567,0.0038334702
3016568,1073.3655
3016569,27.406078
3016570,1526.4006
3016571,1845.3105
3016572,314.20868
3016573,361.58746
3016574,350.32123
3016575,7067.9297
3016576,52.26238
3016577,1.438344
3016578,38.831367
3016579,33.07811
3016580,0.10753787
3016581,385.6377
3016582,11.723253
3016583,32.589207
3016584,11.913186
3016585,215.09067
3016586,18.721285
3016587,617.72974
3016588,327.44824
3016589,17.687645
3016590,21.683783
3016591,711.3492
3016592,186.96121
3016593,6293.4297
3016594,254.91261
3016595,62.846317
3016596,5.1083097
3016597,0.1656506
3016598,4.9649835
3016599,1427.6583
3016600,0.00958814
3016601,290.42197
3016602,18.85319
3016603,659.34827
3016604,395.4703
3016605,175.2312
3016606,64.76242
3016607,76.59407
3016608,2182.648
3016609,19.205463
3016610,0.4890744
3016611,20.619183
3016612,18.772022
3016613,0.14979538
3016614,159.77988
3016615,8.626825
3016616,4.6389394
3016617,9.090112
3016618,54.18376
3016619,4.976532
3016620,171.90947
3016621,176.2011
3016622,3.0896568
3016623,5.557825
3016624,161.46362
3016625,51.866272
3016626,1131.637
3016627,0.105946384
3016628,7.4496717
3016629,8.791755
3016630,0.009385486
3016631,8.11979
3016632,3100.8674
3016633,0.0039803116
3016634,459.21722
3016635,24.762955
3016636,1138.4745
3016637,849.695
3016638,300.80258
3016639,71.607315
3016640,116.69628
3016641,4880.007
3016642,55.97693
3016643,0.5752903
3016644,36.403183
3016645,27.441595
3016646,0.017217793
3016647,300.78934
3016648,10.78179
3016649,4.4858236
3016650,2.6948557
3016651,110.47129
3016652,8.512261
3016653,463.08118
3016654,330.17773
3016655,10.243962
3016656,16.467588
3016657,249.67984
3016658,66.96107
3016659,1849.6488
3016660,272.91968
3016661,14.731826
3016662,4.5852976
3016663,0.01491195
3016664,3.566421
3016665,3290.1877
3016666,0.1244733
3016667,761.5472
3016668,13.261682
3016669,1024.8112
3016670,1199.8593
3016671,163.88173
3016672,243.89714
3016673,206.10526
3016674,3613.3455
3016675,31.514492
3016676,1.1976895
3016677,26.92538
3016678,30.183428
3016679,0.39519522
3016680,217.46198
3016681,2.0103886
3016682,34.742115
3016683,4.889244
3016684,126.79552
3016685,10.633844
3016686,453.7046
3016687,199.08405
3016688,15.400127
3016689,6.3284197
3016690,519.9511
3016691,94.6739
3016692,3737.4492
3016693,0.57101643
3016694,31.997501
3016695,8.94649
3016696,0.017897815
3016697,6.294926
3016698,3024.341
3016699,0.0
3016700,633.9732
3016701,16.441944
3016702,1207.5073
3016703,973.4852
3016704,229.34453
3016705,120.002785
3016706,242.71565
3016707,4407.7983
3016708,33.702587
3016709,1.9685543
3016710,40.914425
3016711,32.950256
3016712,0.10859962
3016713,247.92932
3016714,6.7536073
3016715,43.271553
3016716,9.025778
3016717,233.77838
3016718,13.915713
3016719,294.8382
3016720,254.95898
3016721,12.580436
3016722,15.901495
3016723,260.21002
3016724,111.115234
3016725,3567.175
3016726,5.440454
3016727,5.3567195
3016728,6.9327526
3016729,0.13198297
3016730,3.1981683
3016731,1728.6051
3016732,0.0062310905
3016733,344.12985
3016734,7.771345
3016735,720.57697
3016736,370.72974
3016737,169.38223
3016738,78.36268
3016739,82.86647
3016740,2424.7378
3016741,12.147717
3016742,0.6290952
3016743,24.154892
3016744,24.66167
3016745,0.059836753
3016746,138.11127
3016747,1.3636951
3016748,11.854308
3016749,4.768762
3016750,74.72962
3016751,3.645657
3016752,189.66006
3016753,145.64268
3016754,4.9465632
3016755,4.767982
3016756,133.07704
3016757,55.350086
3016758,1634.5907
3016759,0.24242254
3016760,3.3701267
3016761,4.857436
3016762,0.022710087
3016763,0.6128106
3016764,1674.5005
3016765,0.0
3016766,145.79115
3016767,4.3771114
3016768,760.75494
3016769,198.01738
3016770,169.21268
3016771,42.453445
3016772,30.210718
3016773,2357.2893
3016774,5.7223063
3016775,0.6095053
3016776,16.762877
3016777,10.974384
3016778,0.051815085
3016779,138.4061
3016780,0.021262499
3016781,0.0
3016782,2.700999
3016783,13.035842
3016784,1.4419024
3016785,46.048428
3016786,117.439766
3016787,0.10902392
3016788,1.6604683
3016789,40.363327
3016790,67.88964
3016791,499.63702
3016792,0.06789452
3016793,0.83906054
3016794,4.157672
3016795,0.013436017
3016796,4.786753
3016797,2503.1545
3016798,0.0032099634
3016799,452.24472
3016800,11.998521
3016801,887.79486
3016802,734.18243
3016803,241.53062
3016804,111.10796
3016805,111.00335
3016806,3602.0608
3016807,24.597315
3016808,1.0689728
3016809,18.100266
3016810,27.653748
3016811,0.036035866
3016812,227.1517
3016813,15.337717
3016814,12.805921
3016815,8.77287
3016816,60.249573
3016817,7.833208
3016818,338.8183
3016819,206.7335
3016820,8.005929
3016821,9.561445
3016822,358.78638
3016823,68.8883
3016824,1873.7651
3016825,0.0443144
3016826,25.159674
3016827,4.0605345
3016828,0.015892962
3016829,3.7860594
3016830,3448.2634
3016831,0.005067149
3016832,677.73145
3016833,17.618723
3016834,908.25616
3016835,1172.5382
3016836,147.2198
3016837,210.94809
3016838,204.1411
3016839,3503.3298
3016840,39.6464
3016841,1.546376
3016842,23.31321
3016843,24.468922
3016844,0.23249505
3016845,187.29115
3016846,10.4470625
3016847,37.81848
3016848,6.6151447
3016849,128.88416
3016850,12.769061
3016851,368.64227
3016852,182.91447
3016853,6.960228
3016854,10.602349
3016855,466.166
3016856,123.63125
3016857,4306.967
3016858,1.9336236
3016859,34.910522
3016860,3.5667548
3016861,0.019200535
3016862,6.6636295
3016863,3386.2358
3016864,0.11241051
3016865,728.65875
3016866,20.574982
3016867,1030.5109
3016868,1094.2838
3016869,212.34045
3016870,224.42743
3016871,139.93562
3016872,4013.8
3016873,32.029606
3016874,2.306426
3016875,31.60328
3016876,33.205853
3016877,0.01813883
3016878,265.11768
3016879,21.518795
3016880,32.76508
3016881,18.684574
3016882,113.31899
3016883,14.715523
3016884,354.95065
3016885,235.7175
3016886,14.764789
3016887,19.6749
3016888,418.42438
3016889,126.09265
3016890,3495.7385
3016891,0.30995116
3016892,32.24189
3016893,9.276875
3016894,0.28042206
3016895,3.8238554
3016896,2834.7285
3016897,0.0031109462
3016898,413.58694
3016899,13.768969
3016900,1217.1368
3016901,668.91425
3016902,433.95642
3016903,115.34383
3016904,75.68546
3016905,5039.8237
3016906,10.835133
3016907,0.87034893
3016908,45.76832
3016909,30.839956
3016910,0.06319266
3016911,316.51974
3016912,8.547379
3016913,3.3714867
3016914,5.135086
3016915,39.06482
3016916,2.314538
3016917,485.8318
3016918,273.20273
3016919,5.224497
3016920,6.742968
3016921,270.27917
3016922,93.19483
3016923,1206.4337
3016924,110.86244
3016925,16.0557
3016926,3.7939053
3016927,0.035718072
3016928,2.7504632
3016929,2006.6863
3016930,0.016691107
3016931,370.05502
3016932,14.054839
3016933,586.1551
3016934,621.7297
3016935,131.7542
3016936,124.74286
3016937,110.60691
3016938,2341.0645
3016939,22.811562
3016940,0.8174163
3016941,19.34601
3016942,20.9631
3016943,0.03620193
3016944,155.48503
3016945,11.724133
3016946,18.98356
3016947,6.680582
3016948,124.41232
3016949,7.903118
3016950,537.01666
3016951,120.08532
3016952,5.5469284
3016953,9.280205
3016954,394.17252
3016955,77.389694
3016956,2289.732
3016957,0.4652382
3016958,30.363173
3016959,1.210211
3016960,0.4833739
3016961,1.1319745
3016962,1116.9777
3016963,0.0
3016964,70.68836
3016965,3.2453456
3016966,584.62054
3016967,217.54616
3016968,251.37022
3016969,27.460365
3016970,25.998888
3016971,2098.0088
3016972,4.3956156
3016973,0.2839614
3016974,6.342648
3016975,6.239583
3016976,0.032411724
3016977,125.27955
3016978,4.4438868
3016979,0.0
3016980,2.0104194
3016981,12.030906
3016982,0.7568997
3016983,115.52471
3016984,113.45557
3016985,0.6964264
3016986,1.9015157
3016987,119.655365
3016988,22.6086
3016989,200.71796
3016990,1.2947373
3016991,0.61917603
3016992,6.3787775
3016993,0.22340712
3016994,3.2124252
3016995,4998.55
3016996,0.0
3016997,477.78482
3016998,15.14735
3016999,1765.6898
3017000,505.49152
3017001,557.47754
3017002,82.43393
3017003,81.06509
3017004,6516.901
3017005,32.3653
3017006,0.423974
3017007,20.440172
3017008,13.916798
3017009,0.100085236
3017010,321.7427
3017011,8.407572
3017012,2.5444412
3017013,9.372673
3017014,53.07639
3017015,3.751163
3017016,556.36285
3017017,285.86475
3017018,1.906482
3017019,10.468559
3017020,541.8697
3017021,74.609474
3017022,1135.6819
3017023,13.27682
3017024,7.0943594
3017025,4.3026423
3017026,0.0387584
3017027,1.140794
3017028,1722.659
3017029,0.0
3017030,146.87361
3017031,9.65167
3017032,635.45184
3017033,346.57013
3017034,234.98743
3017035,43.45374
3017036,39.697727
3017037,2704.7961
3017038,9.392377
3017039,0.29640532
3017040,12.125274
3017041,12.790627
3017042,0.061932813
3017043,151.68727
3017044,4.180015
3017045,0.00095603836
3017046,2.8264885
3017047,43.97244
3017048,1.8690434
3017049,113.10115
3017050,139.10489
3017051,1.689861
3017052,5.5335417
3017053,153.0575
3017054,41.91776
3017055,327.13953
3017056,9.77985
3017057,4.7220387
3017058,4.0050383
3017059,0.06545678
3017060,2.0110502
3017061,1486.4324
3017062,0.0
3017063,102.247185
3017064,6.342297
3017065,628.12573
3017066,218.69193
3017067,159.66231
3017068,40.50879
3017069,24.99124
3017070,2448.164
3017071,14.616235
3017072,0.1342662
3017073,8.567773
3017074,7.6582413
3017075,0.043098446
3017076,119.326035
3017077,1.4357963
3017078,0.016646327
3017079,1.7575626
3017080,44.467087
3017081,1.1707618
3017082,110.67921
3017083,118.36984
3017084,0.40978757
3017085,2.405441
3017086,96.40165
3017087,29.73227
3017088,198.27644
3017089,10.357661
3017090,1.5626171
3017091,1.852854
3017092,0.044898547
3017093,1.0724208
3017094,1360.4126
3017095,0.0
3017096,138.74327
3017097,6.5614176
3017098,770.9657
3017099,323.3166
3017100,233.69331
3017101,24.831244
3017102,40.84499
3017103,2589.284
3017104,4.4810286
3017105,0.38008967
3017106,8.91366
3017107,17.577091
3017108,0.046837967
3017109,171.6735
3017110,0.54711545
3017111,0.012206061
3017112,2.0833719
3017113,23.54628
3017114,1.856292
3017115,141.93771
3017116,224.86148
3017117,0.8033453
3017118,3.125121
3017119,62.153236
3017120,72.45821
3017121,361.00494
3017122,6.518559
3017123,5.403466
3017124,3.888856
3017125,0.8746803
3017126,1.9902599
3017127,1651.6326
3017128,0.0
3017129,122.751724
3017130,4.4690504
3017131,745.2387
3017132,307.36176
3017133,282.15683
3017134,60.068356
3017135,59.487778
3017136,2639.4612
3017137,12.056484
3017138,0.6025387
3017139,10.914203
3017140,12.478823
3017141,0.04682312
3017142,187.26727
3017143,7.466708
3017144,0.0
3017145,5.771024
3017146,26.710224
3017147,1.6754422
3017148,113.906715
3017149,160.45502
3017150,0.7543237
3017151,3.2204204
3017152,139.45447
3017153,37.831997
3017154,603.2903
3017155,13.445945
3017156,3.6954074
3017157,3.535769
3017158,0.08170488
3017159,1.0672176
3017160,1023.2051
3017161,0.0
3017162,104.6542
3017163,5.059297
3017164,545.61115
3017165,180.44464
3017166,147.79396
3017167,54.523407
3017168,27.26165
3017169,1677.9266
3017170,5.5125985
3017171,0.1468802
3017172,10.4189
3017173,7.448395
3017174,0.049108036
3017175,114.596855
3017176,0.012458523
3017177,0.0
3017178,2.3693697
3017179,20.246387
3017180,1.1263053
3017181,32.697765
3017182,95.41085
3017183,0.8324597
3017184,1.6601028
3017185,58.77877
3017186,29.544596
3017187,429.62555
3017188,0.027789878
3017189,0.32033348
3017190,6.840173
3017191,0.2914578
3017192,1.4419436
3017193,2998.2366
3017194,0.0
3017195,267.7446
3017196,6.189226
3017197,969.94257
3017198,606.6519
3017199,476.22397
3017200,154.00066
3017201,105.82889
3017202,3819.0625
3017203,12.796967
3017204,0.571192
3017205,19.200499
3017206,20.432915
3017207,0.030601922
3017208,229.76735
3017209,0.1365285
3017210,0.03990092
3017211,3.7585316
3017212,41.15948
3017213,4.0221076
3017214,194.12337
3017215,190.78635
3017216,2.6688714
3017217,5.0352335
3017218,309.511
3017219,58.814922
3017220,1107.6006
3017221,30.312508
3017222,11.977414
3017223,0.6975539
3017224,0.14585441
3017225,2.2730455
3017226,1755.5259
3017227,0.0034221418
3017228,468.4943
3017229,4.6902666
3017230,580.8029
3017231,400.23676
3017232,205.71988
3017233,140.56375
3017234,43.661896
3017235,2200.5283
3017236,8.51053
3017237,0.38878486
3017238,20.824295
3017239,10.472122
3017240,0.045252305
3017241,128.20984
3017242,6.1426783
3017243,1.8761628
3017244,3.0335593
3017245,65.89834
3017246,1.7205489
3017247,76.25339
3017248,122.63683
3017249,2.7088563
3017250,4.320583
3017251,213.68874
3017252,50.850075
3017253,1204.164
3017254,35.346657
3017255,9.983988
3017256,6.209281
3017257,0.27246857
3017258,2.6481419
3017259,2377.323
3017260,0.0
3017261,122.0704
3017262,8.29327
3017263,857.8746
3017264,259.18695
3017265,250.90733
3017266,50.305172
3017267,43.091583
3017268,3055.6504
3017269,18.284124
3017270,0.59190977
3017271,11.456476
3017272,8.817805
3017273,0.063848615
3017274,142.74919
3017275,5.528935
3017276,0.0
3017277,2.2742374
3017278,45.229767
3017279,2.828748
3017280,109.32338
3017281,152.13641
3017282,1.7273474
3017283,4.656362
3017284,73.434204
3017285,27.001524
3017286,402.4488
3017287,8.467291
3017288,2.8170142
3017289,5.6036725
3017290,0.01507336
3017291,5.6685324
3017292,3088.5093
3017293,0.0
3017294,654.21686
3017295,14.02579
3017296,872.6312
3017297,862.9119
3017298,249.70518
3017299,137.28009
3017300,133.20139
3017301,4018.9033
3017302,38.18753
3017303,0.89343166
3017304,18.027756
3017305,23.959105
3017306,0.056095168
3017307,261.39322
3017308,18.738346
3017309,15.290163
3017310,5.5423584
3017311,118.14022
3017312,10.539322
3017313,751.4474
3017314,234.4443
3017315,8.483276
3017316,7.7674484
3017317,608.0896
3017318,108.47371
3017319,2230.1401
3017320,0.12092803
3017321,38.9098
3017322,6.716701
3017323,0.324777
3017324,2.5403843
3017325,2816.0383
3017326,0.0
3017327,355.3351
3017328,8.763736
3017329,951.6433
3017330,557.5356
3017331,581.41693
3017332,61.818058
3017333,58.333313
3017334,4078.2104
3017335,14.32708
3017336,0.28436434
3017337,12.379454
3017338,10.055374
3017339,0.029529382
3017340,229.41858
3017341,2.065338
3017342,6.1573915
3017343,2.4974298
3017344,50.485535
3017345,1.2664349
3017346,217.76886
3017347,212.80179
3017348,3.0604062
3017349,6.450771
3017350,395.66434
3017351,61.219036
3017352,691.8744
3017353,30.750103
3017354,10.078135
3017355,6.585333
3017356,0.4523967
3017357,2.6111746
3017358,2685.6042
3017359,0.0
3017360,417.20615
3017361,7.1570196
3017362,956.2706
3017363,471.45917
3017364,318.0995
3017365,165.38011
3017366,77.66814
3017367,3611.5398
3017368,13.412011
3017369,0.4384942
3017370,27.744053
3017371,17.14049
3017372,0.13585195
3017373,235.95149
3017374,1.5328777
3017375,3.235302
3017376,5.2877264
3017377,69.360504
3017378,1.3129551
3017379,92.48106
3017380,203.85098
3017381,1.817323
3017382,3.9529462
3017383,171.79227
3017384,121.7477
3017385,1034.2804
3017386,0.0877602
3017387,3.6878471
3017388,3.196638
3017389,0.08419954
3017390,2.475124
3017391,1404.0344
3017392,0.0
3017393,119.557365
3017394,11.2334585
3017395,508.9273
3017396,300.95975
3017397,169.34698
3017398,44.66191
3017399,51.491547
3017400,2236.5903
3017401,10.302657
3017402,0.8487289
3017403,24.597504
3017404,19.65544
3017405,0.10041934
3017406,149.87416
3017407,0.0044625136
3017408,0.0
3017409,5.0692205
3017410,32.35673
3017411,4.1174874
3017412,79.10169
3017413,116.361595
3017414,0.87218916
3017415,5.504254
3017416,160.62526
3017417,40.953926
3017418,430.88614
3017419,1.9149132
3017420,1.0034142
3017421,3.0421057
3017422,0.016531138
3017423,1.0982149
3017424,1328.9883
3017425,0.41087362
3017426,272.799
3017427,10.3978
3017428,458.48267
3017429,448.53143
3017430,145.58522
3017431,50.23762
3017432,70.94633
3017433,1935.1664
3017434,25.050053
3017435,0.14188038
3017436,10.833911
3017437,11.710519
3017438,0.08404884
3017439,115.33484
3017440,8.065143
3017441,2.6327846
3017442,2.7223134
3017443,71.88989
3017444,5.032038
3017445,527.06805
3017446,106.22328
3017447,2.0652444
3017448,2.8071356
3017449,323.71985
3017450,41.40766
3017451,1211.3479
3017452,0.101142675
3017453,9.923749
3017454,3.0055408
3017455,0.41002554
3017456,4.4012814
3017457,3730.9517
3017458,0.05801545
3017459,831.47675
3017460,21.868998
3017461,1160.1433
3017462,1350.8876
3017463,342.06442
3017464,247.09816
3017465,200.07051
3017466,4223.8403
3017467,25.903152
3017468,1.0787623
3017469,22.19151
3017470,35.33255
3017471,0.064521804
3017472,271.0811
3017473,5.387193
3017474,39.830486
3017475,10.834224
3017476,127.21753
3017477,13.800563
3017478,667.0366
3017479,244.0088
3017480,13.74639
3017481,10.768626
3017482,777.2867
3017483,114.49977
3017484,3519.8044
3017485,0.09234665
3017486,36.01106
3017487,1.2463624
3017488,0.009596324
3017489,2.4554977
3017490,3409.5222
3017491,0.0
3017492,490.19455
3017493,7.033682
3017494,558.42426
3017495,1281.7043
3017496,197.36896
3017497,99.18356
3017498,102.78393
3017499,3151.906
3017500,18.843395
3017501,1.0196621
3017502,17.6759
3017503,12.095123
3017504,0.0849567
3017505,108.9395
3017506,0.0035311193
3017507,28.598345
3017508,6.5818706
3017509,236.87119
3017510,11.028091
3017511,344.46045
3017512,140.46808
3017513,6.0419903
3017514,8.778193
3017515,423.19684
3017516,58.622086
3017517,2196.2388
3017518,1.9716313
3017519,0.66425955
3017520,4.202898
3017521,0.072097234
3017522,0.5715442
3017523,884.35846
3017524,8.702315e-06
3017525,230.71275
3017526,5.8915944
3017527,340.93787
3017528,258.3506
3017529,70.04343
3017530,30.021654
3017531,34.11626
3017532,1365.0413
3017533,9.043908
3017534,0.48766962
3017535,9.756889
3017536,4.597914
3017537,0.13517109
3017538,61.948822
3017539,0.24674344
3017540,8.742673
3017541,0.6477678
3017542,21.809551
3017543,0.187862
3017544,304.4836
3017545,90.78915
3017546,1.6463056
3017547,0.9407525
3017548,166.9331
3017549,17.951513
3017550,504.34177
3017551,0.5390849
3017552,2.0759625
3017553,5.829301
3017554,0.09691076
3017555,2.158859
3017556,2861.7542
3017557,0.0022572682
3017558,606.8617
3017559,16.017742
3017560,793.9892
3017561,886.0166
3017562,282.79562
3017563,193.15369
3017564,144.39789
3017565,3424.4219
3017566,21.076857
3017567,1.843972
3017568,20.013504
3017569,15.375309
3017570,0.12155273
3017571,191.01181
3017572,4.594349
3017573,37.578934
3017574,9.441258
3017575,185.32977
3017576,5.2000623
3017577,426.98196
3017578,174.1901
3017579,9.535707
3017580,7.4386997
3017581,510.60196
3017582,77.15515
3017583,2504.483
3017584,0.7225635
3017585,20.430105
3017586,5.1503906
3017587,0.16289374
3017588,2.14925
3017589,2767.2644
3017590,0.0
3017591,525.5056
3017592,12.08981
3017593,937.6891
3017594,626.0108
3017595,388.0055
3017596,190.81287
3017597,75.647224
3017598,3711.29
3017599,8.979993
3017600,0.34312066
3017601,27.814774
3017602,12.759508
3017603,0.34815693
3017604,203.93481
3017605,0.0
3017606,5.9150805
3017607,4.046632
3017608,77.79946
3017609,0.44650802
3017610,178.71716
3017611,259.7588
3017612,3.8771038
3017613,2.8755407
3017614,231.70663
3017615,66.33336
3017616,1058.2969
3017617,1.4059937
3017618,3.6853395
3017619,5.6359453
3017620,0.39609253
3017621,2.2970386
3017622,2503.5679
3017623,0.0
3017624,537.8105
3017625,11.437231
3017626,765.3418
3017627,568.5191
3017628,335.37186
3017629,149.59628
3017630,73.70953
3017631,3287.5867
3017632,10.259588
3017633,0.54094434
3017634,21.924614
3017635,13.528932
3017636,0.04334157
3017637,182.55843
3017638,0.0
3017639,4.905606
3017640,3.591457
3017641,107.37748
3017642,1.2103534
3017643,94.58288
3017644,181.89163
3017645,5.130505
3017646,4.902288
3017647,244.82446
3017648,56.03589
3017649,868.123
3017650,1.8237934
3017651,4.7855234
3017652,9.374056
3017653,0.6712277
3017654,15.446672
3017655,8212.438
3017656,0.003897494
3017657,1250.376
3017658,47.966244
3017659,1919.9031
3017660,2200.0159
3017661,445.57413
3017662,524.762
3017663,363.11526
3017664,7668.9727
3017665,72.38991
3017666,2.911034
3017667,54.886406
3017668,50.299374
3017669,0.026891017
3017670,493.63034
3017671,39.16414
3017672,61.99173
3017673,25.400543
3017674,334.4966
3017675,33.506542
3017676,1333.36
3017677,443.27942
3017678,21.808802
3017679,25.565275
3017680,1472.9498
3017681,309.99374
3017682,7114.8975
3017683,1.8605106
3017684,117.008736
3017685,2.6352744
3017686,0.12170328
3017687,0.90272224
3017688,1265.2283
3017689,0.0
3017690,127.66524
3017691,3.4496775
3017692,439.13434
3017693,229.91418
3017694,121.89646
3017695,99.92176
3017696,43.52435
3017697,1783.5275
3017698,4.5475135
3017699,0.28964254
3017700,13.351197
3017701,7.440982
3017702,0.05166538
3017703,91.49283
3017704,0.86746156
3017705,0.0
3017706,2.8384814
3017707,52.05279
3017708,0.94546926
3017709,39.3757
3017710,79.38008
3017711,2.2281673
3017712,2.4305084
3017713,99.1806
3017714,16.20402
3017715,403.68924
3017716,0.01951982
3017717,3.5187922
3017718,6.848944
3017719,0.33826432
3017720,1.4619813
3017721,2387.474
3017722,0.0035479874
3017723,422.49997
3017724,10.569981
3017725,980.8201
3017726,532.56915
3017727,241.79352
3017728,216.4607
3017729,83.85312
3017730,3715.4487
3017731,12.08328
3017732,0.36598244
3017733,18.567608
3017734,13.887646
3017735,0.094159804
3017736,197.50029
3017737,0.66732335
3017738,10.437218
3017739,8.0554285
3017740,23.971497
3017741,0.67187965
3017742,258.8497
3017743,195.0863
3017744,3.073279
3017745,3.567793
3017746,154.19487
3017747,51.095795
3017748,1037.833
3017749,0.731483
3017750,3.7524023
3017751,1.5406358
3017752,0.053896543
3017753,0.37494946
3017754,956.0534
3017755,0.0
3017756,86.41908
3017757,3.7085576
3017758,439.2649
3017759,159.90442
3017760,124.46831
3017761,139.73094
3017762,22.051945
3017763,1589.1656
3017764,2.879042
3017765,0.18456835
3017766,9.520712
3017767,3.470386
3017768,0.06349928
3017769,70.28884
3017770,0.02704974
3017771,0.0
3017772,1.1217337
3017773,51.57006
3017774,0.14055297
3017775,48.100826
3017776,72.367615
3017777,0.38703498
3017778,0.8040149
3017779,58.83558
3017780,9.548335
3017781,181.86354
3017782,0.016059555
3017783,1.5499823
3017784,6.417502
3017785,0.19769265
3017786,1.4106143
3017787,1591.8826
3017788,0.0
3017789,203.59346
3017790,9.357819
3017791,717.2862
3017792,321.14062
3017793,201.62433
3017794,79.4877
3017795,60.89537
3017796,2384.4192
3017797,2.5566094
3017798,0.14667718
3017799,26.85056
3017800,13.359021
3017801,0.04623034
3017802,140.85135
3017803,0.0073366966
3017804,0.056537285
3017805,9.56869
3017806,38.909172
3017807,1.944289
3017808,171.04723
3017809,143.21358
3017810,1.4689391
3017811,2.612967
3017812,221.22478
3017813,28.594267
3017814,953.4083
3017815,0.09099775
3017816,0.43744528
3017817,2.7184443
3017818,0.29454368
3017819,1.4781709
3017820,2638.1797
3017821,0.0016836377
3017822,584.4597
3017823,25.204975
3017824,749.4544
3017825,547.9185
3017826,227.90688
3017827,99.536354
3017828,67.1346
3017829,3561.677
3017830,6.477507
3017831,2.610654
3017832,30.40411
3017833,35.97685
3017834,0.17096145
3017835,168.70844
3017836,1.5659716
3017837,11.035099
3017838,4.8266487
3017839,57.64695
3017840,2.824346
3017841,147.32346
3017842,247.72145
3017843,3.0165877
3017844,4.6627955
3017845,117.99612
3017846,36.647896
3017847,715.4356
3017848,3.03098
3017849,1.2612901
3017850,3.8799634
3017851,0.055890985
3017852,0.3521562
3017853,1392.0437
3017854,0.0
3017855,90.03211
3017856,1.9610808
3017857,476.49713
3017858,154.81625
3017859,88.28357
3017860,121.87326
3017861,38.134228
3017862,1890.8961
3017863,2.744753
3017864,0.1765705
3017865,7.9828997
3017866,6.29106
3017867,0.097144514
3017868,79.516495
3017869,0.057572085
3017870,0.01780675
3017871,0.14277138
3017872,18.432785
3017873,1.1410496
3017874,158.3295
3017875,65.922745
3017876,1.7807517
3017877,0.8459362
3017878,59.61144
3017879,16.50909
3017880,284.87857
3017881,0.06190256
3017882,0.14678691
3017883,4.76579
3017884,0.08694795
3017885,0.9760679
3017886,2620.065
3017887,0.0
3017888,470.3804
3017889,8.348572
3017890,801.5366
3017891,520.29706
3017892,240.23306
3017893,124.54934
3017894,93.72669
3017895,3594.9995
3017896,6.0486445
3017897,0.26549044
3017898,18.345343
3017899,9.381879
3017900,0.075081736
3017901,175.81891
3017902,0.027739767
3017903,30.033297
3017904,5.5628247
3017905,60.583866
3017906,1.7336204
3017907,236.66121
3017908,164.22803
3017909,2.8915246
3017910,2.0889592
3017911,142.2139
3017912,47.773018
3017913,1100.2539
3017914,0.65269685
3017915,0.45893785
3017916,2.8997862
3017917,0.04627998
3017918,3.6944866
3017919,2513.1116
3017920,0.0
3017921,489.6482
3017922,12.996266
3017923,805.8503
3017924,847.5527
3017925,161.94029
3017926,102.60829
3017927,131.73723
3017928,3163.6577
3017929,37.024605
3017930,1.2441757
3017931,22.470438
3017932,20.903225
3017933,0.046193365
3017934,201.15106
3017935,14.993634
3017936,29.432957
3017937,4.9320917
3017938,118.519066
3017939,11.199347
3017940,296.52505
3017941,183.40782
3017942,9.392189
3017943,11.436605
3017944,283.2214
3017945,81.36852
3017946,2505.943
3017947,0.90408456
3017948,12.236956
3017949,6.1393576
3017950,0.021799225
3017951,6.2746415
3017952,2417.1272
3017953,0.0
3017954,418.20923
3017955,17.900682
3017956,822.22943
3017957,816.0084
3017958,155.2305
3017959,79.18546
3017960,109.73891
3017961,3491.5593
3017962,26.483944
3017963,0.60359275
3017964,24.7889
3017965,30.098536
3017966,0.04496345
3017967,258.75705
3017968,16.78089
3017969,18.419872
3017970,7.564975
3017971,90.404526
3017972,13.279895
3017973,199.14894
3017974,273.9603
3017975,7.7205143
3017976,7.990943
3017977,142.1833
3017978,81.751884
3017979,2087.4043
3017980,2.4728856
3017981,18.907225
3017982,6.732521
3017983,0.18688981
3017984,2.572904
3017985,3083.0015
3017986,0.0020983745
3017987,622.0891
3017988,10.753896
3017989,1077.6959
3017990,505.29062
3017991,195.25356
3017992,264.45837
3017993,76.75422
3017994,4484.3477
3017995,29.39852
3017996,1.0017853
3017997,18.585941
3017998,17.29741
3017999,0.0791656
3018000,243.72134
3018001,2.6849315
3018002,18.100744
3018003,6.0789204
3018004,71.447296
3018005,4.7518387
3018006,139.58379
3018007,212.12694
3018008,5.237417
3018009,7.305372
3018010,225.6618
3018011,60.70112
3018012,1624.9995
3018013,9.2596035
3018014,13.033034
3018015,4.737247
3018016,0.016229868
3018017,3.7065873
3018018,2736.5842
3018019,0.0031256545
3018020,393.98337
3018021,8.884967
3018022,766.7763
3018023,779.24866
3018024,216.63412
3018025,143.13905
3018026,113.04197
3018027,3408.2441
3018028,19.015715
3018029,1.2971852
3018030,14.040327
3018031,10.644093
3018032,0.052796308
3018033,198.88322
3018034,15.509386
3018035,23.56375
3018036,3.4841762
3018037,113.50153
3018038,9.174058
3018039,535.3378
3018040,202.21535
3018041,6.4113927
3018042,7.2146435
3018043,487.10046
3018044,65.54916
3018045,2189.32
3018046,0.13284598
3018047,29.906244
3018048,2.8674986
3018049,0.2338698
3018050,1.651741
3018051,3639.842
3018052,0.0
3018053,371.53607
3018054,12.176729
3018055,1434.0093
3018056,537.1783
3018057,317.46866
3018058,135.99635
3018059,68.38077
3018060,4999.561
3018061,10.162708
3018062,0.82920814
3018063,30.013401
3018064,23.19537
3018065,0.082431756
3018066,281.9352
3018067,0.0051021352
3018068,0.03213829
3018069,6.6116123
3018070,59.832535
3018071,3.2048316
3018072,119.31903
3018073,253.39227
3018074,2.8005724
3018075,8.428882
3018076,185.20578
3018077,45.477577
3018078,1004.9443
3018079,0.04719244
3018080,1.998344
3018081,5.760695
3018082,0.10563578
3018083,4.8601623
3018084,2318.1758
3018085,0.0
3018086,458.41122
3018087,12.046465
3018088,917.222
3018089,647.38116
3018090,223.81642
3018091,108.062
3018092,256.29526
3018093,3363.487
3018094,32.642517
3018095,1.0822828
3018096,22.654768
3018097,23.744244
3018098,0.045413245
3018099,225.50752
3018100,12.472882
3018101,21.042944
3018102,6.9736214
3018103,84.8418
3018104,13.777281
3018105,275.3515
3018106,239.4471
3018107,10.408923
3018108,6.6852126
3018109,226.94206
3018110,56.459576
3018111,1854.6804
3018112,0.3059013
3018113,7.2142286
3018114,4.103617
3018115,0.018952284
3018116,2.9582653
3018117,2485.0823
3018118,0.0042898613
3018119,503.29803
3018120,10.9265175
3018121,715.25116
3018122,788.3677
3018123,166.76038
3018124,107.425964
3018125,121.51509
3018126,2828.0837
3018127,26.378433
3018128,0.8249527
3018129,19.319992
3018130,15.114552
3018131,0.13078637
3018132,187.96123
3018133,13.025449
3018134,32.700657
3018135,4.9399734
3018136,91.44309
3018137,10.989625
3018138,301.8694
3018139,181.5985
3018140,6.1172304
3018141,8.979879
3018142,274.56592
3018143,62.848934
3018144,2222.7031
3018145,0.14705971
3018146,17.187113
3018147,3.9539976
3018148,0.030150644
3018149,3.23237
3018150,3984.449
3018151,0.0
3018152,550.5596
3018153,13.209603
3018154,1239.9192
3018155,622.416
3018156,350.98257
3018157,154.31569
3018158,62.118793
3018159,4555.051
3018160,10.496957
3018161,0.15977634
3018162,13.730943
3018163,14.864908
3018164,0.05538648
3018165,205.4096
3018166,0.27650413
3018167,8.174375
3018168,2.7260537
3018169,107.244026
3018170,4.7079043
3018171,161.64516
3018172,217.65936
3018173,2.5161383
3018174,2.3403451
3018175,253.89084
3018176,102.405045
3018177,1118.3634
3018178,2.184929
3018179,0.1428831
3018180,16.017656
3018181,0.009345057
3018182,11.867891
3018183,9530.163
3018184,0.00064757565
3018185,1496.7452
3018186,34.6699
3018187,2277.6436
3018188,2540.642
3018189,613.91144
3018190,573.65906
3018191,488.5288
3018192,9554.601
3018193,84.436874
3018194,5.1089067
3018195,94.73021
3018196,106.52157
3018197,0.039967187
3018198,572.6685
3018199,23.84516
3018200,40.671616
3018201,17.355911
3018202,432.3673
3018203,27.693924
3018204,1466.1593
3018205,475.25192
3018206,33.58444
3018207,30.921741
3018208,1609.0244
3018209,357.1722
3018210,8618.586
3018211,429.69827
3018212,121.193855
3018213,15.0818615
3018214,0.009887981
3018215,10.088601
3018216,9081.902
3018217,0.0011082469
3018218,1287.9878
3018219,35.79936
3018220,2396.669
3018221,2279.4915
3018222,656.73865
3018223,353.42938
3018224,377.48026
3018225,9882.752
3018226,87.24019
3018227,0.74418294
3018228,63.880203
3018229,60.885483
3018230,0.6303426
3018231,587.21265
3018232,20.246353
3018233,48.342598
3018234,5.085146
3018235,322.33823
3018236,30.767853
3018237,1850.1819
3018238,597.24255
3018239,21.84867
3018240,24.882837
3018241,1745.7484
3018242,284.1244
3018243,6158.6704
3018244,412.70618
3018245,108.87336
3018246,11.713246
3018247,0.012645495
3018248,12.559665
3018249,5563.1245
3018250,0.003374655
3018251,866.21704
3018252,20.826075
3018253,2124.8362
3018254,1468.3689
3018255,822.86633
3018256,139.77966
3018257,255.94632
3018258,8771.099
3018259,44.78763
3018260,1.3619721
3018261,27.225483
3018262,23.62162
3018263,0.2749658
3018264,623.8946
3018265,20.861614
3018266,32.186966
3018267,6.729056
3018268,161.03609
3018269,12.176962
3018270,1581.6737
3018271,685.71576
3018272,19.50563
3018273,26.536455
3018274,1098.3075
3018275,151.06198
3018276,2785.6628
3018277,319.16547
3018278,56.951893
3018279,14.991031
3018280,0.0076508853
3018281,17.06921
3018282,8152.89
3018283,0.0
3018284,1211.1305
3018285,32.039482
3018286,2186.529
3018287,2055.354
3018288,718.2527
3018289,344.91443
3018290,299.67325
3018291,9664.132
3018292,68.32574
3018293,1.3683336
3018294,49.12845
3018295,55.01484
3018296,0.047021113
3018297,602.75745
3018298,23.15977
3018299,42.946316
3018300,5.187759
3018301,240.67587
3018302,26.54966
3018303,1474.836
3018304,633.593
3018305,21.117023
3018306,27.98144
3018307,1462.2719
3018308,249.753
3018309,5649.292
3018310,420.95593
3018311,95.773056
3018312,9.971119
3018313,0.009904355
3018314,16.243418
3018315,4207.586
3018316,0.0
3018317,669.2222
3018318,18.392145
3018319,1968.5922
3018320,1170.3981
3018321,693.3084
3018322,97.22794
3018323,174.88432
3018324,7665.463
3018325,43.970734
3018326,0.4274633
3018327,30.598314
3018328,22.946257
3018329,0.071077116
3018330,577.08295
3018331,18.212877
3018332,20.181986
3018333,3.1853657
3018334,139.70155
3018335,8.8246
3018336,1329.1038
3018337,636.8196
3018338,14.292513
3018339,19.908781
3018340,875.1677
3018341,102.1111
3018342,1996.5756
3018343,320.0684
3018344,34.755573
3018345,11.068758
3018346,0.120683715
3018347,8.801298
3018348,8023.7046
3018349,0.00010896323
3018350,1311.6633
3018351,36.485744
3018352,1946.903
3018353,2402.257
3018354,485.46933
3018355,535.60187
3018356,521.5977
3018357,8109.622
3018358,66.948784
3018359,1.9183731
3018360,46.19018
3018361,35.523277
3018362,0.049228106
3018363,511.0935
3018364,15.32925
3018365,43.58562
3018366,9.30386
3018367,354.58896
3018368,24.802229
3018369,1458.6022
3018370,427.78638
3018371,21.279757
3018372,24.930168
3018373,1413.9985
3018374,270.23596
3018375,7961.2026
3018376,309.07803
3018377,117.11344
3018378,5.7668824
3018379,0.15388928
3018380,4.672035
3018381,1780.6469
3018382,0.10076829
3018383,348.08026
3018384,23.14276
3018385,741.1897
3018386,462.0542
3018387,219.23251
3018388,72.55467
3018389,97.971924
3018390,2517.073
3018391,20.959515
3018392,0.47192174
3018393,23.400541
3018394,18.566488
3018395,0.125817
3018396,181.96857
3018397,7.4142656
3018398,11.86956
3018399,9.195458
3018400,74.25023
3018401,6.6479244
3018402,271.98425
3018403,196.74112
3018404,2.9089503
3018405,5.6528463
3018406,255.79813
3018407,55.969975
3018408,1488.0305
3018409,0.07177797
3018410,8.886325
3018411,10.279409
3018412,0.011689992
3018413,9.667648
3018414,3613.5625
3018415,0.059667338
3018416,648.1979
3018417,33.47807
3018418,1388.867
3018419,917.12305
3018420,470.40558
3018421,111.3069
3018422,162.0205
3018423,5329.166
3018424,62.63138
3018425,0.55972517
3018426,54.467518
3018427,30.747591
3018428,0.046134308
3018429,373.0808
3018430,14.797451
3018431,9.774489
3018432,2.8038344
3018433,183.71796
3018434,12.965171
3018435,757.38654
3018436,340.88376
3018437,11.177632
3018438,18.425999
3018439,427.68375
3018440,89.27887
3018441,1982.787
3018442,293.74948
3018443,22.792511
3018444,5.764657
3018445,0.032853156
3018446,4.166759
3018447,4464.688
3018448,0.071072325
3018449,964.3888
3018450,18.980255
3018451,1304.5458
3018452,1535.1656
3018453,261.10236
3018454,343.91992
3018455,325.4123
3018456,4646.0986
3018457,35.160908
3018458,1.5488853
3018459,30.249235
3018460,33.832146
3018461,0.050022583
3018462,294.61652
3018463,1.9497695
3018464,44.842857
3018465,5.5721254
3018466,225.84583
3018467,14.859133
3018468,1059.1216
3018469,248.65706
3018470,17.58959
3018471,9.071627
3018472,1177.3898
3018473,115.5963
3018474,4888.309
3018475,1.0306759
3018476,64.64612
3018477,9.3099985
3018478,0.017344823
3018479,8.142894
3018480,4054.9937
3018481,0.0
3018482,850.4149
3018483,17.491205
3018484,1351.7195
3018485,1354.9807
3018486,409.93008
3018487,215.1789
3018488,377.73877
3018489,5654.9526
3018490,36.983604
3018491,1.7078557
3018492,47.161438
3018493,34.84501
3018494,0.029307207
3018495,309.1662
3018496,4.861819
3018497,52.541042
3018498,7.546631
3018499,386.59055
3018500,15.394424
3018501,700.87195
3018502,319.3258
3018503,13.456391
3018504,20.034847
3018505,592.09296
3018506,153.35059
3018507,4778.32
3018508,4.8421693
3018509,5.5068364
3018510,8.336314
3018511,0.13165179
3018512,3.9912262
3018513,2090.633
3018514,0.031286836
3018515,450.05164
3018516,8.381678
3018517,812.5679
3018518,460.91714
3018519,244.1121
3018520,87.73944
3018521,146.9234
3018522,2948.6868
3018523,12.590425
3018524,0.68392456
3018525,26.162594
3018526,22.434195
3018527,0.069796935
3018528,166.58064
3018529,2.7804139
3018530,14.84895
3018531,4.6636505
3018532,158.35745
3018533,4.939421
3018534,435.97247
3018535,193.89296
3018536,5.198065
3018537,5.59744
3018538,248.53494
3018539,65.63514
3018540,2082.0774
3018541,0.48157594
3018542,3.721218
3018543,5.515702
3018544,0.043298416
3018545,0.64180255
3018546,2046.8232
3018547,0.0
3018548,161.81198
3018549,5.304133
3018550,862.4663
3018551,211.26222
3018552,234.0916
3018553,46.597164
3018554,36.711437
3018555,2743.5168
3018556,5.883397
3018557,0.66993606
3018558,17.55983
3018559,11.033541
3018560,0.04098706
3018561,154.4289
3018562,0.027873624
3018563,0.0
3018564,3.6725888
3018565,20.325655
3018566,0.8831594
3018567,42.21701
3018568,138.63496
3018569,0.23651822
3018570,1.8403785
3018571,64.19246
3018572,62.930397
3018573,583.55145
3018574,0.17826658
3018575,0.5185522
3018576,5.2532444
3018577,0.01329063
3018578,4.82756
3018579,3417.197
3018580,0.0
3018581,553.4851
3018582,15.666246
3018583,1057.9656
3018584,934.2801
3018585,343.04504
3018586,140.1083
3018587,164.06187
3018588,4556.946
3018589,30.91315
3018590,1.6721361
3018591,22.989126
3018592,28.16866
3018593,0.04539031
3018594,258.4357
3018595,17.186644
3018596,19.919552
3018597,8.758984
3018598,109.289505
3018599,10.542927
3018600,618.09393
3018601,235.84125
3018602,8.3117695
3018603,10.349993
3018604,673.1313
3018605,88.4269
3018606,2337.2417
3018607,0.058227103
3018608,43.152348
3018609,4.162458
3018610,0.013597311
3018611,4.0832386
3018612,4134.21
3018613,0.0023661787
3018614,762.49536
3018615,20.750402
3018616,926.7442
3018617,1334.7057
3018618,201.12042
3018619,279.45187
3018620,240.03484
3018621,3852.914
3018622,41.244576
3018623,1.9005516
3018624,27.202538
3018625,27.910059
3018626,0.053410266
3018627,212.83768
3018628,12.330876
3018629,45.22884
3018630,6.176471
3018631,240.48074
3018632,17.168835
3018633,708.5828
3018634,208.29012
3018635,6.5750027
3018636,11.782531
3018637,773.66565
3018638,142.17879
3018639,4786.4126
3018640,1.1950681
3018641,55.662586
3018642,3.985838
3018643,0.03967415
3018644,7.698166
3018645,4568.244
3018646,0.117574506
3018647,869.27423
3018648,26.809143
3018649,1234.2069
3018650,1483.8898
3018651,305.46933
3018652,306.73425
3018653,194.1457
3018654,4931.01
3018655,40.514214
3018656,2.3105319
3018657,37.628708
3018658,37.788403
3018659,0.024314728
3018660,352.09778
3018661,26.380013
3018662,45.950516
3018663,21.047338
3018664,174.87408
3018665,18.654148
3018666,827.73315
3018667,301.49268
3018668,15.976921
3018669,26.434698
3018670,824.06384
3018671,174.9432
3018672,4340.6343
3018673,2.0182557
3018674,56.857517
3018675,9.911978
3018676,0.39480948
3018677,4.4285874
3018678,3121.3342
3018679,0.0
3018680,462.9148
3018681,15.876993
3018682,1357.0682
3018683,708.52124
3018684,575.4617
3018685,113.26155
3018686,84.19075
3018687,5346.7373
3018688,14.681911
3018689,0.59717023
3018690,48.689228
3018691,27.458763
3018692,0.06360737
3018693,339.36838
3018694,9.065279
3018695,4.075094
3018696,5.6980457
3018697,56.59371
3018698,3.08221
3018699,305.28088
3018700,299.9329
3018701,5.8084507
3018702,6.7183204
3018703,388.82214
3018704,94.98426
3018705,1234.5203
3018706,75.03494
3018707,15.789541
3018708,3.5910664
3018709,0.08329087
3018710,2.6291342
3018711,2101.8435
3018712,0.06387602
3018713,327.87732
3018714,11.548006
3018715,530.2665
3018716,621.8336
3018717,121.42259
3018718,125.869225
3018719,122.386055
3018720,2322.1472
3018721,19.574444
3018722,1.1196845
3018723,16.5956
3018724,20.432875
3018725,0.05920257
3018726,156.31145
3018727,13.184235
3018728,10.166919
3018729,4.0731683
3018730,133.26616
3018731,8.670534
3018732,252.00714
3018733,135.31905
3018734,5.9002213
3018735,8.269225
3018736,258.19632
3018737,79.077095
3018738,1888.3231
3018739,0.87469995
3018740,23.525331
3018741,1.5686173
3018742,0.59242976
3018743,1.3452435
3018744,1495.3875
3018745,0.0
3018746,90.67271
3018747,5.619214
3018748,784.3722
3018749,282.28186
3018750,243.88313
3018751,37.968063
3018752,51.006233
3018753,2732.929
3018754,5.535526
3018755,0.4123872
3018756,11.386472
3018757,8.537793
3018758,0.049936216
3018759,158.4438
3018760,6.606841
3018761,0.013587404
3018762,2.2011712
3018763,27.121563
3018764,1.0324667
3018765,127.127686
3018766,144.36504
3018767,1.0784714
3018768,3.6063972
3018769,134.73438
3018770,26.701504
3018771,247.44194
3018772,1.0676003
3018773,0.88165617
3018774,7.8643312
3018775,0.33987203
3018776,4.517784
3018777,4976.0913
3018778,0.0033608999
3018779,461.2463
3018780,18.535803
3018781,1863.2905
3018782,603.2044
3018783,440.42316
3018784,101.09863
3018785,116.44534
3018786,6859.3926
3018787,31.199242
3018788,0.5780512
3018789,28.643034
3018790,18.99223
3018791,0.09069294
3018792,398.006
3018793,10.472658
3018794,3.8408728
3018795,10.198577
3018796,65.945595
3018797,4.9629054
3018798,486.5901
3018799,356.1026
3018800,2.0337124
3018801,15.17144
3018802,310.5028
3018803,67.92881
3018804,1162.0784
3018805,18.511448
3018806,9.816701
3018807,5.335053
3018808,0.05989727
3018809,1.3484387
3018810,1735.0087
3018811,0.0
3018812,147.55179
3018813,12.339795
3018814,682.6035
3018815,348.5393
3018816,212.26682
3018817,54.241577
3018818,48.41823
3018819,2760.8513
3018820,10.209503
3018821,0.17444786
3018822,16.283524
3018823,15.33214
3018824,0.08000277
3018825,159.7492
3018826,4.9317837
3018827,0.0
3018828,2.8963099
3018829,57.56387
3018830,1.6103134
3018831,129.24374
3018832,152.52553
3018833,1.5967445
3018834,6.097473
3018835,143.471
3018836,40.144093
3018837,299.76532
3018838,9.2007
3018839,5.56999
3018840,5.6878633
3018841,0.024740178
3018842,2.9226391
3018843,1701.1586
3018844,0.0
3018845,124.03983
3018846,7.766096
3018847,847.88293
3018848,289.46692
3018849,174.62016
3018850,50.19811
3018851,35.29835
3018852,2844.299
3018853,16.204742
3018854,0.1538796
3018855,12.55607
3018856,9.660839
3018857,0.086739615
3018858,171.06133
3018859,3.0668163
3018860,0.011735699
3018861,1.429492
3018862,49.525997
3018863,0.89539826
3018864,160.07591
3018865,180.18182
3018866,0.5993898
3018867,4.773344
3018868,147.19012
3018869,29.865576
3018870,202.94359
3018871,13.644455
3018872,2.9375014
3018873,3.6240158
3018874,0.028404998
3018875,1.6918244
3018876,1771.8671
3018877,0.0
3018878,203.48111
3018879,9.798893
3018880,1140.3462
3018881,456.9083
3018882,284.66818
3018883,36.95289
3018884,73.6532
3018885,3356.81
3018886,5.069771
3018887,0.7093873
3018888,12.592191
3018889,21.477991
3018890,0.064435646
3018891,283.76892
3018892,0.051510308
3018893,0.08329919
3018894,2.8523362
3018895,40.81213
3018896,2.829734
3018897,393.06647
3018898,309.13394
3018899,1.0491228
3018900,5.42978
3018901,130.6814
3018902,83.89461
3018903,439.0932
3018904,11.377958
3018905,7.4913225
3018906,4.7070084
3018907,1.0483139
3018908,1.9415848
3018909,1651.9998
3018910,0.0025330624
3018911,119.21409
3018912,3.5656567
3018913,752.61365
3018914,297.7582
3018915,209.90947
3018916,76.42978
3018917,69.53744
3018918,2589.83
3018919,10.570742
3018920,0.99992275
3018921,11.580468
3018922,15.457161
3018923,0.035396986
3018924,180.43997
3018925,8.652369
3018926,0.0
3018927,4.4297423
3018928,35.07213
3018929,1.9063373
3018930,110.05354
3018931,151.56923
3018932,0.7444216
3018933,3.8212285
3018934,97.36528
3018935,40.08855
3018936,537.4319
3018937,11.636897
3018938,4.517371
3018939,5.266438
3018940,0.043553405
3018941,1.2702472
3018942,1119.5105
3018943,0.0024514992
3018944,128.55496
3018945,7.202944
3018946,714.24567
3018947,205.67256
3018948,159.31686
3018949,80.71019
3018950,46.94516
3018951,2064.066
3018952,7.0246544
3018953,0.1992176
3018954,14.143602
3018955,8.653264
3018956,0.07293027
3018957,144.04832
3018958,0.015647274
3018959,0.01132246
3018960,2.7169693
3018961,55.810574
3018962,1.1934593
3018963,41.850033
3018964,124.602875
3018965,1.0683298
3018966,2.7349448
3018967,56.433937
3018968,29.928425
3018969,445.90347
3018970,0.030025272
3018971,0.53693295
3018972,8.760556
3018973,0.3637091
3018974,2.4789612
3018975,3740.0527
3018976,0.002198606
3018977,370.74747
3018978,10.453369
3018979,1226.2412
3018980,837.8883
3018981,479.48688
3018982,200.02603
3018983,203.40604
3018984,4681.5996
3018985,16.904135
3018986,0.88539064
3018987,27.991785
3018988,29.430672
3018989,0.031839717
3018990,302.63983
3018991,0.04292736
3018992,0.033658467
3018993,4.17829
3018994,79.353645
3018995,4.922452
3018996,223.12347
3018997,250.69865
3018998,3.838632
3018999,10.82364
3019000,322.18933
3019001,72.833046
3019002,1418.6537
3019003,30.378902
3019004,19.266516
3019005,3.7431436
3019006,0.21581952
3019007,2.831795
3019008,2488.2375
3019009,0.0072709527
3019010,558.45197
3019011,10.329713
3019012,771.76044
3019013,683.76166
3019014,248.35439
3019015,211.70357
3019016,71.69125
3019017,3202.9836
3019018,10.933043
3019019,0.358691
3019020,26.915289
3019021,18.226912
3019022,0.053011313
3019023,211.69241
3019024,11.236014
3019025,2.6346204
3019026,5.796411
3019027,85.51292
3019028,3.4237876
3019029,120.97497
3019030,181.2017
3019031,3.5887156
3019032,6.7917466
3019033,207.48868
3019034,67.57906
3019035,1677.5472
3019036,15.517887
3019037,20.297773
3019038,8.98202
3019039,0.24679111
3019040,2.8957536
3019041,3212.041
3019042,0.0055387854
3019043,197.47795
3019044,10.311038
3019045,1396.1736
3019046,493.37048
3019047,345.43704
3019048,61.05921
3019049,60.1486
3019050,4248.2666
3019051,20.185991
3019052,1.2608094
3019053,16.485538
3019054,14.135171
3019055,0.056463983
3019056,260.60742
3019057,10.182857
3019058,0.06704456
3019059,3.0712562
3019060,46.970062
3019061,3.49503
3019062,220.32336
3019063,242.37656
3019064,2.4910936
3019065,6.625906
3019066,242.87422
3019067,35.12581
3019068,501.42346
3019069,10.317353
3019070,5.2551866
3019071,6.3519673
3019072,0.017793586
3019073,8.585888
3019074,3575.3274
3019075,0.008151255
3019076,682.8891
3019077,17.722015
3019078,902.60016
3019079,946.9606
3019080,252.97752
3019081,169.86568
3019082,182.41388
3019083,4469.597
3019084,50.376217
3019085,1.0270226
3019086,19.884378
3019087,30.595142
3019088,0.043700956
3019089,286.47714
3019090,26.923822
3019091,14.255835
3019092,6.8865767
3019093,177.45946
3019094,14.220274
3019095,405.4262
3019096,289.2324
3019097,10.221808
3019098,8.890771
3019099,450.5285
3019100,107.86746
3019101,2322.1804
3019102,0.05256158
3019103,34.732086
3019104,9.912127
3019105,0.32980844
3019106,4.786193
3019107,4080.4634
3019108,0.003558156
3019109,468.4625
3019110,16.694817
3019111,1328.1616
3019112,867.326
3019113,592.4234
3019114,103.16241
3019115,114.74434
3019116,6069.2783
3019117,20.891464
3019118,0.4177875
3019119,20.627962
3019120,15.483738
3019121,0.042589497
3019122,337.87234
3019123,7.7491436
3019124,13.220056
3019125,4.6020575
3019126,87.88415
3019127,1.7708757
3019128,292.21924
3019129,335.8473
3019130,5.173981
3019131,8.105113
3019132,302.92752
3019133,73.593025
3019134,1109.9661
3019135,48.276173
3019136,23.944595
3019137,10.757074
3019138,0.5503776
3019139,4.584607
3019140,3597.0645
3019141,0.0017628693
3019142,542.00586
3019143,10.80322
3019144,1380.4729
3019145,689.289
3019146,372.40182
3019147,279.97552
3019148,151.47046
3019149,5020.593
3019150,18.86258
3019151,0.80692244
3019152,41.431812
3019153,22.548708
3019154,0.122669175
3019155,313.21014
3019156,5.001561
3019157,4.230399
3019158,7.469595
3019159,118.38452
3019160,1.4838626
3019161,124.07001
3019162,303.1392
3019163,3.5324926
3019164,6.714878
3019165,179.41884
3019166,160.06502
3019167,1311.453
3019168,0.1517523
3019169,8.695127
3019170,4.5595584
3019171,0.07696734
3019172,2.580657
3019173,1483.2314
3019174,0.0
3019175,120.82744
3019176,11.8384695
3019177,537.09155
3019178,293.95026
3019179,144.63116
3019180,48.002438
3019181,72.41759
3019182,2291.0999
3019183,10.061095
3019184,1.104744
3019185,22.921822
3019186,19.995056
3019187,0.173099
3019188,157.90506
3019189,0.004163564
3019190,0.007061021
3019191,5.829148
3019192,55.740185
3019193,4.347934
3019194,88.9345
3019195,130.81673
3019196,1.3472311
3019197,6.185092
3019198,103.23783
3019199,36.36669
3019200,387.44608
3019201,2.1543944
3019202,1.2789357
3019203,3.0814118
3019204,0.016904138
3019205,1.5110376
3019206,1548.1251
3019207,0.4913467
3019208,273.38455
3019209,14.686844
3019210,512.62244
3019211,463.02896
3019212,132.61688
3019213,50.492054
3019214,102.115425
3019215,1918.7584
3019216,26.087484
3019217,0.36478895
3019218,12.703447
3019219,12.704571
3019220,0.08061287
3019221,136.06378
3019222,12.047653
3019223,3.945816
3019224,2.9616678
3019225,99.555435
3019226,6.554916
3019227,400.35538
3019228,141.8565
3019229,2.3483837
3019230,2.978209
3019231,237.92839
3019232,41.689785
3019233,1160.027
3019234,0.12774739
3019235,7.736847
3019236,3.6631184
3019237,0.40090573
3019238,5.488145
3019239,4014.5315
3019240,0.076707974
3019241,814.89655
3019242,21.420753
3019243,1223.4238
3019244,1369.3667
3019245,319.0229
3019246,274.84964
3019247,238.77524
3019248,4488.961
3019249,26.181608
3019250,1.4613786
3019251,23.313185
3019252,39.50768
3019253,0.0538233
3019254,290.35083
3019255,9.4356985
3019256,40.692566
3019257,11.404931
3019258,172.74107
3019259,18.70523
3019260,408.68262
3019261,306.372
3019262,16.969757
3019263,12.007452
3019264,533.10474
3019265,111.17834
3019266,3414.2578
3019267,0.06384507
3019268,26.662104
3019269,2.520091
3019270,0.027302232
3019271,3.0053654
3019272,4241.4805
3019273,0.0
3019274,443.8921
3019275,9.044157
3019276,562.44794
3019277,1214.476
3019278,169.86697
3019279,115.33872
3019280,171.61801
3019281,2692.5078
3019282,21.574766
3019283,1.0851245
3019284,23.303988
3019285,12.075266
3019286,0.05479363
3019287,116.68932
3019288,0.0058298106
3019289,39.34402
3019290,4.4170213
3019291,427.11996
3019292,12.446904
3019293,189.66753
3019294,165.77853
3019295,5.4960613
3019296,10.637279
3019297,262.05344
3019298,46.855644
3019299,2039.9429
3019300,1.4662085
3019301,3.335061
3019302,5.214087
3019303,0.06760083
3019304,0.7185185
3019305,1131.3789
3019306,0.004487061
3019307,231.64827
3019308,8.403738
3019309,416.69955
3019310,261.50436
3019311,71.59942
3019312,37.581287
3019313,56.06192
3019314,1680.9364
3019315,6.784984
3019316,0.521145
3019317,11.456288
3019318,10.115558
3019319,0.115826465
3019320,85.44356
3019321,0.2727467
3019322,9.777527
3019323,1.1799798
3019324,49.63313
3019325,0.21177875
3019326,218.28731
3019327,117.308586
3019328,2.1604717
3019329,1.2499013
3019330,139.28513
3019331,20.555275
3019332,506.33994
3019333,0.77298284
3019334,1.7617278
3019335,9.098718
3019336,0.10707447
3019337,3.1883326
3019338,3718.6506
3019339,0.009406844
3019340,725.2868
3019341,21.265032
3019342,1037.6171
3019343,1112.8145
3019344,324.86954
3019345,255.17194
3019346,239.2841
3019347,4368.177
3019348,24.789005
3019349,2.8195531
3019350,25.76599
3019351,20.735184
3019352,0.16206744
3019353,247.4526
3019354,9.459288
3019355,50.201817
3019356,12.00878
3019357,364.38702
3019358,7.872469
3019359,329.6955
3019360,244.50793
3019361,12.03406
3019362,10.534896
3019363,452.24298
3019364,83.24998
3019365,3080.7817
3019366,0.68284416
3019367,20.319244
3019368,7.69761
3019369,0.112463094
3019370,2.6530948
3019371,3759.2893
3019372,0.0023454474
3019373,675.0157
3019374,19.657606
3019375,1295.9299
3019376,948.74866
3019377,402.86993
3019378,256.62085
3019379,160.27235
3019380,4993.1367
3019381,12.490287
3019382,0.5975307
3019383,41.056778
3019384,18.923101
3019385,0.6860424
3019386,285.65445
3019387,0.0
3019388,7.459388
3019389,6.0207634
3019390,148.93307
3019391,1.1851554
3019392,220.24844
3019393,373.6249
3019394,5.158195
3019395,5.7418523
3019396,269.00235
3019397,83.72734
3019398,1653.9415
3019399,1.7787583
3019400,7.893531
3019401,7.864193
3019402,0.6257162
3019403,3.0510678
3019404,3284.1294
3019405,0.0009068784
3019406,645.60895
3019407,17.248981
3019408,1024.9012
3019409,772.4889
3019410,296.2369
3019411,206.58081
3019412,124.29086
3019413,4269.5874
3019414,15.881718
3019415,0.7681196
3019416,32.042152
3019417,19.780443
3019418,0.054273378
3019419,238.78737
3019420,0.0
3019421,13.33277
3019422,4.8562994
3019423,220.36664
3019424,1.9243946
3019425,114.015686
3019426,242.83026
3019427,7.368531
3019428,6.19154
3019429,197.51108
3019430,68.111
3019431,1288.5276
3019432,1.0050955
3019433,9.594042
3019434,11.1953535
3019435,1.1456997
3019436,21.3216
3019437,9231.873
3019438,0.05765984
3019439,1323.3245
3019440,43.91599
3019441,2108.1743
3019442,2290.147
3019443,507.61404
3019444,588.547
3019445,463.7309
3019446,8864.478
3019447,77.61388
3019448,3.5099344
3019449,58.943638
3019450,60.448437
3019451,0.026116362
3019452,607.1731
3019453,61.293194
3019454,63.00226
3019455,29.950363
3019456,374.42532
3019457,39.591076
3019458,791.2834
3019459,602.20435
3019460,26.224049
3019461,33.006268
3019462,1132.8788
3019463,302.87622
3019464,7845.2617
3019465,1.98067
3019466,93.83136
3019467,3.4578738
3019468,0.08676222
3019469,1.016681
3019470,1420.1248
3019471,0.0
3019472,141.2176
3019473,4.3314223
3019474,467.17172
3019475,260.33212
3019476,113.99617
3019477,113.57625
3019478,73.043884
3019479,1830.675
3019480,7.702136
3019481,0.25843573
3019482,14.784086
3019483,9.077228
3019484,0.05154591
3019485,104.46253
3019486,0.94935894
3019487,0.0
3019488,3.0848336
3019489,84.042046
3019490,1.1016145
3019491,51.397793
3019492,100.22433
3019493,2.4232707
3019494,2.739333
3019495,94.5313
3019496,18.327654
3019497,440.31372
3019498,0.01750583
3019499,5.3194036
3019500,10.374235
3019501,0.58496964
3019502,2.5126698
3019503,3208.161
3019504,0.009796191
3019505,581.93536
3019506,14.567748
3019507,1449.0857
3019508,775.0217
3019509,245.68776
3019510,253.89813
3019511,150.5479
3019512,4793.0557
3019513,15.169598
3019514,0.4678183
3019515,25.942911
3019516,19.1205
3019517,0.14332822
3019518,291.7959
3019519,1.3034348
3019520,11.599605
3019521,11.188229
3019522,37.257607
3019523,2.8454008
3019524,310.14563
3019525,269.58517
3019526,3.662444
3019527,5.8301926
3019528,119.16595
3019529,62.854355
3019530,1274.2166
3019531,0.74071395
3019532,1.5934937
3019533,1.6995647
3019534,0.04084597
3019535,0.42486298
3019536,1048.7961
3019537,0.0
3019538,97.18936
3019539,4.8202405
3019540,506.7606
3019541,192.63556
3019542,102.11474
3019543,121.85651
3019544,28.318855
3019545,1858.5725
3019546,2.5686226
3019547,0.19465145
3019548,10.635675
3019549,4.7554545
3019550,0.061169934
3019551,85.32065
3019552,0.029913167
3019553,0.0
3019554,1.2673409
3019555,58.125305
3019556,0.1939127
3019557,58.216072
3019558,88.71041
3019559,0.85517013
3019560,1.0922952
3019561,54.94677
3019562,11.461852
3019563,223.92815
3019564,0.025369305
3019565,1.7696068
3019566,9.070001
3019567,0.19115317
3019568,1.783154
3019569,2162.5266
3019570,0.00430351
3019571,266.0362
3019572,12.800427
3019573,1056.5375
3019574,470.75186
3019575,204.75201
3019576,123.062386
3019577,115.61921
3019578,3279.7053
3019579,4.5311956
3019580,0.2255331
3019581,29.998453
3019582,19.535263
3019583,0.07378602
3019584,191.52559
3019585,0.008081732
3019586,0.16857001
3019587,12.966002
3019588,87.01083
3019589,2.5188866
3019590,246.55267
3019591,216.39952
3019592,2.2611928
3019593,4.2527523
3019594,191.45529
3019595,36.95287
3019596,1250.7067
3019597,0.04597794
3019598,0.6784693
3019599,2.9725401
3019600,0.2610413
3019601,1.8757555
3019602,3130.5967
3019603,0.006407076
3019604,616.82996
3019605,23.70416
3019606,896.2406
3019607,680.4204
3019608,242.27283
3019609,121.85955
3019610,87.597084
3019611,4149.71
3019612,11.312498
3019613,2.6026351
3019614,35.925575
3019615,41.76354
3019616,0.2616296
3019617,223.38374
3019618,1.7442102
3019619,14.009538
3019620,5.149188
3019621,71.67801
3019622,1.8305993
3019623,177.02583
3019624,292.96008
3019625,3.354146
3019626,5.9856076
3019627,135.12639
3019628,38.96271
3019629,732.99005
3019630,3.2799277
3019631,2.2707396
3019632,5.299863
3019633,0.060035884
3019634,0.43409702
3019635,1751.216
3019636,0.0
3019637,109.531685
3019638,3.3029714
3019639,615.6115
3019640,207.5917
3019641,86.398994
3019642,145.30269
3019643,76.77947
3019644,2108.977
3019645,3.16324
3019646,0.17777011
3019647,10.320508
3019648,8.798604
3019649,0.111149915
3019650,102.61966
3019651,0.037849393
3019652,0.019341849
3019653,0.17432769
3019654,77.89217
3019655,1.4321775
3019656,163.79732
3019657,90.36213
3019658,0.9935632
3019659,1.4087248
3019660,54.09563
3019661,19.514036
3019662,339.2811
3019663,0.077014074
3019664,0.13191254
3019665,6.320056
3019666,0.075338185
3019667,1.1723385
3019668,3444.4563
3019669,0.0
3019670,539.14246
3019671,11.951889
3019672,1021.7596
3019673,673.33704
3019674,235.24435
3019675,154.08124
3019676,203.87872
3019677,4227.847
3019678,6.640292
3019679,0.18838431
3019680,23.803835
3019681,11.564929
3019682,0.07077519
3019683,222.20244
3019684,0.021295734
3019685,35.951405
3019686,5.3944907
3019687,140.61588
3019688,2.070191
3019689,224.58163
3019690,215.9205
3019691,3.2696319
3019692,3.139032
3019693,125.553345
3019694,48.956024
3019695,1221.5045
3019696,0.8165071
3019697,1.4325399
3019698,2.997322
3019699,0.024182554
3019700,4.2542195
3019701,2615.7366
3019702,0.005167797
3019703,483.31357
3019704,11.236603
3019705,860.24335
3019706,845.8445
3019707,146.71771
3019708,111.71979
3019709,145.69235
3019710,3453.333
3019711,33.138126
3019712,1.427865
3019713,23.267435
3019714,23.273487
3019715,0.055187345
3019716,231.67334
3019717,22.141113
3019718,26.314426
3019719,4.293555
3019720,137.6735
3019721,13.916577
3019722,197.8895
3019723,236.42992
3019724,10.316571
3019725,13.498917
3019726,219.65381
3019727,80.808784
3019728,2298.976
3019729,1.0715168
3019730,11.006302
3019731,8.215573
3019732,0.02407115
3019733,12.510246
3019734,3030.0996
3019735,0.005037796
3019736,523.0205
3019737,19.024965
3019738,1117.7839
3019739,978.13654
3019740,171.64484
3019741,114.57547
3019742,151.26224
3019743,4494.368
3019744,29.781027
3019745,0.7542244
3019746,34.344933
3019747,41.747787
3019748,0.041845653
3019749,370.62482
3019750,35.06587
3019751,20.490858
3019752,8.925919
3019753,114.83909
3019754,17.573809
3019755,178.95007
3019756,422.00632
3019757,9.851735
3019758,12.124714
3019759,146.17073
3019760,102.74117
3019761,2256.1257
3019762,2.5481834
3019763,19.675407
3019764,9.232161
3019765,0.1287427
3019766,3.688733
3019767,3601.4526
3019768,0.0065510534
3019769,752.6927
3019770,14.453804
3019771,1350.8502
3019772,685.391
3019773,210.496
3019774,293.26553
3019775,91.53553
3019776,5344.0244
3019777,32.53238
3019778,1.3955817
3019779,25.93548
3019780,22.152212
3019781,0.08285259
3019782,296.86462
3019783,6.1614833
3019784,23.536732
3019785,7.222003
3019786,101.99788
3019787,6.8515944
3019788,133.20766
3019789,266.74765
3019790,6.784754
3019791,10.356676
3019792,207.82458
3019793,62.818558
3019794,1766.6049
3019795,8.905743
3019796,19.358053
3019797,4.363141
3019798,0.013921309
3019799,3.4332128
3019800,2970.852
3019801,0.016634934
3019802,425.9681
3019803,12.143217
3019804,797.44403
3019805,812.4088
3019806,214.41353
3019807,161.88544
3019808,146.91888
3019809,3692.8345
3019810,20.373114
3019811,1.4845006
3019812,15.345549
3019813,14.487871
3019814,0.037773557
3019815,214.72684
3019816,22.904507
3019817,29.051916
3019818,2.3968487
3019819,178.35846
3019820,11.6046915
3019821,344.22037
3019822,231.3239
3019823,7.9896126
3019824,7.997694
3019825,375.88968
3019826,74.5284
3019827,2276.1902
3019828,0.28139383
3019829,26.161713
3019830,4.2384644
3019831,0.18479723
3019832,2.6797445
3019833,4120.4106
3019834,0.0
3019835,456.84103
3019836,16.317759
3019837,1875.6757
3019838,620.2515
3019839,312.09442
3019840,156.3299
3019841,123.55259
3019842,5844.5454
3019843,13.901417
3019844,1.3640065
3019845,39.69303
3019846,29.24691
3019847,0.20982608
3019848,380.08765
3019849,0.0075444626
3019850,0.05884227
3019851,5.733798
3019852,120.42009
3019853,3.2391725
3019854,150.20805
3019855,367.38907
3019856,3.7926168
3019857,11.435509
3019858,177.06166
3019859,53.61971
3019860,1168.1626
3019861,0.039216235
3019862,7.9395266
3019863,7.98302
3019864,0.08612628
3019865,6.873694
3019866,2878.2012
3019867,0.0059307753
3019868,554.0972
3019869,16.49158
3019870,1252.0718
3019871,865.9897
3019872,287.10648
3019873,137.96065
3019874,343.29352
3019875,4150.399
3019876,37.8772
3019877,1.4266186
3019878,28.057262
3019879,33.269924
3019880,0.029213589
3019881,305.87762
3019882,22.962767
3019883,27.3993
3019884,9.986165
3019885,140.20604
3019886,17.85019
3019887,213.25452
3019888,358.85226
3019889,13.218161
3019890,9.336644
3019891,219.14809
3019892,66.10386
3019893,2262.6963
3019894,0.26520133
3019895,8.490469
3019896,5.6945953
3019897,0.020468427
3019898,4.190036
3019899,2829.7812
3019900,0.012558583
3019901,553.3629
3019902,13.259835
3019903,861.3035
3019904,899.8614
3019905,178.90958
3019906,132.79106
3019907,167.55371
3019908,3386.2712
3019909,26.990324
3019910,1.0182693
3019911,23.605648
3019912,19.471022
3019913,0.14938125
3019914,242.264
3019915,22.176401
3019916,33.96705
3019917,6.5339766
3019918,125.70309
3019919,16.274258
3019920,233.6255
3019921,245.55934
3019922,7.5027523
3019923,11.175563
3019924,253.73944
3019925,63.478897
3019926,2561.1287
3019927,0.07645232
3019928,18.56785
3019929,7.2566557
3019930,0.024397705
3019931,4.0011854
3019932,4536.6436
3019933,0.0010104513
3019934,580.36365
3019935,18.611969
3019936,1350.4944
3019937,742.59314
3019938,331.80258
3019939,171.48454
3019940,92.67007
3019941,5068.069
3019942,12.955484
3019943,0.18833965
3019944,17.712389
3019945,19.355806
3019946,0.053317778
3019947,244.63675
3019948,0.011817356
3019949,12.012933
3019950,3.7500849
3019951,178.75847
3019952,3.5905995
3019953,197.74464
3019954,271.66656
3019955,2.7592733
3019956,3.4578362
3019957,186.0116
3019958,100.13912
3019959,1301.4554
3019960,2.852761
3019961,0.11632191
3019962,19.827515
3019963,0.0137690855
3019964,18.550428
3019965,11288.419
3019966,0.0059626135
3019967,1736.5209
3019968,31.897732
3019969,2688.4292
3019970,3142.5835
3019971,711.84735
3019972,717.5431
3019973,626.8102
3019974,11505.375
3019975,91.11844
3019976,5.2953296
3019977,114.56158
3019978,150.39954
3019979,0.0
3019980,818.7111
3019981,39.817287
3019982,44.216946
3019983,22.921007
3019984,522.33984
3019985,32.75709
3019986,1008.85736
3019987,744.9235
3019988,46.60495
3019989,44.24013
3019990,1418.0933
3019991,387.5817
3019992,9976.691
3019993,511.90826
3019994,123.167145
3019995,17.395386
3019996,0.00811466
3019997,12.759932
3019998,10007.378
3019999,0.0065726517
3020000,1415.9066
3020001,38.78134
3020002,2661.1477
3020003,2474.9294
3020004,693.09656
3020005,449.34973
3020006,524.7846
3020007,11553.252
3020008,88.32616
3020009,0.88954556
3020010,72.280136
3020011,70.09386
3020012,0.89129996
3020013,800.9139
3020014,32.353718
3020015,52.44591
3020016,7.125904
3020017,446.70587
3020018,33.21529
3020019,1244.9352
3020020,836.59247
3020021,29.983063
3020022,33.145386
3020023,1415.0326
3020024,283.1076
3020025,7131.455
3020026,536.226
3020027,93.57744
3020028,15.958317
3020029,0.012770565
3020030,18.16166
3020031,7677.5137
3020032,0.026567098
3020033,1158.0103
3020034,25.896822
3020035,2554.6958
3020036,1822.7965
3020037,926.1056
3020038,209.12488
3020039,332.16843
3020040,11467.339
3020041,52.690628
3020042,2.0368788
3020043,36.166
3020044,33.95993
3020045,0.47147685
3020046,851.9388
3020047,44.0732
3020048,39.14102
3020049,8.314747
3020050,241.2054
3020051,10.266579
3020052,1006.8312
3020053,947.9003
3020054,24.987627
3020055,35.66888
3020056,1026.5305
3020057,192.85452
3020058,3566.1443
3020059,489.7783
3020060,57.727684
3020061,17.629152
3020062,0.012790727
3020063,24.21594
3020064,9281.226
3020065,0.0037031027
3020066,1285.8506
3020067,32.926773
3020068,2392.4106
3020069,2385.1494
3020070,696.87463
3020071,434.44202
3020072,364.75342
3020073,10693.745
3020074,69.11945
3020075,2.0477896
3020076,59.63306
3020077,64.13886
3020078,0.008677363
3020079,731.62494
3020080,34.920902
3020081,42.48066
3020082,4.7789917
3020083,336.4167
3020084,27.041985
3020085,861.9863
3020086,845.9996
3020087,26.442268
3020088,28.223385
3020089,1170.9288
3020090,267.57883
3020091,6078.693
3020092,511.4018
3020093,81.32215
3020094,13.20818
3020095,0.010929273
3020096,21.304434
3020097,5971.612
3020098,0.0
3020099,839.9341
3020100,25.329248
3020101,2344.2273
3020102,1429.8495
3020103,758.22015
3020104,152.47575
3020105,248.1837
3020106,9594.982
3020107,51.348495
3020108,0.5777341
3020109,38.749912
3020110,31.752773
3020111,0.004737118
3020112,750.49
3020113,35.880825
3020114,21.323336
3020115,3.975604
3020116,208.31906
3020117,11.695803
3020118,891.3484
3020119,854.8346
3020120,19.423353
3020121,29.718212
3020122,829.9451
3020123,126.45727
3020124,2519.2354
3020125,491.52908
3020126,32.568085
3020127,12.604617
3020128,0.19939557
3020129,11.309452
3020130,8694.4795
3020131,0.008868691
3020132,1317.09
3020133,35.482197
3020134,1933.6935
3020135,2370.7905
3020136,484.17944
3020137,545.0292
3020138,577.49274
3020139,8588.667
3020140,65.21079
3020141,1.4812417
3020142,45.09044
3020143,45.493866
3020144,0.030973816
3020145,580.2284
3020146,22.972836
3020147,40.91799
3020148,11.330174
3020149,395.81946
3020150,23.81256
3020151,823.30566
3020152,512.65137
3020153,22.964705
3020154,31.689163
3020155,997.7663
3020156,254.88968
3020157,8097.325
3020158,340.80322
3020159,92.726814
3020160,7.4608727
3020161,0.15814929
3020162,5.6050115
3020163,1858.5424
3020164,0.175862
3020165,375.4166
3020166,29.888271
3020167,781.80585
3020168,470.7235
3020169,227.65248
3020170,91.8799
3020171,131.07645
3020172,2812.2126
3020173,22.841267
3020174,0.6383134
3020175,25.690947
3020176,23.48538
3020177,0.17095836
3020178,222.81952
3020179,13.062485
3020180,9.235635
3020181,10.798456
3020182,111.063286
3020183,8.235471
3020184,225.64171
3020185,240.66689
3020186,3.0096388
3020187,6.556445
3020188,214.77951
3020189,60.304855
3020190,1540.5972
3020191,0.06512164
3020192,7.7812595
3020193,17.072989
3020194,0.009805038
3020195,14.458926
3020196,4713.8403
3020197,0.009106183
3020198,701.4686
3020199,36.83275
3020200,1784.1129
3020201,1211.4878
3020202,535.18854
3020203,122.25868
3020204,204.26244
3020205,6705.9316
3020206,70.162094
3020207,1.6622648
3020208,57.271942
3020209,38.517654
3020210,0.018567119
3020211,559.1695
3020212,22.305569
3020213,11.783336
3020214,4.246217
3020215,212.54808
3020216,14.076955
3020217,556.74725
3020218,642.9357
3020219,14.299847
3020220,29.895504
3020221,417.6016
3020222,94.95181
3020223,2522.925
3020224,359.25504
3020225,22.946371
3020226,8.544256
3020227,0.012168354
3020228,4.8709874
3020229,5025.025
3020230,0.071542166
3020231,974.44946
3020232,19.68914
3020233,1476.2357
3020234,1657.4442
3020235,252.29515
3020236,386.91928
3020237,381.90112
3020238,5316.3057
3020239,43.773907
3020240,1.5746439
3020241,33.00132
3020242,40.821682
3020243,0.19062275
3020244,338.00586
3020245,3.7816339
3020246,47.808403
3020247,7.6019917
3020248,340.75955
3020249,19.739717
3020250,608.87836
3020251,319.581
3020252,24.279303
3020253,10.779537
3020254,732.93054
3020255,124.61689
3020256,5276.4155
3020257,1.2017925
3020258,45.098953
3020259,11.957337
3020260,0.0064489474
3020261,9.362395
3020262,5066.121
3020263,0.00394722
3020264,981.4973
3020265,23.217018
3020266,1633.4478
3020267,1425.2979
3020268,387.9595
3020269,205.93172
3020270,487.1903
3020271,6453.4546
3020272,43.284676
3020273,2.4119205
3020274,56.01979
3020275,47.48405
3020276,0.08053191
3020277,408.31512
3020278,10.288448
3020279,62.496742
3020280,9.618026
3020281,444.798
3020282,18.02947
3020283,491.33136
3020284,402.66202
3020285,16.652468
3020286,29.216766
3020287,484.7892
3020288,145.66759
3020289,5106.5303
3020290,7.924756
3020291,7.2733164
3020292,12.86525
3020293,0.14635672
3020294,5.968008
3020295,2593.69
3020296,0.0053402414
3020297,532.60425
3020298,11.996125
3020299,1015.16394
3020300,571.4493
3020301,258.53964
3020302,109.8322
3020303,264.16083
3020304,3520.8823
3020305,16.163992
3020306,1.186465
3020307,35.501633
3020308,27.26551
3020309,0.06808599
3020310,200.2539
3020311,6.2019906
3020312,21.760302
3020313,4.9964857
3020314,252.46164
3020315,6.0447016
3020316,278.04245
3020317,237.97441
3020318,6.0906878
3020319,8.014463
3020320,212.55215
3020321,67.45557
3020322,2242.0598
3020323,0.55970955
3020324,3.9897556
3020325,7.227212
3020326,0.059607208
3020327,1.1256618
3020328,2271.5022
3020329,0.0
3020330,191.8584
3020331,7.8377876
3020332,1176.1206
3020333,251.1573
3020334,215.47762
3020335,58.863857
3020336,67.31085
3020337,3472.4465
3020338,5.714386
3020339,1.1617987
3020340,22.13767
3020341,13.265875
3020342,0.048048217
3020343,221.56433
3020344,0.034524463
3020345,0.0
3020346,3.6224542
3020347,43.340225
3020348,1.6416962
3020349,46.874817
3020350,189.7099
3020351,0.16819263
3020352,2.5792303
3020353,49.876865
3020354,67.666466
3020355,672.5484
3020356,0.44196513
3020357,0.5000973
3020358,6.278842
3020359,0.011351815
3020360,5.9969797
3020361,4096.4966
3020362,0.0051634843
3020363,629.9313
3020364,18.529772
3020365,1153.5148
3020366,1023.8656
3020367,356.68954
3020368,179.27042
3020369,212.1369
3020370,5118.4487
3020371,36.289383
3020372,1.567142
3020373,27.969328
3020374,36.929043
3020375,0.026291177
3020376,324.73843
3020377,29.181587
3020378,23.492674
3020379,10.124746
3020380,181.24376
3020381,13.352135
3020382,425.5566
3020383,324.98764
3020384,11.087493
3020385,14.665196
3020386,570.52734
3020387,95.564705
3020388,2657.4766
3020389,1.1910384
3020390,38.43171
3020391,3.4480953
3020392,0.013851569
3020393,3.8789306
3020394,4044.351
3020395,0.011575726
3020396,659.89825
3020397,22.527485
3020398,815.47565
3020399,1232.8024
3020400,185.16618
3020401,267.59802
3020402,324.808
3020403,3594.4233
3020404,36.055084
3020405,2.0887692
3020406,25.443966
3020407,31.089527
3020408,0.1492524
3020409,201.80334
3020410,16.571041
3020411,49.31974
3020412,6.0525503
3020413,320.70407
3020414,16.452106
3020415,417.35056
3020416,202.57982
3020417,7.04978
3020418,12.713683
3020419,584.3224
3020420,155.56236
3020421,4177.38
3020422,1.0554545
3020423,39.16644
3020424,4.82262
3020425,0.036019497
3020426,10.015372
3020427,5235.1616
3020428,0.19839835
3020429,900.5885
3020430,24.43873
3020431,1359.0292
3020432,1553.865
3020433,332.35974
3020434,347.1052
3020435,217.67667
3020436,5673.4355
3020437,38.430412
3020438,2.6828516
3020439,41.381542
3020440,42.291714
3020441,0.019288443
3020442,409.4593
3020443,38.884212
3020444,43.6201
3020445,23.16398
3020446,218.78433
3020447,22.246662
3020448,454.7435
3020449,390.33517
3020450,19.79966
3020451,30.1743
3020452,588.31995
3020453,179.52623
3020454,4687.7256
3020455,0.2603979
3020456,44.342163
3020457,12.860511
3020458,0.30461222
3020459,5.559028
3020460,3984.7
3020461,0.0033311173
3020462,528.321
3020463,24.43414
3020464,1688.6726
3020465,865.8706
3020466,542.1136
3020467,156.10214
3020468,131.63435
3020469,6653.2876
3020470,14.314514
3020471,1.7404096
3020472,65.14995
3020473,40.671566
3020474,0.046644866
3020475,448.09695
3020476,14.540955
3020477,6.77847
3020478,6.832529
3020479,95.35974
3020480,4.0613008
3020481,353.7865
3020482,412.46402
3020483,8.14122
3020484,9.628245
3020485,360.66675
3020486,106.72376
3020487,1522.8026
3020488,119.23427
3020489,26.118567
3020490,1.4562216
3020491,0.037702855
3020492,1.1331992
3020493,937.3633
3020494,0.04002366
3020495,149.05524
3020496,2.7054543
3020497,229.61708
3020498,324.1109
3020499,59.008244
3020500,68.88733
3020501,44.926163
3020502,1055.3693
3020503,6.8308206
3020504,0.5461985
3020505,5.3390446
3020506,8.791831
3020507,0.052683923
3020508,74.40324
3020509,4.5955048
3020510,5.2072973
3020511,1.4464965
3020512,48.70794
3020513,3.5145688
3020514,106.79395
3020515,63.02973
3020516,2.69158
3020517,3.5041556
3020518,116.907486
3020519,37.636696
3020520,952.93335
3020521,0.43596035
3020522,10.285365
3020523,1.7375252
3020524,0.8171296
3020525,1.5995207
3020526,1435.0498
3020527,0.0
3020528,98.95167
3020529,2.7826192
3020530,693.0238
3020531,316.68665
3020532,261.6759
3020533,46.760994
3020534,32.200237
3020535,2641.2495
3020536,7.1197414
3020537,0.41331467
3020538,9.095415
3020539,7.6847334
3020540,0.06062251
3020541,174.36444
3020542,8.243088
3020543,0.0
3020544,1.8009007
3020545,10.333714
3020546,0.78380287
3020547,137.86765
3020548,155.86052
3020549,0.92042136
3020550,3.304648
3020551,125.82519
3020552,23.691942
3020553,263.44263
3020554,1.4286351
3020555,1.3055613
3020556,7.1485586
3020557,0.4538498
3020558,6.1624656
3020559,4930.6807
3020560,0.00046579956
3020561,601.46906
3020562,9.651043
3020563,2229.3042
3020564,688.4114
3020565,517.20404
3020566,154.5999
3020567,87.99623
3020568,7366.4653
3020569,25.254635
3020570,0.4951528
3020571,23.969616
3020572,20.595589
3020573,0.1042728
3020574,478.75748
3020575,13.683228
3020576,2.7121644
3020577,8.34053
3020578,30.13721
3020579,4.018933
3020580,587.73737
3020581,438.2722
3020582,1.8060582
3020583,14.950729
3020584,364.36227
3020585,62.68535
3020586,1327.3734
3020587,82.71193
3020588,9.765623
3020589,5.241659
3020590,0.05689189
3020591,1.1561382
3020592,1660.9497
3020593,0.0
3020594,158.0321
3020595,8.202795
3020596,678.3784
3020597,412.20422
3020598,200.92853
3020599,68.013985
3020600,33.673542
3020601,2660.1528
3020602,6.0100236
3020603,0.2389194
3020604,13.415856
3020605,15.750423
3020606,0.102713965
3020607,177.09103
3020608,5.2483435
3020609,0.0
3020610,3.1090088
3020611,24.75222
3020612,1.3808157
3020613,111.16999
3020614,163.72691
3020615,1.5958359
3020616,6.187207
3020617,128.68254
3020618,39.604927
3020619,308.50577
3020620,9.813981
3020621,2.9393792
3020622,5.177827
3020623,0.052273028
3020624,2.6790445
3020625,1315.2823
3020626,0.0
3020627,122.16468
3020628,5.983358
3020629,598.36865
3020630,258.292
3020631,148.52797
3020632,56.550667
3020633,25.534163
3020634,2005.467
3020635,9.371614
3020636,0.17753927
3020637,10.576906
3020638,9.226424
3020639,0.08882041
3020640,132.40068
3020641,1.9311743
3020642,0.0
3020643,1.3822126
3020644,23.566303
3020645,0.79501164
3020646,87.211494
3020647,143.07886
3020648,0.80124056
3020649,4.0961943
3020650,87.350075
3020651,23.43634
3020652,201.3947
3020653,15.823481
3020654,2.3887565
3020655,2.798009
3020656,0.022118961
3020657,1.330087
3020658,1290.222
3020659,0.0
3020660,149.79663
3020661,6.7117314
3020662,722.61676
3020663,372.2715
3020664,184.53697
3020665,35.354656
3020666,33.294296
3020667,2261.3433
3020668,2.0272312
3020669,0.5436151
3020670,9.449728
3020671,17.032286
3020672,0.09502763
3020673,187.03006
3020674,0.017374597
3020675,0.032418612
3020676,2.115994
3020677,22.967241
3020678,1.4422112
3020679,163.28513
3020680,158.96912
3020681,0.8218945
3020682,4.0320024
3020683,71.21666
3020684,64.102776
3020685,314.9855
3020686,11.011496
3020687,3.5980911
3020688,4.488897
3020689,0.9074447
3020690,2.1876664
3020691,1478.0118
3020692,0.0
3020693,125.94995
3020694,2.5099678
3020695,648.8458
3020696,266.86694
3020697,188.6308
3020698,68.731804
3020699,36.507614
3020700,2184.5293
3020701,6.900511
3020702,1.0132253
3020703,8.897211
3020704,14.5004015
3020705,0.057139684
3020706,171.90121
3020707,9.620558
3020708,0.014391475
3020709,2.7216785
3020710,17.083902
3020711,1.2414577
3020712,101.91648
3020713,142.24394
3020714,0.8482257
3020715,3.6716127
3020716,89.59985
3020717,29.93406
3020718,448.72226
3020719,14.206088
3020720,3.3596544
3020721,6.517448
3020722,0.07524336
3020723,2.2347953
3020724,1510.5118
3020725,0.0003751028
3020726,205.44249
3020727,6.186746
3020728,971.39087
3020729,310.78693
3020730,224.09875
3020731,152.71188
3020732,37.349606
3020733,2570.9456
3020734,7.034707
3020735,0.2090026
3020736,18.559608
3020737,11.418368
3020738,0.06535491
3020739,205.0159
3020740,0.0027372083
3020741,0.031588756
3020742,3.301602
3020743,29.563251
3020744,1.4803522
3020745,56.875618
3020746,190.64392
3020747,1.3338335
3020748,3.836317
3020749,67.46807
3020750,36.228184
3020751,573.09814
3020752,0.0198093
3020753,0.87911
3020754,9.8629
3020755,0.47072506
3020756,4.56853
3020757,4202.3354
3020758,0.0
3020759,503.09464
3020760,6.443681
3020761,1470.965
3020762,1075.8253
3020763,580.2661
3020764,278.1835
3020765,152.17366
3020766,5373.3384
3020767,14.738748
3020768,1.1520252
3020769,34.259964
3020770,36.347225
3020771,0.060225323
3020772,399.25455
3020773,0.029625237
3020774,0.026091164
3020775,4.0195303
3020776,42.580353
3020777,5.2055564
3020778,268.77017
3020779,348.41034
3020780,4.1471496
3020781,12.106171
3020782,418.35638
3020783,79.559814
3020784,1816.0916
3020785,25.384037
3020786,20.646719
3020787,3.9778724
3020788,0.18375671
3020789,4.02065
3020790,2774.735
3020791,0.004238144
3020792,660.64996
3020793,5.763538
3020794,796.5833
3020795,773.1258
3020796,255.57095
3020797,256.2587
3020798,67.377594
3020799,3151.5933
3020800,13.949507
3020801,0.29609215
3020802,25.949497
3020803,21.150564
3020804,0.034386653
3020805,243.5881
3020806,13.219794
3020807,2.0392725
3020808,4.5953107
3020809,54.606762
3020810,3.3468575
3020811,122.20956
3020812,211.28166
3020813,4.3321795
3020814,9.884965
3020815,219.11093
3020816,57.856026
3020817,2084.934
3020818,59.835346
3020819,16.237425
3020820,7.489483
3020821,0.3074886
3020822,3.5275383
3020823,2416.6038
3020824,0.0
3020825,146.64209
3020826,6.338118
3020827,756.5675
3020828,395.63406
3020829,244.6344
3020830,60.01375
3020831,40.330986
3020832,2900.9158
3020833,10.394587
3020834,1.1168017
3020835,11.180566
3020836,11.090355
3020837,0.07646559
3020838,171.0597
3020839,8.953426
3020840,0.04227081
3020841,2.3712988
3020842,27.256542
3020843,1.7995765
3020844,104.25524
3020845,152.63715
3020846,1.8554034
3020847,5.760805
3020848,68.15953
3020849,31.58746
3020850,451.59854
3020851,12.027772
3020852,3.6997452
3020853,7.134222
3020854,0.012555806
3020855,10.509952
3020856,3815.2937
3020857,0.005001434
3020858,737.20905
3020859,10.4713125
3020860,931.49243
3020861,1064.02
3020862,255.14041
3020863,218.83444
3020864,144.71773
3020865,4615.725
3020866,50.177994
3020867,1.5776188
3020868,18.415127
3020869,27.605564
3020870,0.033970635
3020871,312.22552
3020872,34.240704
3020873,14.125089
3020874,4.9759145
3020875,88.55945
3020876,13.006147
3020877,368.47168
3020878,317.71658
3020879,10.810837
3020880,10.865711
3020881,500.72726
3020882,111.563705
3020883,2392.502
3020884,0.030365264
3020885,37.167667
3020886,10.495187
3020887,0.40396816
3020888,7.533534
3020889,5130.3945
3020890,0.00041248958
3020891,683.9439
3020892,10.130647
3020893,1791.8843
3020894,1217.0021
3020895,765.0364
3020896,176.82018
3020897,105.56972
3020898,7344.002
3020899,23.73058
3020900,0.38329837
3020901,24.685427
3020902,19.384651
3020903,0.033011325
3020904,482.40222
3020905,12.9047365
3020906,6.464798
3020907,5.3148346
3020908,54.809444
3020909,1.9597752
3020910,371.28745
3020911,482.62634
3020912,7.743515
3020913,13.489047
3020914,468.64835
3020915,105.58791
3020916,1451.6241
3020917,55.090107
3020918,22.843954
3020919,11.737136
3020920,0.8486471
3020921,7.237669
3020922,4033.5708
3020923,0.002459506
3020924,793.9672
3020925,7.8253183
3020926,1718.2643
3020927,944.92053
3020928,467.59564
3020929,390.31467
3020930,88.92935
3020931,5859.242
3020932,25.471613
3020933,1.1582913
3020934,46.8666
3020935,28.782242
3020936,0.115269564
3020937,422.29324
3020938,6.493498
3020939,4.8324986
3020940,9.29881
3020941,65.37801
3020942,2.7200418
3020943,133.0805
3020944,424.14658
3020945,3.8664536
3020946,9.036224
3020947,232.02109
3020948,172.81216
3020949,1490.6088
3020950,0.57283056
3020951,7.3491535
3020952,5.0915365
3020953,0.08236227
3020954,3.5311513
3020955,1618.9462
3020956,0.0
3020957,160.77592
3020958,7.529436
3020959,641.6137
3020960,372.16544
3020961,172.32552
3020962,58.21031
3020963,45.003017
3020964,2369.4224
3020965,7.2365637
3020966,1.0070865
3020967,24.922089
3020968,24.683859
3020969,0.17411432
3020970,205.43382
3020971,0.005930176
3020972,0.0031976453
3020973,5.464682
3020974,25.039627
3020975,4.126505
3020976,96.5703
3020977,170.35033
3020978,1.7205715
3020979,7.241083
3020980,115.258644
3020981,36.54519
3020982,441.449
3020983,2.6106493
3020984,1.4695427
3020985,3.3566985
3020986,0.021746667
3020987,1.6786277
3020988,1763.7819
3020989,0.24905804
3020990,324.40683
3020991,9.321447
3020992,562.2755
3020993,519.7073
3020994,149.62315
3020995,50.38494
3020996,60.648888
3020997,2058.8594
3020998,22.028088
3020999,0.4039459
3021000,11.9161
3021001,14.236645
3021002,0.07871601
3021003,152.73152
3021004,14.609292
3021005,3.5958228
3021006,2.658837
3021007,40.82205
3021008,5.998798
3021009,522.4137
3021010,145.36856
3021011,2.651382
3021012,4.0775657
3021013,276.68564
3021014,34.623455
3021015,1147.1421
3021016,0.08914889
3021017,7.72752
3021018,2.8136744
3021019,0.14589368
3021020,5.3497224
3021021,3712.7737
3021022,0.024008406
3021023,738.11707
3021024,10.888353
3021025,1002.3593
3021026,1223.3223
3021027,250.76515
3021028,233.65639
3021029,125.00455
3021030,3996.7217
3021031,20.70417
3021032,1.2662625
3021033,19.403498
3021034,31.30716
3021035,0.032834813
3021036,248.90956
3021037,8.830953
3021038,30.369747
3021039,10.035516
3021040,80.12319
3021041,13.832854
3021042,332.26248
3021043,270.41608
3021044,15.013277
3021045,9.925106
3021046,433.8349
3021047,95.71853
3021048,3053.0396
3021049,0.037276596
3021050,22.341393
3021051,2.2247257
3021052,0.011349827
3021053,1.9411662
3021054,2324.202
3021055,0.0
3021056,392.0703
3021057,5.877827
3021058,528.9726
3021059,786.3077
3021060,158.39986
3021061,83.56093
3021062,83.4101
3021063,2064.058
3021064,17.134867
3021065,0.7825279
3021066,18.084661
3021067,11.777607
3021068,0.050434545
3021069,110.27575
3021070,0.0041120322
3021071,24.76924
3021072,2.5057645
3021073,201.51904
3021074,7.551178
3021075,172.698
3021076,183.72078
3021077,4.3739996
3021078,8.684396
3021079,228.3579
3021080,39.92749
3021081,1664.2734
3021082,1.5708039
3021083,2.8033316
3021084,5.072563
3021085,0.094783366
3021086,0.8628452
3021087,1223.947
3021088,0.005612808
3021089,296.87823
3021090,5.279309
3021091,481.6288
3021092,348.1352
3021093,87.14346
3021094,38.92996
3021095,37.9854
3021096,1829.767
3021097,4.5741806
3021098,0.5766612
3021099,12.564673
3021100,10.14775
3021101,0.124656305
3021102,117.68275
3021103,0.1837832
3021104,8.632001
3021105,1.1243792
3021106,19.763649
3021107,0.23549467
3021108,212.01843
3021109,145.85359
3021110,2.151045
3021111,1.3734186
3021112,140.40306
3021113,22.797464
3021114,619.11383
3021115,0.7918749
3021116,2.1245234
3021117,10.227415
3021118,0.117619514
3021119,4.222521
3021120,4856.8853
3021121,0.04195284
3021122,945.2805
3021123,17.689148
3021124,1294.3464
3021125,1396.6439
3021126,376.55554
3021127,311.59915
3021128,167.78568
3021129,5269.721
3021130,27.304268
3021131,3.2726665
3021132,29.144646
3021133,26.831356
3021134,0.25531358
3021135,346.58273
3021136,15.062296
3021137,46.998203
3021138,11.233161
3021139,189.32834
3021140,8.078803
3021141,384.05286
3021142,357.0284
3021143,14.239283
3021144,13.437523
3021145,572.19385
3021146,95.38897
3021147,3375.9048
3021148,1.153167
3021149,21.887583
3021150,8.713101
3021151,0.11863852
3021152,3.5322104
3021153,4659.8174
3021154,0.0
3021155,958.75977
3021156,13.669458
3021157,1618.39
3021158,1347.4072
3021159,507.76733
3021160,343.4781
3021161,91.709984
3021162,6157.0493
3021163,15.570517
3021164,0.6092876
3021165,41.63302
3021166,23.303402
3021167,0.723081
3021168,405.23672
3021169,0.0
3021170,7.1941347
3021171,6.7013927
3021172,54.921326
3021173,1.2395227
3021174,223.82178
3021175,532.6282
3021176,6.579434
3021177,7.8479967
3021178,323.72293
3021179,94.96311
3021180,2419.5981
3021181,3.3031335
3021182,7.8047056
3021183,8.555558
3021184,0.6126803
3021185,3.9373116
3021186,3814.104
3021187,0.0
3021188,915.47577
3021189,10.524653
3021190,1316.4465
3021191,1103.4502
3021192,333.5094
3021193,255.81354
3021194,74.971954
3021195,4813.311
3021196,18.603647
3021197,0.8105725
3021198,31.362583
3021199,23.68575
3021200,0.10903807
3021201,315.73703
3021202,0.0
3021203,5.1952915
3021204,5.3124022
3021205,81.000465
3021206,1.9115481
3021207,130.70439
3021208,337.58356
3021209,8.972137
3021210,8.393329
3021211,243.77246
3021212,74.553535
3021213,1722.7972
3021214,3.3596811
3021215,7.3393993
3021216,12.189095
3021217,1.1251361
3021218,21.69939
3021219,10601.545
3021220,0.06627963
3021221,1579.1083
3021222,28.467611
3021223,2175.4048
3021224,2544.1836
3021225,507.1142
3021226,651.795
3021227,401.2045
3021228,9820.69
3021229,83.20861
3021230,3.9923081
3021231,57.27494
3021232,60.838905
3021233,0.049295332
3021234,689.6716
3021235,63.37487
3021236,54.43304
3021237,24.296618
3021238,210.98912
3021239,34.136787
3021240,770.74634
3021241,714.6223
3021242,30.853882
3021243,34.231907
3021244,1240.9326
3021245,316.80362
3021246,8473.743
3021247,144.22217
3021248,102.083176
3021249,2.7797759
3021250,0.10489433
3021251,0.92650235
3021252,1414.3885
3021253,0.0
3021254,167.26382
3021255,2.8201287
3021256,440.56674
3021257,308.3013
3021258,109.28645
3021259,116.97959
3021260,40.327744
3021261,1677.637
3021262,7.0045996
3021263,0.51846635
3021264,14.761729
3021265,8.699952
3021266,0.057734985
3021267,106.28199
3021268,0.742623
3021269,0.0180421
3021270,2.821454
3021271,44.32699
3021272,0.886588
3021273,52.86874
3021274,98.68684
3021275,2.2126386
3021276,3.7793403
3021277,98.049355
3021278,17.99207
3021279,484.666
3021280,0.007513776
3021281,3.9478436
3021282,8.0554495
3021283,0.58508563
3021284,3.051958
3021285,3288.443
3021286,0.007672146
3021287,680.1566
3021288,10.256977
3021289,1380.598
3021290,893.64905
3021291,280.73486
3021292,296.63574
3021293,68.30812
3021294,5048.619
3021295,17.55933
3021296,0.76074123
3021297,25.6275
3021298,22.15664
3021299,0.15900685
3021300,327.93787
3021301,2.4436204
3021302,12.831704
3021303,9.259857
3021304,15.5878105
3021305,2.5202875
3021306,314.01575
3021307,326.23514
3021308,3.8067656
3021309,7.7232447
3021310,125.15184
3021311,63.595894
3021312,1336.896
3021313,1.8717659
3021314,2.8137321
3021315,1.8996592
3021316,0.07024026
3021317,0.4645637
3021318,1049.9902
3021319,0.0
3021320,113.38562
3021321,3.5274062
3021322,439.73373
3021323,207.59866
3021324,101.15201
3021325,138.81032
3021326,21.956234
3021327,1779.811
3021328,4.645902
3021329,0.14604248
3021330,9.534078
3021331,4.701424
3021332,0.07988297
3021333,82.24168
3021334,0.023372306
3021335,0.020103605
3021336,0.9145578
3021337,30.31342
3021338,0.23857561
3021339,59.26911
3021340,92.03623
3021341,0.58802545
3021342,1.1124349
3021343,56.94352
3021344,11.589788
3021345,206.78264
3021346,0.029408071
3021347,1.7863493
3021348,10.398494
3021349,0.29414096
3021350,2.204237
3021351,2495.8503
3021352,0.0
3021353,383.12234
3021354,8.227639
3021355,1291.4257
3021356,615.4727
3021357,241.28094
3021358,170.09348
3021359,53.21271
3021360,3634.842
3021361,5.1931267
3021362,0.30007088
3021363,28.186523
3021364,21.483839
3021365,0.14104313
3021366,254.41595
3021367,0.004910925
3021368,0.22570704
3021369,12.252062
3021370,23.398943
3021371,2.5161576
3021372,289.3492
3021373,283.6766
3021374,2.325395
3021375,5.524949
3021376,210.8422
3021377,40.877377
3021378,1404.4873
3021379,0.055280183
3021380,1.7671702
3021381,2.7066126
3021382,0.35743263
3021383,1.6073639
3021384,2894.5603
3021385,0.0022935306
3021386,642.63855
3021387,9.221654
3021388,777.80865
3021389,587.0797
3021390,203.07686
3021391,128.39851
3021392,58.651516
3021393,3678.8477
3021394,7.7255163
3021395,1.0008931
3021396,27.547283
3021397,39.202663
3021398,0.12251531
3021399,184.52141
3021400,2.1324806
3021401,6.289811
3021402,3.5861068
3021403,32.368935
3021404,1.5607438
3021405,144.66089
3021406,236.0774
3021407,2.8425078
3021408,4.5928817
3021409,115.398766
3021410,32.153767
3021411,637.0989
3021412,3.8080359
3021413,1.6740334
3021414,5.781516
3021415,0.0845419
3021416,0.51298964
3021417,1720.0885
3021418,0.0
3021419,142.29149
3021420,2.309893
3021421,695.8278
3021422,242.81981
3021423,113.43374
3021424,162.54604
3021425,41.02787
3021426,2207.676
3021427,4.702396
3021428,0.21220909
3021429,10.430748
3021430,9.949109
3021431,0.116987415
3021432,118.57082
3021433,0.041981164
3021434,0.027481595
3021435,0.40806347
3021436,64.02397
3021437,1.1980166
3021438,175.2433
3021439,107.393394
3021440,1.1203048
3021441,1.3204796
3021442,56.36562
3021443,23.195261
3021444,417.8264
3021445,0.18599087
3021446,0.3110398
3021447,5.884929
3021448,0.05406277
3021449,1.2080204
3021450,3677.9211
3021451,0.0
3021452,596.3167
3021453,8.915236
3021454,1081.1136
3021455,742.21246
3021456,251.86047
3021457,151.27022
3021458,75.91339
3021459,4530.4424
3021460,7.657936
3021461,0.22616863
3021462,22.00158
3021463,11.192467
3021464,0.06053945
3021465,232.80553
3021466,0.011410653
3021467,25.032059
3021468,4.556781
3021469,65.64143
3021470,1.5673897
3021471,194.11555
3021472,235.39331
3021473,3.2225351
3021474,2.9160852
3021475,123.94793
3021476,51.61934
3021477,1212.2443
3021478,1.0116704
3021479,1.3571198
3021480,2.5206077
3021481,0.027287658
3021482,4.94248
3021483,2138.2244
3021484,0.005093209
3021485,378.88113
3021486,6.571767
3021487,664.8271
3021488,657.23505
3021489,113.60586
3021490,95.29176
3021491,88.97765
3021492,2410.3682
3021493,26.269548
3021494,1.1922119
3021495,15.533981
3021496,18.90993
3021497,0.07652386
3021498,187.31413
3021499,15.095257
3021500,20.284647
3021501,2.4900763
3021502,66.11224
3021503,9.826593
3021504,145.40248
3021505,190.07727
3021506,7.4164934
3021507,10.586267
3021508,163.82277
3021509,61.31809
3021510,1926.9946
3021511,0.71470857
3021512,7.6656904
3021513,8.9718685
3021514,0.017103631
3021515,10.749004
3021516,2959.2913
3021517,0.0076385727
3021518,554.0332
3021519,15.912077
3021520,1064.145
3021521,934.46295
3021522,151.51524
3021523,111.18647
3021524,109.544655
3021525,4169.605
3021526,27.220106
3021527,1.2339962
3021528,29.364698
3021529,35.33995
3021530,0.05224562
3021531,351.10376
3021532,35.435608
3021533,17.802584
3021534,6.1185093
3021535,55.067696
3021536,15.021154
3021537,133.27103
3021538,435.5114
3021539,8.942017
3021540,12.433123
3021541,124.561195
3021542,86.60511
3021543,2068.056
3021544,4.7914453
3021545,13.778204
3021546,8.821394
3021547,0.1534288
3021548,3.74585
3021549,3305.2976
3021550,0.00029741178
3021551,720.63544
3021552,6.514283
3021553,1206.5442
3021554,673.62134
3021555,188.43018
3021556,298.17447
3021557,59.35499
3021558,4871.882
3021559,28.494778
3021560,1.4880114
3021561,21.073877
3021562,20.808405
3021563,0.1931041
3021564,285.77258
3021565,7.395732
3021566,19.013103
3021567,5.9692025
3021568,54.82738
3021569,5.1371655
3021570,107.794495
3021571,256.20328
3021572,6.1896048
3021573,10.638444
3021574,176.46492
3021575,52.35863
3021576,1755.2177
3021577,7.4554815
3021578,14.764251
3021579,5.559434
3021580,0.011667318
3021581,5.5691013
3021582,3309.6992
3021583,0.037628014
3021584,536.9448
3021585,6.961333
3021586,871.1436
3021587,1033.1989
3021588,231.2725
3021589,196.0352
3021590,124.18206
3021591,4000.5972
3021592,25.62126
3021593,1.8542686
3021594,15.588266
3021595,13.224755
3021596,0.057161298
3021597,266.59247
3021598,29.33807
3021599,30.877197
3021600,2.1313694
3021601,98.060875
3021602,8.137873
3021603,360.83337
3021604,281.0416
3021605,9.071173
3021606,11.470505
3021607,466.29877
3021608,71.3446
3021609,2504.3228
3021610,0.8987713
3021611,29.989511
3021612,2.865019
3021613,0.29419374
3021614,2.089444
3021615,3906.0032
3021616,0.0
3021617,441.295
3021618,8.747127
3021619,1744.8491
3021620,645.06036
3021621,283.7654
3021622,146.2929
3021623,54.458794
3021624,5114.6562
3021625,11.484174
3021626,1.1642253
3021627,25.661854
3021628,25.201906
3021629,0.13358803
3021630,347.82767
3021631,0.00246817
3021632,0.11351746
3021633,5.380074
3021634,41.424408
3021635,3.2170458
3021636,122.332054
3021637,340.63278
3021638,2.5733552
3021639,10.044989
3021640,134.99066
3021641,46.81566
3021642,1035.3087
3021643,0.028741395
3021644,3.7713327
3021645,9.612238
3021646,0.14159718
3021647,8.692092
3021648,3281.8242
3021649,0.0058304705
3021650,685.8867
3021651,11.500004
3021652,1398.7769
3021653,1063.5651
3021654,302.01297
3021655,170.23564
3021656,210.35243
3021657,4599.0903
3021658,43.12288
3021659,1.6820376
3021660,27.397913
3021661,36.38446
3021662,0.039914556
3021663,365.28854
3021664,27.674221
3021665,26.957684
3021666,10.096159
3021667,64.40011
3021668,18.64906
3021669,234.88504
3021670,434.13855
3021671,15.648676
3021672,12.606093
3021673,248.72491
3021674,68.46041
3021675,2415.2346
3021676,0.055619646
3021677,8.52943
3021678,4.874788
3021679,0.019274652
3021680,5.7209334
3021681,2936.1504
3021682,0.011068112
3021683,614.66077
3021684,8.329024
3021685,827.6036
3021686,862.9811
3021687,162.74565
3021688,139.05814
3021689,108.45409
3021690,3148.7834
3021691,27.900364
3021692,1.5040205
3021693,20.246439
3021694,18.018509
3021695,0.15530325
3021696,257.60202
3021697,22.402302
3021698,32.936054
3021699,4.6151586
3021700,63.414757
3021701,11.800317
3021702,196.50647
3021703,272.15692
3021704,8.236127
3021705,10.714765
3021706,239.11002
3021707,54.862534
3021708,2356.7878
3021709,0.091271356
3021710,17.175278
3021711,7.200864
3021712,0.013899249
3021713,5.469333
3021714,5520.0825
3021715,0.0
3021716,795.76904
3021717,12.153822
3021718,1589.3401
3021719,1011.5962
3021720,371.2225
3021721,224.55173
3021722,73.38346
3021723,5613.4375
3021724,17.605577
3021725,0.19096927
3021726,19.466259
3021727,19.487314
3021728,0.053910553
3021729,303.4253
3021730,0.002530433
3021731,11.184719
3021732,5.036296
3021733,98.0793
3021734,3.8604388
3021735,224.4827
3021736,351.52512
3021737,2.9886878
3021738,3.349063
3021739,236.49242
3021740,128.26729
3021741,1529.4991
3021742,5.8674474
3021743,0.2626321
3021744,18.87563
3021745,0.009367136
3021746,23.064598
3021747,12063.168
3021748,0.006759378
3021749,1840.6012
3021750,18.854927
3021751,2621.3926
3021752,3224.7026
3021753,691.17633
3021754,759.38605
3021755,511.55914
3021756,11835.717
3021757,80.79381
3021758,5.8422236
3021759,103.38207
3021760,129.20488
3021761,0.03431594
3021762,858.3022
3021763,43.160347
3021764,36.967915
3021765,18.590597
3021766,313.12924
3021767,27.228828
3021768,960.30145
3021769,812.38947
3021770,44.077724
3021771,42.198128
3021772,1435.5991
3021773,394.55145
3021774,10655.058
3021775,437.22446
3021776,118.97163
3021777,17.838467
3021778,0.0062875296
3021779,18.959648
3021780,10813.456
3021781,0.0067768404
3021782,1605.7158
3021783,21.75899
3021784,2790.895
3021785,2733.169
3021786,756.7973
3021787,549.944
3021788,416.57248
3021789,12089.129
3021790,97.300385
3021791,2.0002909
3021792,66.89868
3021793,76.805626
3021794,1.1511848
3021795,865.73834
3021796,38.751724
3021797,49.03381
3021798,5.8029323
3021799,216.37796
3021800,26.705982
3021801,1263.8777
3021802,947.34033
3021803,33.63412
3021804,44.87522
3021805,1518.7058
3021806,274.44058
3021807,7080.257
3021808,438.6909
3021809,104.22504
3021810,17.450682
3021811,0.010025233
3021812,22.166656
3021813,8795.016
3021814,0.010312017
3021815,1338.7933
3021816,16.37075
3021817,2954.338
3021818,2121.5059
3021819,1051.293
3021820,252.40001
3021821,290.1539
3021822,12400.969
3021823,55.507874
3021824,3.6829162
3021825,35.38611
3021826,37.59278
3021827,0.042550344
3021828,978.02167
3021829,62.42469
3021830,34.327938
3021831,9.306737
3021832,106.61184
3021833,9.835975
3021834,1026.8647
3021835,1082.1637
3021836,30.46811
3021837,42.87638
3021838,1151.7765
3021839,198.68164
3021840,3715.4204
3021841,449.57355
3021842,61.195602
3021843,19.195152
3021844,0.006228572
3021845,27.219091
3021846,10447.984
3021847,0.0039001866
3021848,1519.9294
3021849,19.926586
3021850,2580.5342
3021851,2718.873
3021852,786.28143
3021853,515.9848
3021854,333.91608
3021855,11346.523
3021856,78.783165
3021857,2.3167064
3021858,70.89485
3021859,76.63982
3021860,0.0014475322
3021861,817.2607
3021862,46.043964
3021863,42.28542
3021864,4.893541
3021865,192.83234
3021866,22.477194
3021867,902.4769
3021868,1013.64844
3021869,29.51465
3021870,34.46762
3021871,1340.9634
3021872,265.55557
3021873,6456.878
3021874,499.35638
3021875,93.23068
3021876,15.1029
3021877,0.009965514
3021878,23.957855
3021879,7521.741
3021880,0.0
3021881,1028.4382
3021882,17.551712
3021883,3019.924
3021884,1842.9807
3021885,906.9304
3021886,195.4172
3021887,222.50299
3021888,11274.431
3021889,62.396904
3021890,0.7563083
3021891,39.410503
3021892,39.97093
3021893,0.0
3021894,887.3661
3021895,50.055378
3021896,22.432127
3021897,4.8087573
3021898,108.88646
3021899,10.065981
3021900,1002.6292
3021901,1097.3528
3021902,24.36961
3021903,35.40093
3021904,1095.2922
3021905,149.44312
3021906,2919.403
3021907,478.14844
3021908,39.353317
3021909,13.817884
3021910,0.12870876
3021911,14.599538
3021912,9101.344
3021913,0.00887831
3021914,1450.7253
3021915,22.454948
3021916,1939.2181
3021917,2522.9153
3021918,492.7476
3021919,596.54236
3021920,473.2233
3021921,8822.068
3021922,69.307076
3021923,2.9186893
3021924,42.40219
3021925,45.52323
3021926,0.028112834
3021927,617.7846
3021928,28.271938
3021929,40.057564
3021930,9.179826
3021931,230.94202
3021932,20.208532
3021933,840.714
3021934,588.9233
3021935,25.542307
3021936,33.26882
3021937,1133.4207
3021938,255.56778
3021939,8125.0986
3021940,309.68692
3021941,95.277626
3021942,8.9452715
3021943,0.21068381
3021944,6.8376493
3021945,2056.5996
3021946,0.15102717
3021947,421.6962
3021948,17.501211
3021949,931.6659
3021950,579.5675
3021951,241.14212
3021952,96.95582
3021953,82.963066
3021954,3100.8735
3021955,18.781595
3021956,0.90904355
3021957,26.989157
3021958,25.897978
3021959,0.21884936
3021960,257.8542
3021961,16.899094
3021962,11.105819
3021963,10.31771
3021964,56.937744
3021965,10.170003
3021966,210.39478
3021967,285.1912
3021968,3.6482906
3021969,8.884246
3021970,212.4532
3021971,56.548363
3021972,1528.0563
3021973,0.059596978
3021974,6.9949317
3021975,17.064804
3021976,0.0091211
3021977,14.434576
3021978,5556.5645
3021979,0.0072979103
3021980,789.37256
3021981,27.477293
3021982,1956.1537
3021983,1336.086
3021984,551.5952
3021985,131.64232
3021986,140.65167
3021987,7142.735
3021988,62.46641
3021989,1.4389987
3021990,40.78907
3021991,38.74792
3021992,0.017260356
3021993,570.2157
3021994,26.14446
3021995,10.354743
3021996,3.718173
3021997,103.944725
3021998,11.413023
3021999,521.4642
3022000,669.11804
3022001,15.755144
3022002,30.023073
3022003,468.56952
3022004,84.671486
3022005,2361.118
3022006,301.69672
3022007,21.695602
3022008,8.510705
3022009,0.027493292
3022010,7.2089233
3022011,5506.8193
3022012,0.034028076
3022013,1070.4227
3022014,12.03963
3022015,1457.2859
3022016,1805.6583
3022017,265.3594
3022018,395.3879
3022019,255.03638
3022020,5371.2427
3022021,44.10513
3022022,1.9989278
3022023,31.905151
3022024,41.029774
3022025,0.2197417
3022026,384.09103
3022027,5.0164814
3022028,47.1859
3022029,5.7926416
3022030,166.78055
3022031,15.24279
3022032,575.29565
3022033,393.33487
3022034,25.122602
3022035,12.857976
3022036,793.145
3022037,123.03932
3022038,5375.5376
3022039,1.8680282
3022040,44.80266
3022041,12.593289
3022042,0.0052510793
3022043,9.4331665
3022044,4987.3247
3022045,0.0023509439
3022046,1059.3339
3022047,23.965086
3022048,1598.907
3022049,1573.8069
3022050,327.59518
3022051,194.31812
3022052,271.76434
3022053,6187.764
3022054,47.83699
3022055,2.3668091
3022056,47.138134
3022057,47.267197
3022058,0.04927395
3022059,424.06955
3022060,13.866853
3022061,52.421234
3022062,8.625791
3022063,252.31279
3022064,13.522573
3022065,466.7937
3022066,440.13153
3022067,15.967541
3022068,33.29388
3022069,444.62585
3022070,129.39201
3022071,5041.4536
3022072,5.600556
3022073,7.5988417
3022074,12.574172
3022075,0.18488799
3022076,6.8820205
3022077,3123.184
3022078,0.0061328546
3022079,650.6151
3022080,10.5864
3022081,1219.4554
3022082,765.89307
3022083,291.41528
3022084,129.7484
3022085,138.59674
3022086,3878.7388
3022087,16.507084
3022088,1.5089037
3022089,31.068508
3022090,31.838802
3022091,0.07979029
3022092,262.8305
3022093,9.064264
3022094,20.230316
3022095,4.800374
3022096,132.27925
3022097,6.4317837
3022098,312.21088
3022099,320.59637
3022100,6.913396
3022101,10.223612
3022102,243.2853
3022103,74.960724
3022104,2433.1196
3022105,0.31131712
3022106,4.380619
3022107,8.285558
3022108,0.056971967
3022109,1.6554041
3022110,2847.3916
3022111,0.0
3022112,312.43976
3022113,5.623279
3022114,1622.0126
3022115,382.48218
3022116,289.33066
3022117,80.51285
3022118,43.61927
3022119,4338.2915
3022120,8.309649
3022121,1.4874392
3022122,27.443787
3022123,17.499168
3022124,0.06650731
3022125,304.27686
3022126,0.01995629
3022127,0.0
3022128,3.7047677
3022129,27.220268
3022130,1.8779352
3022131,57.564316
3022132,261.45654
3022133,0.43715033
3022134,4.7007227
3022135,60.507828
3022136,79.79617
3022137,837.8571
3022138,1.619741
3022139,0.77771044
3022140,7.58879
3022141,0.008260925
3022142,9.593147
3022143,5280.1514
3022144,0.0
3022145,809.9891
3022146,11.139305
3022147,1396.9625
3022148,1310.2694
3022149,423.8608
3022150,247.14217
3022151,183.29935
3022152,6263.5825
3022153,40.593052
3022154,2.2283251
3022155,26.972765
3022156,38.14914
3022157,0.022421548
3022158,433.92365
3022159,34.238705
3022160,21.2606
3022161,8.751991
3022162,86.85008
3022163,12.127161
3022164,485.268
3022165,431.88403
3022166,14.520982
3022167,19.73655
3022168,716.55426
3022169,109.209915
3022170,2918.548
3022171,0.10032758
3022172,47.315876
3022173,3.6087956
3022174,0.008937304
3022175,4.5896325
3022176,3916.166
3022177,0.009300899
3022178,697.72833
3022179,13.557166
3022180,764.7201
3022181,1234.32
3022182,168.49202
3022183,249.88983
3022184,194.736
3022185,3494.1116
3022186,35.849957
3022187,2.3971071
3022188,20.609087
3022189,25.652784
3022190,0.16269687
3022191,209.8427
3022192,14.809613
3022193,38.328762
3022194,4.2709603
3022195,167.28596
3022196,13.852519
3022197,368.7124
3022198,206.4413
3022199,7.4236517
3022200,12.072405
3022201,530.35114
3022202,141.21164
3022203,4299.2373
3022204,1.7919228
3022205,34.695847
3022206,4.8133016
3022207,0.03675349
3022208,12.22517
3022209,5691.289
3022210,0.12566972
3022211,944.71936
3022212,14.26501
3022213,1237.5203
3022214,1639.6836
3022215,312.7948
3022216,411.30832
3022217,188.97925
3022218,5793.5815
3022219,38.901714
3022220,2.901668
3022221,37.460297
3022222,41.261852
3022223,0.0015878157
3022224,441.27985
3022225,38.74962
3022226,38.074577
3022227,17.561657
3022228,118.59545
3022229,20.398853
3022230,375.5541
3022231,433.32678
3022232,20.820787
3022233,29.802376
3022234,600.2367
3022235,179.86365
3022236,4860.0874
3022237,3.111466
3022238,44.37438
3022239,11.2303295
3022240,0.5026523
3022241,6.6185966
3022242,4671.852
3022243,0.003241237
3022244,660.82855
3022245,15.484863
3022246,1753.9786
3022247,1035.0884
3022248,643.3891
3022249,236.99803
3022250,107.86632
3022251,7489.962
3022252,13.285816
3022253,1.6516764
3022254,57.049633
3022255,40.417603
3022256,0.06210031
3022257,499.23184
3022258,19.804426
3022259,5.693859
3022260,7.1395435
3022261,51.74004
3022262,3.1005988
3022263,377.8345
3022264,491.8735
3022265,8.323403
3022266,10.689769
3022267,410.4422
3022268,121.62696
3022269,1782.7158
3022270,125.14535
3022271,22.904627
3022272,3.4420033
3022273,0.027875215
3022274,3.3639617
3022275,2297.7305
3022276,0.020940475
3022277,437.232
3022278,8.771498
3022279,601.3019
3022280,704.2234
3022281,132.35083
3022282,138.26273
3022283,88.577896
3022284,2674.921
3022285,23.831379
3022286,1.0904388
3022287,17.826893
3022288,25.606596
3022289,0.16612145
3022290,183.63431
3022291,14.269608
3022292,13.29002
3022293,5.3146896
3022294,65.92007
3022295,8.689467
3022296,271.29056
3022297,151.4485
3022298,6.3589664
3022299,9.355415
3022300,286.3135
3022301,67.3244
3022302,2293.9849
3022303,1.3106017
3022304,22.829803
3022305,1.3793669
3022306,0.401182
3022307,1.5643826
3022308,1409.2538
3022309,0.00028262555
3022310,102.45131
3022311,2.3317697
3022312,706.9532
3022313,314.9656
3022314,269.54517
3022315,50.38103
3022316,30.119867
3022317,2654.4158
3022318,4.5210342
3022319,0.20093076
3022320,5.844364
3022321,6.68252
3022322,0.04045979
3022323,175.38405
3022324,5.1956124
3022325,0.0
3022326,1.5161464
3022327,5.2466283
3022328,0.75987184
3022329,153.66473
3022330,145.74887
3022331,0.70863104
3022332,2.606653
3022333,111.44268
3022334,23.50398
3022335,218.04506
3022336,5.0770855
3022337,0.41496643
3022338,6.4849467
3022339,0.40869004
3022340,5.720613
3022341,4759.2783
3022342,0.004428268
3022343,632.7439
3022344,7.8385525
3022345,1957.401
3022346,597.1393
3022347,507.1481
3022348,173.05501
3022349,69.66223
3022350,7540.734
3022351,19.815392
3022352,0.30725247
3022353,16.792505
3022354,15.861605
3022355,0.08661461
3022356,465.08328
3022357,8.448115
3022358,1.0876825
3022359,9.633885
3022360,21.925385
3022361,3.6863565
3022362,546.7242
3022363,353.2645
3022364,2.020874
3022365,12.069154
3022366,250.94073
3022367,88.678116
3022368,1205.0044
3022369,88.55654
3022370,8.838132
3022371,4.395824
3022372,0.16441202
3022373,1.7644935
3022374,1707.6658
3022375,0.0031825174
3022376,182.78719
3022377,6.89038
3022378,696.6151
3022379,433.94937
3022380,230.43802
3022381,78.09271
3022382,34.811676
3022383,2812.8594
3022384,6.3518243
3022385,0.23810197
3022386,10.81429
3022387,13.569097
3022388,0.06734324
3022389,190.19466
3022390,4.33361
3022391,0.005927598
3022392,3.5028753
3022393,18.49556
3022394,1.7679777
3022395,152.88805
3022396,157.8734
3022397,1.54669
3022398,5.839175
3022399,136.17715
3022400,46.588085
3022401,316.4816
3022402,11.777744
3022403,4.9145994
3022404,4.031489
3022405,0.047493394
3022406,2.6627884
3022407,1551.0872
3022408,0.00664117
3022409,125.850716
3022410,4.325366
3022411,701.4244
3022412,284.90747
3022413,164.93152
3022414,57.650112
3022415,26.76367
3022416,2612.0134
3022417,6.0859227
3022418,0.13134657
3022419,8.137108
3022420,7.639415
3022421,0.0566822
3022422,147.81425
3022423,4.0319247
3022424,0.016247373
3022425,1.7069688
3022426,16.923563
3022427,1.0029309
3022428,128.2287
3022429,168.71216
3022430,0.52441335
3022431,4.110012
3022432,86.434006
3022433,34.165703
3022434,196.15137
3022435,14.284956
3022436,2.6149483
3022437,2.3665116
3022438,0.057617854
3022439,1.7878649
3022440,1454.7042
3022441,0.0
3022442,193.21239
3022443,5.1342583
3022444,1019.7182
3022445,493.36908
3022446,256.30115
3022447,39.165108
3022448,37.46789
3022449,3033.9465
3022450,3.4143171
3022451,0.6524476
3022452,8.953346
3022453,18.963795
3022454,0.05749253
3022455,240.39024
3022456,0.034406696
3022457,0.030598238
3022458,2.5104082
3022459,15.333853
3022460,2.6845524
3022461,242.1601
3022462,274.6687
3022463,1.2279153
3022464,4.4106207
3022465,59.693863
3022466,84.2559
3022467,393.50604
3022468,10.469847
3022469,4.756784
3022470,4.4169064
3022471,1.2255592
3022472,3.3011246
3022473,1772.6738
3022474,0.0043888153
3022475,170.15254
3022476,1.6570299
3022477,897.3511
3022478,413.6427
3022479,250.74763
3022480,128.20775
3022481,50.802837
3022482,2965.5852
3022483,9.280357
3022484,0.97800267
3022485,11.223998
3022486,17.939552
3022487,0.052716363
3022488,232.11156
3022489,9.284194
3022490,0.0
3022491,4.813499
3022492,12.809647
3022493,2.0638163
3022494,143.91476
3022495,184.59927
3022496,0.8371333
3022497,4.7217984
3022498,106.953514
3022499,39.8943
3022500,651.64996
3022501,13.72715
3022502,5.0052524
3022503,3.418559
3022504,0.06198143
3022505,1.4774995
3022506,1321.4856
3022507,0.00045274015
3022508,155.3001
3022509,3.8684778
3022510,752.91125
3022511,232.136
3022512,181.43784
3022513,210.96689
3022514,22.997374
3022515,2125.268
3022516,4.6387615
3022517,0.12929283
3022518,10.826933
3022519,7.9919167
3022520,0.05142996
3022521,162.445
3022522,0.016318671
3022523,0.0040415917
3022524,2.667382
3022525,14.859519
3022526,1.1699989
3022527,51.938168
3022528,131.43857
3022529,0.82757115
3022530,3.085065
3022531,58.838543
3022532,32.470917
3022533,464.58972
3022534,0.016322426
3022535,0.799091
3022536,7.778061
3022537,0.38852015
3022538,3.2579675
3022539,3581.2295
3022540,0.0049387175
3022541,353.0169
3022542,4.149472
3022543,1254.9359
3022544,814.408
3022545,472.25467
3022546,329.46408
3022547,95.9567
3022548,4843.8105
3022549,11.073694
3022550,0.5461768
3022551,21.837973
3022552,25.353535
3022553,0.03205918
3022554,342.8791
3022555,0.3514455
3022556,0.043144643
3022557,2.7782803
3022558,18.041061
3022559,4.5320177
3022560,264.49078
3022561,272.7852
3022562,3.147378
3022563,7.4536095
3022564,304.28528
3022565,67.4679
3022566,1292.4935
3022567,28.513727
3022568,16.163874
3022569,2.6902158
3022570,0.26537806
3022571,3.4568963
3022572,2314.388
3022573,0.011966449
3022574,651.6842
3022575,2.7830195
3022576,620.9546
3022577,580.3326
3022578,227.54826
3022579,256.5764
3022580,44.53973
3022581,2832.2363
3022582,9.269676
3022583,0.16695224
3022584,23.946201
3022585,17.149677
3022586,0.039080717
3022587,204.17534
3022588,7.3231554
3022589,2.0513694
3022590,4.2629256
3022591,35.97919
3022592,2.2797134
3022593,97.07256
3022594,164.46266
3022595,3.231236
3022596,5.4267592
3022597,157.80098
3022598,55.274956
3022599,1518.5173
3022600,55.53051
3022601,10.711293
3022602,6.9106116
3022603,0.25325364
3022604,3.76431
3022605,2753.4993
3022606,0.0058689006
3022607,174.84222
3022608,5.689211
3022609,908.0758
3022610,393.4105
3022611,308.3898
3022612,82.46302
3022613,45.176243
3022614,3690.6016
3022615,10.137066
3022616,1.1453655
3022617,11.289827
3022618,11.7353325
3022619,0.06436433
3022620,196.50798
3022621,7.4551373
3022622,0.0
3022623,2.6178877
3022624,15.554932
3022625,2.6558793
3022626,136.81746
3022627,174.5264
3022628,1.8588071
3022629,5.1454887
3022630,86.91122
3022631,36.829613
3022632,444.43253
3022633,5.566008
3022634,4.356631
3022635,4.599415
3022636,0.016431956
3022637,7.947405
3022638,3020.676
3022639,0.008737247
3022640,600.7438
3022641,6.680844
3022642,865.3921
3022643,849.06976
3022644,227.99246
3022645,150.91805
3022646,96.36942
3022647,3902.6624
3022648,41.37965
3022649,0.9118047
3022650,13.961783
3022651,17.284784
3022652,0.036996625
3022653,268.2646
3022654,19.779863
3022655,9.152389
3022656,4.3349857
3022657,55.22528
3022658,11.308301
3022659,362.26584
3022660,256.70438
3022661,9.602496
3022662,7.9301853
3022663,408.23746
3022664,90.48332
3022665,2278.1304
3022666,0.24402143
3022667,30.052452
3022668,6.5507975
3022669,0.34795412
3022670,4.2965794
3022671,2990.655
3022672,0.0036566195
3022673,400.5135
3022674,5.3656793
3022675,1177.9451
3022676,741.5699
3022677,478.65775
3022678,114.96951
3022679,54.022015
3022680,4955.6235
3022681,14.847552
3022682,0.20468834
3022683,13.899893
3022684,12.373515
3022685,0.027939854
3022686,339.90213
3022687,3.7564263
3022688,4.4166727
3022689,2.8268247
3022690,21.454145
3022691,1.6192684
3022692,248.59802
3022693,290.6391
3022694,3.7133617
3022695,6.952185
3022696,239.9119
3022697,55.699562
3022698,868.7283
3022699,35.508247
3022700,12.3205385
3022701,7.811598
3022702,0.55489695
3022703,3.6494884
3022704,2852.359
3022705,0.0048154537
3022706,539.4197
3022707,5.58935
3022708,1129.4097
3022709,617.66364
3022710,313.9716
3022711,437.98196
3022712,60.731075
3022713,4128.614
3022714,10.874468
3022715,0.6941078
3022716,28.210596
3022717,18.936815
3022718,0.027264513
3022719,272.94424
3022720,3.2156959
3022721,2.9733405
3022722,6.8341446
3022723,28.845953
3022724,1.5095744
3022725,108.31816
3022726,241.6486
3022727,2.2489028
3022728,5.3569827
3022729,138.91342
3022730,117.51468
3022731,1208.3293
3022732,0.45311403
3022733,5.534535
3022734,4.123036
3022735,0.091942616
3022736,2.8465056
3022737,1495.1178
3022738,0.00049883645
3022739,155.92067
3022740,6.2310085
3022741,623.8064
3022742,330.66226
3022743,158.7246
3022744,76.437935
3022745,40.508087
3022746,2412.4802
3022747,6.072645
3022748,0.7289616
3022749,20.066923
3022750,21.704374
3022751,0.16279033
3022752,183.24908
3022753,0.0017445983
3022754,0.0036125907
3022755,5.3290663
3022756,20.9515
3022757,3.56993
3022758,99.50635
3022759,144.52135
3022760,1.4770453
3022761,5.369673
3022762,108.77795
3022763,45.866108
3022764,458.6527
3022765,3.3060193
3022766,1.5443263
3022767,2.6165242
3022768,0.022501387
3022769,1.6192193
3022770,1637.8915
3022771,0.19263211
3022772,341.1101
3022773,7.566923
3022774,584.16724
3022775,536.04364
3022776,146.58493
3022777,46.372528
3022778,55.248127
3022779,2137.019
3022780,26.96361
3022781,0.4291286
3022782,9.086188
3022783,13.441364
3022784,0.07157519
3022785,146.5385
3022786,10.430585
3022787,1.8233824
3022788,2.8195796
3022789,27.983816
3022790,6.107108
3022791,485.92465
3022792,145.8253
3022793,2.8474555
3022794,3.0920606
3022795,284.89548
3022796,32.86627
3022797,1370.7252
3022798,0.50729406
3022799,9.072344
3022800,2.0898383
3022801,0.23292547
3022802,4.935085
3022803,3531.1045
3022804,0.11814704
3022805,773.41376
3022806,12.666031
3022807,1073.4136
3022808,1242.5361
3022809,271.97226
3022810,241.48297
3022811,123.86335
3022812,4052.43
3022813,22.698612
3022814,1.0540857
3022815,19.78132
3022816,37.304073
3022817,0.061513305
3022818,267.70026
3022819,8.192475
3022820,31.875916
3022821,6.641582
3022822,56.205112
3022823,15.110626
3022824,352.67
3022825,270.14984
3022826,15.381092
3022827,11.188034
3022828,473.25
3022829,95.68017
3022830,3578.494
3022831,0.13595311
3022832,23.326
3022833,0.75455546
3022834,0.020643495
3022835,1.274693
3022836,1862.1672
3022837,0.008647064
3022838,319.55804
3022839,3.7975435
3022840,366.59384
3022841,643.5901
3022842,132.59344
3022843,81.2948
3022844,47.732567
3022845,1908.8391
3022846,14.030201
3022847,0.4655655
3022848,13.272448
3022849,8.965604
3022850,0.043762237
3022851,78.451965
3022852,0.0092908535
3022853,16.563364
3022854,1.3532472
3022855,85.97963
3022856,5.859753
3022857,143.32144
3022858,109.610664
3022859,4.3380594
3022860,6.210081
3022861,149.47755
3022862,30.441029
3022863,1603.0641
3022864,0.94058084
3022865,1.0348828
3022866,2.9653118
3022867,0.052286386
3022868,0.695541
3022869,987.92535
3022870,0.008017982
3022871,220.01541
3022872,4.215801
3022873,374.5306
3022874,255.36356
3022875,81.08802
3022876,34.265816
3022877,27.67904
3022878,1393.1548
3022879,2.9937336
3022880,0.4798003
3022881,8.864647
3022882,5.887484
3022883,0.10477347
3022884,85.16204
3022885,0.19461586
3022886,4.6488924
3022887,0.75036705
3022888,12.121757
3022889,0.1916736
3022890,195.86597
3022891,104.010605
3022892,1.8305616
3022893,0.9658892
3022894,117.485634
3022895,16.515804
3022896,453.62482
3022897,0.40176612
3022898,1.8078012
3022899,5.0904913
3022900,0.16538492
3022901,3.2177916
3022902,3437.3958
3022903,0.013279939
3022904,704.18976
3022905,8.59536
3022906,871.4165
3022907,916.436
3022908,280.95258
3022909,221.47711
3022910,93.35217
3022911,3965.9858
3022912,18.09976
3022913,1.8690743
3022914,15.948616
3022915,16.309671
3022916,0.10349436
3022917,225.19408
3022918,5.7285132
3022919,27.405638
3022920,5.546379
3022921,54.144016
3022922,5.8066964
3022923,272.2744
3022924,228.99332
3022925,10.148593
3022926,7.597907
3022927,411.54745
3022928,66.80848
3022929,2967.4246
3022930,0.16638663
3022931,15.623125
3022932,4.7115116
3022933,0.11011178
3022934,2.4505944
3022935,3478.7095
3022936,0.0014438911
3022937,648.1589
3022938,8.235979
3022939,1095.2828
3022940,822.8373
3022941,360.17456
3022942,367.78802
3022943,56.381485
3022944,4463.5728
3022945,10.644922
3022946,0.28064758
3022947,26.452423
3022948,14.959764
3022949,0.96255064
3022950,254.40085
3022951,0.0011373665
3022952,4.8421936
3022953,4.0942674
3022954,26.172873
3022955,1.5449846
3022956,191.27568
3022957,335.07303
3022958,4.6303825
3022959,6.0027304
3022960,197.87737
3022961,71.29231
3022962,1367.9729
3022963,1.6917984
3022964,4.846182
3022965,5.1569905
3022966,0.5739126
3022967,2.570196
3022968,3017.9512
3022969,0.0011591472
3022970,731.2736
3022971,6.8127894
3022972,890.542
3022973,755.5639
3022974,265.75266
3022975,401.9397
3022976,48.561966
3022977,3860.1465
3022978,12.740039
3022979,0.38883027
3022980,22.277615
3022981,15.105717
3022982,0.05236279
3022983,224.40186
3022984,0.0033943912
3022985,5.7792964
3022986,3.527298
3022987,31.716251
3022988,1.7590041
3022989,113.82039
3022990,211.8657
3022991,6.424553
3022992,5.7075934
3022993,172.72035
3022994,61.361996
3022995,1159.7192
3022996,2.2930093
3022997,5.499591
3022998,8.835726
3022999,0.95557845
3023000,15.612879
3023001,7737.0728
3023002,0.09802493
3023003,1246.7295
3023004,21.410273
3023005,1878.7816
3023006,2061.5762
3023007,367.79227
3023008,509.97784
3023009,317.2549
3023010,8015.1455
3023011,74.45302
3023012,3.234643
3023013,43.243706
3023014,53.93495
3023015,0.04617509
3023016,541.585
3023017,34.650627
3023018,46.726162
3023019,23.913712
3023020,124.99842
3023021,28.085756
3023022,697.11426
3023023,502.2713
3023024,24.016703
3023025,27.284779
3023026,1008.0218
3023027,269.89835
3023028,7308.999
3023029,5.481523
3023030,85.53008
3023031,2.6098337
3023032,0.07813505
3023033,0.95952713
3023034,1321.304
3023035,0.0020149956
3023036,145.84464
3023037,2.613387
3023038,448.18945
3023039,247.44977
3023040,121.37952
3023041,161.05309
3023042,32.92794
3023043,1775.7754
3023044,5.0256014
3023045,0.34414575
3023046,11.425053
3023047,7.7899103
3023048,0.04634559
3023049,110.061485
3023050,0.7599133
3023051,0.015032822
3023052,2.1496727
3023053,19.386497
3023054,0.6247983
3023055,54.85422
3023056,94.20089
3023057,2.078548
3023058,3.231563
3023059,85.75595
3023060,16.442335
3023061,483.27292
3023062,0.023531951
3023063,2.8281872
3023064,6.265967
3023065,0.29187968
3023066,2.7520392
3023067,2874.0415
3023068,0.008456379
3023069,537.73285
3023070,7.4386654
3023071,1144.9904
3023072,737.7154
3023073,229.07822
3023074,430.59296
3023075,65.27643
3023076,4224.868
3023077,13.575597
3023078,0.49057996
3023079,19.368555
3023080,17.545692
3023081,0.063784264
3023082,264.6582
3023083,1.3736291
3023084,8.178207
3023085,7.9815187
3023086,10.90319
3023087,1.7531974
3023088,302.7476
3023089,241.32994
3023090,3.353578
3023091,4.933903
3023092,109.338844
3023093,64.45336
3023094,1099.8256
3023095,1.4045506
3023096,3.8597202
3023097,1.3434236
3023098,0.02681127
3023099,0.42717585
3023100,1043.9188
3023101,0.0
3023102,101.824066
3023103,2.1852129
3023104,436.2009
3023105,189.51556
3023106,100.565865
3023107,382.23904
3023108,16.439661
3023109,1860.496
3023110,1.7164638
3023111,0.14274134
3023112,8.240003
3023113,4.1374893
3023114,0.052728042
3023115,83.60933
3023116,0.026555348
3023117,0.0
3023118,1.0327568
3023119,5.6607423
3023120,0.12673102
3023121,57.384083
3023122,87.6174
3023123,0.4884743
3023124,1.0189009
3023125,50.76133
3023126,10.444394
3023127,178.34785
3023128,0.0
3023129,1.6678963
3023130,6.862259
3023131,0.20368426
3023132,1.6018558
3023133,2060.52
3023134,0.0050246767
3023135,268.77377
3023136,5.6400614
3023137,971.12476
3023138,499.78314
3023139,192.18053
3023140,272.25723
3023141,45.091515
3023142,3082.837
3023143,3.7170649
3023144,0.24111022
3023145,21.16024
3023146,16.165699
3023147,0.039124135
3023148,204.05797
3023149,0.008571975
3023150,0.046791732
3023151,10.669224
3023152,16.762148
3023153,2.0032053
3023154,232.31973
3023155,203.2042
3023156,1.7333438
3023157,3.98242
3023158,149.66911
3023159,34.676678
3023160,1100.402
3023161,0.049519762
3023162,1.6516066
3023163,2.7243645
3023164,0.3299335
3023165,1.7706392
3023166,2547.9414
3023167,0.0075841593
3023168,660.08105
3023169,9.440218
3023170,739.2902
3023171,623.05725
3023172,233.32944
3023173,228.21489
3023174,62.61854
3023175,3403.7927
3023176,6.1641326
3023177,0.7654946
3023178,28.706184
3023179,37.36411
3023180,0.066312805
3023181,193.08426
3023182,2.0624478
3023183,4.57231
3023184,4.2726016
3023185,21.897188
3023186,1.6695313
3023187,172.47798
3023188,269.60788
3023189,2.762055
3023190,5.4740987
3023191,124.696335
3023192,34.674698
3023193,686.5513
3023194,3.4537992
3023195,1.5774412
3023196,3.5240703
3023197,0.04008044
3023198,0.4327772
3023199,1509.3763
3023200,0.0
3023201,87.1797
3023202,1.6882291
3023203,532.087
3023204,185.43286
3023205,78.00074
3023206,359.65756
3023207,21.27848
3023208,1978.7765
3023209,2.4457476
3023210,0.15138821
3023211,8.820797
3023212,7.364846
3023213,0.0806798
3023214,86.059006
3023215,0.045832187
3023216,0.048303373
3023217,0.16096164
3023218,14.448083
3023219,0.73911965
3023220,155.73535
3023221,73.58911
3023222,1.0210547
3023223,1.1843212
3023224,38.065754
3023225,16.49548
3023226,341.21518
3023227,0.0991547
3023228,0.12878415
3023229,3.7544956
3023230,0.062025998
3023231,0.90869164
3023232,3032.0947
3023233,0.008397055
3023234,533.2051
3023235,6.4281664
3023236,888.34344
3023237,629.30164
3023238,216.63248
3023239,170.83144
3023240,54.719196
3023241,4000.063
3023242,6.1707606
3023243,0.20048374
3023244,17.404076
3023245,9.261984
3023246,0.05401464
3023247,200.08105
3023248,0.021207593
3023249,20.45453
3023250,3.5858083
3023251,32.491287
3023252,1.2355113
3023253,219.63571
3023254,199.09798
3023255,3.0435958
3023256,3.4393272
3023257,103.966545
3023258,45.722267
3023259,1158.646
3023260,0.9126524
3023261,1.6023867
3023262,3.2215776
3023263,0.02066211
3023264,5.196882
3023265,2692.5154
3023266,0.004631483
3023267,590.9555
3023268,8.04852
3023269,963.56055
3023270,897.7307
3023271,150.54341
3023272,116.73512
3023273,115.280266
3023274,3345.4072
3023275,42.42433
3023276,1.4046192
3023277,19.585495
3023278,24.222818
3023279,0.09058301
3023280,259.45633
3023281,18.356789
3023282,26.857996
3023283,3.3932743
3023284,70.52958
3023285,12.8457
3023286,185.63174
3023287,243.79604
3023288,11.367722
3023289,15.002605
3023290,231.62897
3023291,77.099045
3023292,2630.5493
3023293,0.44525126
3023294,11.660736
3023295,4.8769608
3023296,0.025942067
3023297,7.8411007
3023298,2310.827
3023299,0.004381931
3023300,513.634
3023301,10.067424
3023302,950.3287
3023303,872.1431
3023304,149.76715
3023305,90.90669
3023306,98.48065
3023307,3504.9111
3023308,32.102253
3023309,0.73388684
3023310,23.317545
3023311,32.82262
3023312,0.059124857
3023313,296.71155
3023314,20.27554
3023315,12.655169
3023316,5.807549
3023317,49.43562
3023318,12.838275
3023319,157.62904
3023320,322.11935
3023321,8.747738
3023322,10.321261
3023323,115.022064
3023324,84.37464
3023325,2056.431
3023326,4.9430666
3023327,10.89332
3023328,7.2220507
3023329,0.11096081
3023330,3.57297
3023331,3362.114
3023332,0.0023110348
3023333,795.8709
3023334,5.374251
3023335,1291.5526
3023336,654.93085
3023337,196.20627
3023338,1025.7273
3023339,64.19467
3023340,4925.604
3023341,31.391785
3023342,1.2937422
3023343,18.356716
3023344,18.737617
3023345,0.06970808
3023346,303.82388
3023347,4.6854935
3023348,15.277832
3023349,5.6715975
3023350,42.82865
3023351,3.3869967
3023352,128.76134
3023353,256.90918
3023354,5.9121084
3023355,9.140718
3023356,179.92903
3023357,61.679104
3023358,1852.4484
3023359,6.933373
3023360,16.298937
3023361,2.6263275
3023362,0.017341731
3023363,3.8296685
3023364,2585.041
3023365,0.009446615
3023366,424.20007
3023367,4.79157
3023368,737.80066
3023369,772.4321
3023370,192.49582
3023371,138.77618
3023372,80.14923
3023373,3277.766
3023374,19.155973
3023375,1.3294034
3023376,10.540177
3023377,11.998815
3023378,0.09047829
3023379,215.49971
3023380,15.705837
3023381,17.892288
3023382,1.8007967
3023383,48.2416
3023384,7.6778307
3023385,307.7861
3023386,212.02554
3023387,7.8954954
3023388,7.8125668
3023389,360.66367
3023390,56.729263
3023391,2275.871
3023392,0.29255155
3023393,24.12591
3023394,2.3148794
3023395,0.19491172
3023396,2.5998242
3023397,4166.027
3023398,0.0
3023399,437.3231
3023400,7.9400015
3023401,1772.9749
3023402,676.4898
3023403,310.5934
3023404,211.81862
3023405,54.593296
3023406,5804.4897
3023407,10.8283825
3023408,0.7017238
3023409,21.906384
3023410,23.649368
3023411,0.07382874
3023412,357.87656
3023413,0.0060170586
3023414,0.10993249
3023415,5.8175025
3023416,21.54958
3023417,2.6919982
3023418,143.68208
3023419,335.6061
3023420,3.3045669
3023421,10.770181
3023422,143.62663
3023423,58.937523
3023424,1123.2612
3023425,0.028745502
3023426,4.6386194
3023427,6.1561246
3023428,0.11098706
3023429,5.1367817
3023430,2487.3901
3023431,0.009866071
3023432,537.8798
3023433,8.00725
3023434,987.60284
3023435,746.0882
3023436,234.97054
3023437,133.16095
3023438,141.91905
3023439,3669.661
3023440,31.562187
3023441,0.910277
3023442,19.086523
3023443,26.351389
3023444,0.046701644
3023445,246.36388
3023446,12.137957
3023447,19.45317
3023448,7.2122297
3023449,40.954845
3023450,13.801991
3023451,185.05862
3023452,278.28418
3023453,11.3336935
3023454,8.023217
3023455,178.46883
3023456,55.77385
3023457,2183.079
3023458,0.066069536
3023459,7.589757
3023460,4.214782
3023461,0.041075792
3023462,3.9328337
3023463,2636.944
3023464,0.0121327
3023465,591.082
3023466,6.6575437
3023467,789.31604
3023468,833.1281
3023469,163.87575
3023470,125.466354
3023471,102.05162
3023472,2935.1506
3023473,27.413313
3023474,1.1629233
3023475,19.105785
3023476,16.666405
3023477,0.17342165
3023478,232.72282
3023479,13.410039
3023480,31.240955
3023481,3.882463
3023482,54.44134
3023483,11.271153
3023484,208.04636
3023485,232.6163
3023486,8.503935
3023487,9.376262
3023488,231.91711
3023489,59.306168
3023490,2425.721
3023491,0.12581365
3023492,16.992548
3023493,4.4475675
3023494,0.024244456
3023495,4.069536
3023496,4347.0693
3023497,0.00011480513
3023498,625.18134
3023499,7.702036
3023500,1185.7772
3023501,685.45776
3023502,299.9366
3023503,264.62427
3023504,46.45904
3023505,4651.158
3023506,10.391256
3023507,0.13065557
3023508,11.787195
3023509,14.821057
3023510,0.029758053
3023511,242.96587
3023512,0.0035510974
3023513,4.220205
3023514,1.9409194
3023515,37.621426
3023516,3.441462
3023517,215.60297
3023518,243.71246
3023519,2.3548946
3023520,3.3259883
3023521,161.18822
3023522,124.50157
3023523,1108.6001
3023524,2.4491332
3023525,0.19023907
3023526,13.6571245
3023527,0.010445893
3023528,14.0107155
3023529,8777.651
3023530,0.037726544
3023531,1470.6716
3023532,19.609047
3023533,2079.6116
3023534,2351.404
3023535,484.51965
3023536,581.857
3023537,405.4018
3023538,9146.962
3023539,77.60147
3023540,4.96035
3023541,90.91546
3023542,115.5416
3023543,0.09138321
3023544,620.7387
3023545,25.37329
3023546,25.125723
3023547,17.993671
3023548,213.53033
3023549,23.299393
3023550,741.0616
3023551,518.49255
3023552,33.46538
3023553,33.06271
3023554,1073.5438
3023555,328.18265
3023556,9166.105
3023557,437.42886
3023558,92.05891
3023559,12.595834
3023560,0.009001412
3023561,10.621691
3023562,8365.9795
3023563,0.010138661
3023564,1255.7794
3023565,19.709572
3023566,2230.1636
3023567,2012.114
3023568,581.5747
3023569,372.12558
3023570,306.02985
3023571,9786.468
3023572,81.94744
3023573,0.68814135
3023574,46.27484
3023575,62.17194
3023576,1.208581
3023577,645.37714
3023578,18.993149
3023579,32.041706
3023580,5.0473804
3023581,137.90579
3023582,20.348745
3023583,1048.8883
3023584,702.95404
3023585,24.14296
3023586,29.188929
3023587,1177.1864
3023588,231.2787
3023589,6190.5444
3023590,355.4381
3023591,78.2221
3023592,10.668153
3023593,0.01191699
3023594,13.57991
3023595,5607.027
3023596,0.0144710485
3023597,863.59845
3023598,12.002218
3023599,1917.6786
3023600,1403.0352
3023601,715.549
3023602,147.27423
3023603,197.48741
3023604,8606.798
3023605,42.26268
3023606,2.345748
3023607,23.076023
3023608,24.13913
3023609,0.18322083
3023610,683.34515
3023611,23.466042
3023612,21.143852
3023613,7.080247
3023614,77.72247
3023615,7.55233
3023616,836.20276
3023617,725.1926
3023618,22.544868
3023619,27.012054
3023620,684.06213
3023621,139.0114
3023622,2616.5679
3023623,295.4765
3023624,41.326065
3023625,12.202078
3023626,0.008583457
3023627,17.8214
3023628,7541.827
3023629,0.003537699
3023630,1184.2434
3023631,16.247517
3023632,2056.9194
3023633,1999.1509
3023634,602.3499
3023635,384.36475
3023636,264.84982
3023637,8969.631
3023638,70.41681
3023639,1.5562477
3023640,43.75048
3023641,62.622032
3023642,0.015230679
3023643,630.6869
3023644,22.310081
3023645,26.995369
3023646,4.7023764
3023647,127.72562
3023648,19.154762
3023649,771.84595
3023650,738.80396
3023651,22.365734
3023652,24.00933
3023653,1017.1486
3023654,205.66566
3023655,5269.8467
3023656,404.06842
3023657,67.60961
3023658,9.572672
3023659,0.014879405
3023660,14.807891
3023661,4315.2363
3023662,0.007035571
3023663,687.00385
3023664,11.468414
3023665,1873.413
3023666,1134.5323
3023667,612.6215
3023668,103.98937
3023669,144.15128
3023670,7755.766
3023671,35.67864
3023672,0.3313879
3023673,25.408255
3023674,25.051283
3023675,0.020063294
3023676,598.6929
3023677,19.862745
3023678,13.002929
3023679,3.172645
3023680,71.33245
3023681,5.635201
3023682,697.6597
3023683,692.0819
3023684,16.470911
3023685,23.219194
3023686,621.0566
3023687,89.75672
3023688,1926.4376
3023689,314.82764
3023690,25.983702
3023691,10.839922
3023692,0.14391273
3023693,11.201021
3023694,7693.4062
3023695,0.010344897
3023696,1345.1086
3023697,21.275454
3023698,1922.9354
3023699,2321.6619
3023700,411.59546
3023701,521.46765
3023702,389.81192
3023703,8073.896
3023704,69.270744
3023705,1.5172584
3023706,36.033295
3023707,42.37838
3023708,0.28581968
3023709,565.6148
3023710,16.75123
3023711,31.520252
3023712,10.197768
3023713,161.12296
3023714,20.663334
3023715,766.16003
3023716,513.26843
3023717,22.725403
3023718,27.260647
3023719,1009.8749
3023720,252.15799
3023721,8043.566
3023722,297.082
3023723,91.35004
3023724,6.0744863
3023725,0.17286329
3023726,5.3795934
3023727,1967.1932
3023728,0.0413938
3023729,392.7667
3023730,13.670357
3023731,875.6391
3023732,556.2475
3023733,224.63327
3023734,94.73076
3023735,85.56405
3023736,2838.601
3023737,19.213804
3023738,0.5562874
3023739,20.23069
3023740,21.525421
3023741,0.16759509
3023742,226.14587
3023743,10.833671
3023744,7.6160393
3023745,9.632823
3023746,43.23168
3023747,10.063727
3023748,225.98584
3023749,245.71129
3023750,3.3531213
3023751,7.1889277
3023752,201.90182
3023753,64.47069
3023754,1652.6825
3023755,0.05142514
3023756,7.220949
3023757,11.157492
3023758,0.016883893
3023759,10.393877
3023760,3950.6707
3023761,0.010672855
3023762,687.27686
3023763,20.94509
3023764,1565.8059
3023765,1114.1366
3023766,453.81866
3023767,111.98099
3023768,117.07819
3023769,5807.6963
3023770,48.297806
3023771,1.0917368
3023772,33.19135
3023773,33.515396
3023774,0.020161917
3023775,441.38992
3023776,14.153224
3023777,6.0424395
3023778,2.715328
3023779,82.89975
3023780,9.038306
3023781,496.23633
3023782,535.2299
3023783,12.93734
3023784,25.953018
3023785,356.6244
3023786,76.64729
3023787,2053.3801
3023788,300.22375
3023789,19.658833
3023790,5.725121
3023791,0.01555992
3023792,4.6232934
3023793,4413.6675
3023794,0.035842042
3023795,926.4408
3023796,11.0482855
3023797,1309.7518
3023798,1556.7369
3023799,212.61754
3023800,347.9155
3023801,231.65715
3023802,4762.4575
3023803,37.87486
3023804,1.3197715
3023805,24.466917
3023806,33.866077
3023807,0.5094025
3023808,310.67218
3023809,2.0888455
3023810,36.756275
3023811,5.3045707
3023812,96.10355
3023813,13.624256
3023814,550.4165
3023815,299.71713
3023816,20.936903
3023817,10.985538
3023818,718.8696
3023819,107.897575
3023820,5160.7173
3023821,0.9391525
3023822,38.74133
3023823,8.64779
3023824,0.015752915
3023825,7.44806
3023826,4035.1372
3023827,0.031831782
3023828,802.62573
3023829,10.34393
3023830,1652.9144
3023831,1210.5376
3023832,300.8322
3023833,173.57217
3023834,267.395
3023835,5644.4873
3023836,41.561268
3023837,2.4598382
3023838,36.589077
3023839,42.422955
3023840,0.078349836
3023841,376.77744
3023842,6.9348106
3023843,39.258045
3023844,8.393571
3023845,159.07808
3023846,9.783718
3023847,389.24023
3023848,357.68494
3023849,15.60618
3023850,22.971127
3023851,364.123
3023852,140.85973
3023853,5047.565
3023854,6.182049
3023855,5.8702226
3023856,7.6080866
3023857,0.18867469
3023858,3.9087543
3023859,2196.6013
3023860,0.011660685
3023861,482.3036
3023862,6.9532695
3023863,928.0652
3023864,509.20557
3023865,211.76808
3023866,96.481285
3023867,88.602165
3023868,3077.489
3023869,12.3666935
3023870,1.0307326
3023871,20.990215
3023872,22.648024
3023873,0.07585373
3023874,182.35634
3023875,5.1659784
3023876,10.6960745
3023877,2.881287
3023878,61.17123
3023879,4.5353255
3023880,204.5945
3023881,202.96402
3023882,5.7245173
3023883,6.0205503
3023884,160.10464
3023885,59.548466
3023886,2051.0186
3023887,0.1473448
3023888,3.008554
3023889,5.6450067
3023890,0.051516768
3023891,1.4538169
3023892,2394.5046
3023893,0.002503424
3023894,222.44821
3023895,3.0128922
3023896,1129.608
3023897,257.87912
3023898,238.79971
3023899,79.32621
3023900,32.435143
3023901,3244.0176
3023902,5.859418
3023903,0.92262673
3023904,17.368244
3023905,13.128427
3023906,0.042148996
3023907,223.19615
3023908,0.049244992
3023909,0.02810634
3023910,2.6675856
3023911,14.73165
3023912,1.2378132
3023913,50.556717
3023914,174.94774
3023915,0.17045207
3023916,3.1529727
3023917,48.680485
3023918,71.84236
3023919,590.01404
3023920,1.4448957
3023921,0.65032566
3023922,5.545186
3023923,0.013525057
3023924,5.739998
3023925,3790.864
3023926,0.005531773
3023927,621.53253
3023928,7.9772644
3023929,1051.9164
3023930,954.1887
3023931,315.8461
3023932,155.10004
3023933,124.100784
3023934,4643.6353
3023935,30.32468
3023936,1.4792805
3023937,18.533539
3023938,30.398344
3023939,0.030166794
3023940,304.58328
3023941,17.467674
3023942,11.014996
3023943,6.9350796
3023944,49.205956
3023945,9.678167
3023946,395.3395
3023947,289.6232
3023948,11.347911
3023949,11.879224
3023950,517.75934
3023951,78.2484
3023952,2355.7515
3023953,3.4233398
3023954,36.960236
3023955,4.8229375
3023956,0.012726499
3023957,5.037386
3023958,4502.358
3023959,0.011363391
3023960,865.11285
3023961,14.355382
3023962,1112.5627
3023963,1526.7124
3023964,204.49022
3023965,320.64517
3023966,204.94165
3023967,4349.6577
3023968,49.084557
3023969,3.119906
3023970,23.734005
3023971,35.69847
3023972,0.24567533
3023973,278.8171
3023974,14.432692
3023975,35.430386
3023976,6.218844
3023977,91.78216
3023978,15.203339
3023979,471.5813
3023980,278.98126
3023981,10.433834
3023982,14.358795
3023983,703.54913
3023984,150.81839
3023985,5251.6313
3023986,3.4783678
3023987,46.554775
3023988,4.0191936
3023989,0.063172504
3023990,8.7740555
3023991,4304.8022
3023992,0.09915168
3023993,819.09033
3023994,15.485853
3023995,1174.2574
3023996,1371.547
3023997,258.58618
3023998,319.4737
3023999,143.70624
3024000,4893.2446
3024001,39.430973
3024002,2.9194007
3024003,30.633139
3024004,41.379177
3024005,0.029248372
3024006,384.34674
3024007,26.13988
3024008,35.23853
3024009,19.162083
3024010,82.05834
3024011,17.57958
3024012,398.02695
3024013,338.7791
3024014,18.380474
3024015,23.948847
3024016,529.07214
3024017,150.21109
3024018,4716.3994
3024019,3.6873689
3024020,35.788692
3024021,9.454976
3024022,0.42319626
3024023,5.654594
3024024,3511.9294
3024025,0.0062160967
3024026,537.418
3024027,10.171654
3024028,1567.8738
3024029,905.0456
3024030,569.5689
3024031,258.34244
3024032,74.22558
3024033,6352.509
3024034,8.78246
3024035,0.69564116
3024036,41.55108
3024037,37.179783
3024038,0.056752235
3024039,471.5705
3024040,11.578007
3024041,3.373969
3024042,4.662106
3024043,25.954266
3024044,3.273789
3024045,362.69498
3024046,412.2929
3024047,6.6312366
3024048,8.108229
3024049,334.6371
3024050,84.7473
3024051,1272.231
3024052,101.85368
3024053,17.48013
3024054,3.7226262
3024055,0.042391337
3024056,2.5936654
3024057,1954.4205
3024058,0.01709672
3024059,337.89014
3024060,10.18802
3024061,556.34796
3024062,605.6739
3024063,124.34835
3024064,120.30736
3024065,86.35558
3024066,2390.5852
3024067,21.88659
3024068,1.0131681
3024069,19.116573
3024070,24.024523
3024071,0.060454804
3024072,156.98573
3024073,12.863095
3024074,15.952305
3024075,5.202353
3024076,74.655235
3024077,7.1970673
3024078,265.99188
3024079,133.59026
3024080,5.1890054
3024081,8.363207
3024082,261.59274
3024083,67.817474
3024084,1894.19
3024085,0.15444578
3024086,20.642504
3024087,1.2182448
3024088,0.1051305
3024089,1.786236
3024090,1256.9725
3024091,0.0
3024092,91.62815
3024093,2.31441
3024094,681.2853
3024095,260.4064
3024096,248.48973
3024097,36.483456
3024098,29.84997
3024099,2381.834
3024100,3.457313
3024101,0.17045407
3024102,6.0958533
3024103,7.89203
3024104,0.042466085
3024105,163.46384
3024106,4.7523627
3024107,0.0
3024108,1.594604
3024109,7.2805405
3024110,0.5623858
3024111,153.84154
3024112,143.37596
3024113,0.7752869
3024114,2.6556387
3024115,112.35452
3024116,23.446678
3024117,274.45978
3024118,6.308573
3024119,0.5666697
3024120,6.526293
3024121,0.3101498
3024122,4.2662106
3024123,4384.2734
3024124,0.001446398
3024125,532.3606
3024126,9.19927
3024127,1802.3962
3024128,547.34143
3024129,457.34738
3024130,116.86567
3024131,67.591324
3024132,6956.657
3024133,22.427626
3024134,0.32279196
3024135,17.32224
3024136,15.069567
3024137,0.083996214
3024138,417.72855
3024139,7.145693
3024140,1.4220738
3024141,8.70749
3024142,22.048687
3024143,3.4427123
3024144,589.2981
3024145,330.2444
3024146,1.6816816
3024147,11.712413
3024148,371.70236
3024149,69.08095
3024150,2043.2642
3024151,24.722698
3024152,7.911977
3024153,4.3369865
3024154,0.059163872
3024155,1.665205
3024156,1679.5494
3024157,0.0
3024158,165.81894
3024159,7.3417187
3024160,668.9532
3024161,394.76578
3024162,221.16185
3024163,57.93151
3024164,34.56705
3024165,2762.0342
3024166,7.6227465
3024167,0.23358394
3024168,10.919485
3024169,13.862274
3024170,0.061162405
3024171,175.965
3024172,5.3674064
3024173,0.0
3024174,4.0650096
3024175,25.469778
3024176,1.2317991
3024177,155.2214
3024178,151.33733
3024179,1.5768867
3024180,5.651302
3024181,148.47052
3024182,45.604637
3024183,386.72586
3024184,11.269773
3024185,5.086135
3024186,4.0873756
3024187,0.036524937
3024188,2.87232
3024189,1374.5452
3024190,0.00039597243
3024191,115.951996
3024192,4.5993147
3024193,673.23157
3024194,233.90985
3024195,156.29028
3024196,42.801743
3024197,26.771177
3024198,2475.574
3024199,8.247223
3024200,0.14579193
3024201,8.812862
3024202,8.10837
3024203,0.041669622
3024204,136.00014
3024205,2.0250351
3024206,0.0051706736
3024207,1.2831662
3024208,26.066833
3024209,0.78743434
3024210,124.26243
3024211,154.40637
3024212,0.49883363
3024213,4.5197334
3024214,94.34335
3024215,32.93835
3024216,238.73866
3024217,12.271194
3024218,2.5923882
3024219,1.8888812
3024220,0.04093531
3024221,1.6011403
3024222,1333.7672
3024223,0.0
3024224,172.87566
3024225,5.2441874
3024226,893.6252
3024227,449.03073
3024228,244.61005
3024229,31.88258
3024230,36.438515
3024231,2858.5562
3024232,3.9691014
3024233,0.48294958
3024234,8.136605
3024235,18.593485
3024236,0.047665108
3024237,215.68066
3024238,0.9709306
3024239,0.025256429
3024240,1.9596114
3024241,15.164587
3024242,2.3741336
3024243,238.17825
3024244,264.23392
3024245,0.66127074
3024246,4.3608956
3024247,60.115547
3024248,85.7136
3024249,482.93268
3024250,11.395086
3024251,5.589901
3024252,4.255042
3024253,1.0598717
3024254,3.1140985
3024255,1622.7139
3024256,0.0
3024257,149.32623
3024258,3.193822
3024259,808.0941
3024260,364.07806
3024261,242.18352
3024262,78.2924
3024263,49.768105
3024264,2648.3728
3024265,8.7179985
3024266,1.2818851
3024267,10.033979
3024268,14.790255
3024269,0.047086526
3024270,209.69376
3024271,8.581652
3024272,0.0
3024273,4.7557616
3024274,14.970422
3024275,2.1006606
3024276,134.77063
3024277,170.17328
3024278,0.68847513
3024279,4.2753425
3024280,114.576675
3024281,39.28954
3024282,1036.3975
3024283,15.107319
3024284,4.5947757
3024285,4.6631527
3024286,0.0707488
3024287,2.0707324
3024288,1161.0306
3024289,0.0
3024290,136.04562
3024291,3.5760403
3024292,665.9583
3024293,217.5276
3024294,171.83066
3024295,98.83678
3024296,23.462269
3024297,1891.183
3024298,4.6360264
3024299,0.11352592
3024300,9.737877
3024301,8.7000885
3024302,0.058184024
3024303,139.54572
3024304,0.00742358
3024305,0.0
3024306,2.7092488
3024307,17.737663
3024308,0.7564069
3024309,50.668797
3024310,121.42177
3024311,0.7469927
3024312,3.3642044
3024313,65.81758
3024314,33.686474
3024315,774.8789
3024316,0.02222674
3024317,0.8208896
3024318,6.8112826
3024319,0.3273652
3024320,3.2250085
3024321,2992.9783
3024322,0.0029800145
3024323,325.05356
3024324,4.2658753
3024325,1065.0485
3024326,701.3802
3024327,423.75305
3024328,209.97787
3024329,95.33319
3024330,4373.4136
3024331,11.674327
3024332,0.54482186
3024333,20.772215
3024334,20.46175
3024335,0.029042693
3024336,281.02975
3024337,0.05183953
3024338,0.0073001315
3024339,3.7159839
3024340,22.77719
3024341,3.5808525
3024342,249.12105
3024343,234.22952
3024344,2.727125
3024345,6.535051
3024346,284.23016
3024347,66.42885
3024348,2033.6464
3024349,37.707386
3024350,14.793749
3024351,2.3737845
3024352,0.21352896
3024353,3.2274313
3024354,2239.3704
3024355,0.0064429487
3024356,585.0351
3024357,4.646219
3024358,622.849
3024359,557.1272
3024360,213.7639
3024361,176.60985
3024362,47.811253
3024363,2856.1765
3024364,11.294772
3024365,0.43015435
3024366,22.308987
3024367,15.947002
3024368,0.040726494
3024369,190.1839
3024370,5.5166316
3024371,2.325918
3024372,3.8879466
3024373,34.94002
3024374,2.1223772
3024375,104.01631
3024376,156.07713
3024377,3.6544056
3024378,5.552145
3024379,176.34445
3024380,55.07005
3024381,2738.6294
3024382,61.09485
3024383,11.918024
3024384,6.5122967
3024385,0.22848938
3024386,3.50347
3024387,2238.343
3024388,0.00086851866
3024389,147.24567
3024390,6.4479394
3024391,798.0877
3024392,317.11078
3024393,273.9708
3024394,54.419193
3024395,37.760098
3024396,2919.194
3024397,13.379007
3024398,0.7783017
3024399,10.581277
3024400,10.740906
3024401,0.053504825
3024402,162.04396
3024403,4.9106345
3024404,0.022766167
3024405,4.5220103
3024406,17.642002
3024407,2.369422
3024408,133.99106
3024409,160.14368
3024410,1.5650697
3024411,5.252078
3024412,82.795715
3024413,32.808784
3024414,552.5615
3024415,11.892379
3024416,3.8736992
3024417,4.24106
3024418,0.010739724
3024419,7.7827225
3024420,2614.302
3024421,0.0038794233
3024422,530.0887
3024423,7.747715
3024424,775.5807
3024425,732.5646
3024426,200.77933
3024427,119.63522
3024428,90.95623
3024429,3592.826
3024430,39.194576
3024431,0.95409
3024432,14.321888
3024433,20.787035
3024434,0.045836423
3024435,233.76204
3024436,18.052637
3024437,8.607419
3024438,5.1482234
3024439,58.308647
3024440,10.985961
3024441,367.67657
3024442,220.23706
3024443,8.185438
3024444,8.729921
3024445,369.42673
3024446,93.58614
3024447,2010.5404
3024448,0.19087291
3024449,29.037369
3024450,6.2827563
3024451,0.3064124
3024452,4.0899825
3024453,2685.663
3024454,0.00017197418
3024455,357.84744
3024456,5.8785887
3024457,1053.0295
3024458,652.7008
3024459,438.01547
3024460,72.340546
3024461,54.767544
3024462,4359.4565
3024463,11.765458
3024464,0.23116109
3024465,15.723415
3024466,11.505501
3024467,0.025836648
3024468,281.99213
3024469,1.3960536
3024470,4.7922463
3024471,2.8257897
3024472,28.306686
3024473,1.414716
3024474,253.90932
3024475,257.0952
3024476,3.4848776
3024477,5.475764
3024478,242.81538
3024479,52.76922
3024480,1398.3271
3024481,46.63556
3024482,11.230201
3024483,8.466668
3024484,0.5478445
3024485,3.573357
3024486,2462.7073
3024487,0.0015151046
3024488,477.0703
3024489,7.53619
3024490,1037.9103
3024491,555.0992
3024492,285.80676
3024493,208.15085
3024494,69.43674
3024495,3702.3296
3024496,17.149237
3024497,0.58065283
3024498,27.576225
3024499,19.145788
3024500,0.026728034
3024501,252.42732
3024502,0.71911085
3024503,3.5601234
3024504,6.829824
3024505,52.82297
3024506,1.2233243
3024507,104.19232
3024508,237.96964
3024509,2.2513428
3024510,4.6689787
3024511,138.08566
3024512,114.21681
3024513,1785.8469
3024514,0.27004313
3024515,3.8812857
3024516,3.2162313
3024517,0.06608421
3024518,3.1254773
3024519,1280.9413
3024520,0.0
3024521,132.94069
3024522,6.095133
3024523,572.28076
3024524,305.30716
3024525,153.06264
3024526,49.54002
3024527,41.864704
3024528,2107.0964
3024529,8.167721
3024530,0.7556584
3024531,18.035252
3024532,19.223923
3024533,0.10648049
3024534,165.49916
3024535,0.012688955
3024536,0.0
3024537,4.9624157
3024538,27.09891
3024539,3.1180677
3024540,98.10444
3024541,126.23199
3024542,1.0721989
3024543,5.3344646
3024544,119.61567
3024545,40.696095
3024546,532.85114
3024547,2.5077143
3024548,1.0561488
3024549,2.2931812
3024550,0.017138189
3024551,1.2203898
3024552,1423.0483
3024553,0.11125799
3024554,259.33936
3024555,7.2383213
3024556,514.2871
3024557,452.4103
3024558,136.57556
3024559,44.203506
3024560,54.34931
3024561,1934.0367
3024562,27.031649
3024563,0.3105956
3024564,9.26364
3024565,14.624066
3024566,0.07590009
3024567,131.75381
3024568,9.336994
3024569,1.5916033
3024570,3.1396222
3024571,30.22203
3024572,5.351088
3024573,779.40045
3024574,127.981094
3024575,2.2415793
3024576,2.416861
3024577,315.9398
3024578,32.24872
3024579,1158.8119
3024580,0.122117005
3024581,9.691718
3024582,2.1818106
3024583,0.13972746
3024584,4.532593
3024585,3239.1873
3024586,0.10102792
3024587,710.6308
3024588,14.61673
3024589,1020.6823
3024590,1128.7329
3024591,255.40659
3024592,205.5831
3024593,141.43193
3024594,3695.4949
3024595,21.016382
3024596,0.9853809
3024597,22.159195
3024598,34.610794
3024599,0.105484284
3024600,242.34917
3024601,7.0429325
3024602,30.000198
3024603,8.546875
3024604,64.783615
3024605,11.680303
3024606,337.14246
3024607,241.38864
3024608,13.089682
3024609,11.095035
3024610,456.6769
3024611,87.51554
3024612,3011.535
3024613,0.09133756
3024614,20.238619
3024615,1.6233766
3024616,0.014447346
3024617,1.3497903
3024618,1551.3788
3024619,0.0036100785
3024620,280.51837
3024621,3.9381042
3024622,345.34683
3024623,494.49954
3024624,116.881966
3024625,58.002705
3024626,48.978848
3024627,1515.2155
3024628,10.964912
3024629,0.4572036
3024630,10.858907
3024631,9.403769
3024632,0.05500937
3024633,67.36899
3024634,0.027764209
3024635,19.393848
3024636,2.496298
3024637,68.66866
3024638,5.3091908
3024639,148.87704
3024640,95.68828
3024641,4.398104
3024642,5.7748513
3024643,135.71417
3024644,31.019585
3024645,1198.3531
3024646,1.3125553
3024647,1.6941853
3024648,2.8357522
3024649,0.03158783
3024650,0.5797708
3024651,864.3004
3024652,0.00510573
3024653,190.26926
3024654,4.2691073
3024655,361.97116
3024656,225.14598
3024657,67.29333
3024658,29.567413
3024659,23.748451
3024660,1378.4666
3024661,5.734557
3024662,0.4257292
3024663,8.966331
3024664,6.7061515
3024665,0.09440718
3024666,67.92953
3024667,0.10341441
3024668,4.3787646
3024669,0.6170473
3024670,13.508266
3024671,0.17599116
3024672,200.57776
3024673,89.11342
3024674,1.7510972
3024675,0.9170071
3024676,109.55562
3024677,15.334585
3024678,464.69363
3024679,0.3035516
3024680,2.4409401
3024681,4.755306
3024682,0.15196162
3024683,2.6594248
3024684,2741.7192
3024685,0.0077599613
3024686,586.85095
3024687,11.258842
3024688,773.529
3024689,822.3134
3024690,259.78912
3024691,179.14908
3024692,100.40859
3024693,3372.982
3024694,15.905716
3024695,1.9562273
3024696,17.576532
3024697,16.165237
3024698,0.09929295
3024699,189.47797
3024700,4.9060006
3024701,26.310402
3024702,5.9364524
3024703,63.65451
3024704,3.6851754
3024705,246.77919
3024706,193.51657
3024707,9.075066
3024708,7.334029
3024709,344.14664
3024710,63.69651
3024711,2217.9326
3024712,0.25394687
3024713,13.2814
3024714,6.508431
3024715,0.087117575
3024716,2.3791142
3024717,3159.3328
3024718,0.0
3024719,600.5814
3024720,10.587041
3024721,1103.6768
3024722,829.86273
3024723,364.96732
3024724,239.55351
3024725,66.291214
3024726,4351.7656
3024727,12.642328
3024728,0.30388427
3024729,30.027756
3024730,15.247713
3024731,1.0205486
3024732,252.29903
3024733,0.0
3024734,6.649212
3024735,4.8564177
3024736,32.59221
3024737,1.3405411
3024738,208.18176
3024739,341.96106
3024740,4.9449053
3024741,6.964562
3024742,225.60582
3024743,78.39761
3024744,2847.7717
3024745,1.6148007
3024746,5.138809
3024747,5.3033786
3024748,0.3675054
3024749,2.8048253
3024750,2709.9775
3024751,0.0
3024752,629.7695
3024753,8.910408
3024754,860.5842
3024755,706.3323
3024756,279.8378
3024757,210.83775
3024758,61.57927
3024759,3730.4463
3024760,13.544441
3024761,0.47199777
3024762,22.55027
3024763,15.694574
3024764,0.08660255
3024765,214.26176
3024766,0.0021959776
3024767,13.058304
3024768,3.6420631
3024769,48.084263
3024770,1.8459637
3024771,120.53246
3024772,211.47205
3024773,5.9863153
3024774,6.094401
3024775,185.11223
3024776,64.41745
3024777,2447.2954
3024778,1.6912823
3024779,6.066885
3024780,7.7003164
3024781,0.61168194
3024782,13.537595
3024783,6839.258
3024784,0.0017831111
3024785,993.26263
3024786,24.29359
3024787,1696.0237
3024788,1810.0745
3024789,348.68335
3024790,416.182
3024791,258.87698
3024792,7349.3203
3024793,73.73066
3024794,3.051806
3024795,42.524906
3024796,48.373806
3024797,0.12139263
3024798,451.65637
3024799,28.942871
3024800,47.494385
3024801,23.649609
3024802,127.57434
3024803,27.138344
3024804,599.3893
3024805,406.77536
3024806,19.024302
3024807,23.615376
3024808,883.6622
3024809,246.3023
3024810,5915.493
3024811,1.7142587
3024812,73.71591
3024813,2.901349
3024814,0.059246957
3024815,0.83408475
3024816,1260.3855
3024817,0.0
3024818,152.49596
3024819,2.8672967
3024820,450.2444
3024821,249.78554
3024822,118.70237
3024823,125.232834
3024824,37.526863
3024825,1759.7473
3024826,6.89455
3024827,0.36266464
3024828,13.427867
3024829,8.417174
3024830,0.04120524
3024831,108.07011
3024832,0.5535766
3024833,0.0
3024834,2.7612636
3024835,27.772753
3024836,0.570091
3024837,67.703766
3024838,94.677185
3024839,2.3180401
3024840,3.0663538
3024841,102.08593
3024842,20.19597
3024843,1042.1555
3024844,0.011415114
3024845,3.7136478
3024846,6.5201726
3024847,0.24320386
3024848,1.9609432
3024849,2636.099
3024850,0.0065262765
3024851,486.93338
3024852,8.841217
3024853,1074.9281
3024854,700.17017
3024855,222.80821
3024856,230.86882
3024857,72.47874
3024858,4041.0923
3024859,15.147522
3024860,0.41343498
3024861,17.876923
3024862,15.904425
3024863,0.052149728
3024864,242.26772
3024865,1.0430555
3024866,9.581466
3024867,8.791355
3024868,13.526026
3024869,1.4323354
3024870,288.1872
3024871,215.94946
3024872,3.1812577
3024873,4.7978015
3024874,122.34382
3024875,56.8608
3024876,2178.83
3024877,1.144618
3024878,2.6039925
3024879,1.254863
3024880,0.023946578
3024881,0.4356438
3024882,926.67786
3024883,0.0
3024884,100.45154
3024885,2.6662145
3024886,392.8324
3024887,181.1185
3024888,102.62212
3024889,140.0097
3024890,18.556772
3024891,1765.8516
3024892,1.7705708
3024893,0.12324225
3024894,5.7214537
3024895,3.7544785
3024896,0.038706206
3024897,79.048004
3024898,0.03150661
3024899,0.0
3024900,0.5864011
3024901,6.989267
3024902,0.12736994
3024903,59.987164
3024904,79.5751
3024905,0.16624773
3024906,0.90172493
3024907,50.167416
3024908,10.460619
3024909,353.14795
3024910,0.0
3024911,1.5952101
3024912,7.4875574
3024913,0.15372908
3024914,1.6525729
3024915,1733.1041
3024916,0.0001290524
3024917,240.82112
3024918,6.2827406
3024919,907.9189
3024920,445.9333
3024921,192.18938
3024922,137.58994
3024923,49.6024
3024924,2764.549
3024925,3.6545072
3024926,0.38370577
3024927,21.705193
3024928,16.376173
3024929,0.042660214
3024930,182.48509
3024931,0.009562505
3024932,0.011894673
3024933,10.98003
3024934,23.638487
3024935,2.3471406
3024936,256.5776
3024937,185.23668
3024938,1.1715367
3024939,3.6858277
3024940,187.72908
3024941,34.036037
3024942,1825.3289
3024943,0.04269508
3024944,1.0217171
3024945,2.6532109
3024946,0.29680374
3024947,1.7069564
3024948,2305.8032
3024949,0.008308884
3024950,578.28546
3024951,14.073199
3024952,730.4514
3024953,562.7189
3024954,225.12334
3024955,126.19705
3024956,64.56391
3024957,3369.618
3024958,6.7011704
3024959,2.0895002
3024960,25.300577
3024961,35.87607
3024962,0.24306305
3024963,183.80959
3024964,0.89165604
3024965,5.27193
3024966,4.855983
3024967,29.435678
3024968,1.5429802
3024969,157.76752
3024970,252.16136
3024971,2.678163
3024972,5.0351954
3024973,112.29205
3024974,31.986961
3024975,1184.1168
3024976,3.5783076
3024977,4.047186
3024978,3.9159336
3024979,0.06536635
3024980,0.45215112
3024981,1222.9534
3024982,0.0
3024983,88.37839
3024984,1.744313
3024985,467.76907
3024986,155.39015
3024987,88.60071
3024988,119.5346
3024989,28.10128
3024990,1670.2778
3024991,2.6571312
3024992,0.15882185
3024993,7.7283964
3024994,6.806466
3024995,0.082212314
3024996,83.7151
3024997,0.033355016
3024998,0.01513205
3024999,0.13785422
3025000,14.805464
3025001,0.6965023
3025002,169.06406
3025003,74.44784
3025004,1.6132865
3025005,1.1591556
3025006,49.055504
3025007,18.344807
3025008,763.2114
3025009,0.63951147
3025010,0.121750355
3025011,4.124812
3025012,0.06999274
3025013,1.196001
3025014,2852.5737
3025015,0.003220368
3025016,550.66113
3025017,8.199394
3025018,901.9334
3025019,649.69727
3025020,231.85027
3025021,159.8656
3025022,57.381413
3025023,4112.5493
3025024,7.7721148
3025025,0.16186605
3025026,18.421299
3025027,11.077204
3025028,0.05588242
3025029,207.35014
3025030,0.023102244
3025031,24.878721
3025032,4.9455013
3025033,34.81271
3025034,1.2489572
3025035,232.03642
3025036,200.3021
3025037,3.2964478
3025038,4.4405684
3025039,124.476204
3025040,48.785637
3025041,2422.742
3025042,0.44860983
3025043,1.4085305
3025044,2.5067706
3025045,0.024226874
3025046,4.8910046
3025047,2149.1772
3025048,0.00073024456
3025049,470.73386
3025050,7.6457243
3025051,864.32275
3025052,817.8368
3025053,141.48709
3025054,96.93022
3025055,109.014595
3025056,2964.7478
3025057,38.012627
3025058,1.354533
3025059,20.061544
3025060,21.239317
3025061,0.0767855
3025062,225.21674
3025063,16.434381
3025064,24.480152
3025065,2.638935
3025066,78.09467
3025067,11.373249
3025068,184.79478
3025069,206.46306
3025070,9.387918
3025071,13.386713
3025072,199.37526
3025073,77.55946
3025074,2217.4036
3025075,0.30883557
3025076,11.21725
3025077,5.4589057
3025078,0.028627595
3025079,5.9277005
3025080,1921.5507
3025081,0.0009571123
3025082,389.3463
3025083,9.855193
3025084,822.6173
3025085,684.84393
3025086,130.35417
3025087,69.12333
3025088,87.90894
3025089,2929.5752
3025090,25.696884
3025091,0.60317683
3025092,21.408772
3025093,30.780594
3025094,0.0606428
3025095,242.48172
3025096,14.866259
3025097,10.001981
3025098,7.24969
3025099,56.921253
3025100,11.605623
3025101,127.06221
3025102,264.46497
3025103,7.192749
3025104,8.315907
3025105,99.86547
3025106,68.08991
3025107,1659.4304
3025108,2.280993
3025109,11.516063
3025110,9.262977
3025111,0.1400577
3025112,3.0657358
3025113,3184.5752
3025114,0.0031852084
3025115,690.1051
3025116,6.531152
3025117,1189.0833
3025118,612.2453
3025119,198.18884
3025120,287.53265
3025121,60.324738
3025122,4633.454
3025123,32.942017
3025124,1.2563498
3025125,19.257969
3025126,19.293728
3025127,0.12958051
3025128,287.90933
3025129,3.943797
3025130,16.838139
3025131,5.8480816
3025132,42.711346
3025133,4.0716968
3025134,133.12015
3025135,256.3397
3025136,6.0143824
3025137,9.766547
3025138,188.93976
3025139,60.329884
3025140,2859.6172
3025141,11.330542
3025142,17.04702
3025143,2.8447883
3025144,0.014637951
3025145,3.2885027
3025146,2260.2
3025147,0.006991214
3025148,366.9677
3025149,5.094235
3025150,724.24994
3025151,680.7337
3025152,183.21008
3025153,118.63869
3025154,83.56548
3025155,3000.245
3025156,19.353443
3025157,1.3097916
3025158,10.979013
3025159,10.195544
3025160,0.043361228
3025161,200.9422
3025162,14.436033
3025163,16.11319
3025164,2.4166436
3025165,49.434322
3025166,6.832843
3025167,289.38135
3025168,189.11682
3025169,6.4437447
3025170,8.064669
3025171,319.95358
3025172,54.856434
3025173,1817.7612
3025174,0.09238295
3025175,21.757095
3025176,2.1665947
3025177,0.2748321
3025178,2.2078602
3025179,3532.2297
3025180,0.00032299012
3025181,424.8181
3025182,8.095043
3025183,1440.6456
3025184,627.83905
3025185,282.3324
3025186,165.94945
3025187,61.717075
3025188,5166.953
3025189,11.063505
3025190,0.45174196
3025191,20.019472
3025192,20.332373
3025193,0.06437606
3025194,302.842
3025195,0.008159967
3025196,0.0317776
3025197,5.6720104
3025198,23.785805
3025199,3.8111124
3025200,128.65088
3025201,279.34116
3025202,2.8503537
3025203,9.376888
3025204,157.47511
3025205,51.015755
3025206,2052.91
3025207,0.036183156
3025208,4.9977183
3025209,5.7102046
3025210,0.082422264
3025211,4.479466
3025212,2098.325
3025213,0.004048653
3025214,420.1346
3025215,9.1408
3025216,926.8663
3025217,620.99493
3025218,216.28635
3025219,103.98517
3025220,176.97202
3025221,3097.2607
3025222,33.13287
3025223,0.63069963
3025224,18.932152
3025225,22.623888
3025226,0.04390876
3025227,223.80934
3025228,12.22704
3025229,18.004951
3025230,7.1319513
3025231,53.591576
3025232,13.373242
3025233,172.67398
3025234,243.2373
3025235,9.862872
3025236,6.894256
3025237,166.25781
3025238,49.34489
3025239,1768.8348
3025240,0.11139459
3025241,7.0394726
3025242,3.1839337
3025243,0.020278065
3025244,3.695695
3025245,2168.4563
3025246,0.007043554
3025247,485.1725
3025248,6.6147814
3025249,751.53424
3025250,737.9592
3025251,155.18015
3025252,106.26122
3025253,95.14889
3025254,2671.1465
3025255,25.025915
3025256,0.9256619
3025257,18.271172
3025258,14.339275
3025259,0.14145093
3025260,199.27972
3025261,11.694541
3025262,26.067251
3025263,4.1024027
3025264,57.231804
3025265,10.7543335
3025266,186.31558
3025267,202.60759
3025268,6.9462285
3025269,8.284376
3025270,207.5034
3025271,54.64469
3025272,2018.4442
3025273,0.1536397
3025274,14.683407
3025275,4.706891
3025276,0.024938585
3025277,4.4321766
3025278,3920.73
3025279,0.0
3025280,593.1862
3025281,8.316378
3025282,1274.9319
3025283,683.40326
3025284,300.6817
3025285,173.44437
3025286,49.874027
3025287,4475.4673
3025288,10.83938
3025289,0.103553586
3025290,12.271052
3025291,14.1602125
3025292,0.04190564
3025293,233.45015
3025294,0.0005049192
3025295,7.566642
3025296,1.3003755
3025297,39.09484
3025298,5.8551474
3025299,222.0705
3025300,268.69687
3025301,2.1319714
3025302,2.262359
3025303,216.16847
3025304,119.20251
3025305,1950.5492
3025306,2.389361
3025307,0.20031509
3025308,11.109421
3025309,0.012045169
3025310,12.708554
3025311,7509.8843
3025312,0.016216543
3025313,1213.6705
3025314,22.668549
3025315,1874.0369
3025316,2014.1636
3025317,436.94287
3025318,446.6828
3025319,367.277
3025320,8122.3945
3025321,77.56677
3025322,4.8877983
3025323,104.698845
3025324,101.26907
3025325,0.9094399
3025326,510.90604
3025327,20.325497
3025328,22.424854
3025329,19.628489
3025330,243.33167
3025331,23.073912
3025332,624.3751
3025333,455.00607
3025334,26.890242
3025335,32.37241
3025336,891.4973
3025337,292.99878
3025338,7043.514
3025339,440.9809
3025340,73.65665
3025341,11.491736
3025342,0.0056943884
3025343,9.919567
3025344,7153.48
3025345,0.0055162497
3025346,1067.5625
3025347,21.051628
3025348,2127.636
3025349,1821.223
3025350,552.3277
3025351,289.31876
3025352,286.0744
3025353,9466.919
3025354,89.284294
3025355,1.1350777
3025356,52.229168
3025357,51.30134
3025358,0.817821
3025359,547.2431
3025360,18.148685
3025361,29.60923
3025362,4.5731983
3025363,138.36317
3025364,22.79797
3025365,910.5926
3025366,593.88306
3025367,19.23947
3025368,23.482286
3025369,988.67255
3025370,249.63275
3025371,4913.7407
3025372,366.88455
3025373,68.104576
3025374,8.701164
3025375,0.010038959
3025376,12.5624
3025377,4718.9375
3025378,0.0045500486
3025379,684.00793
3025380,12.00765
3025381,1821.6766
3025382,1159.9761
3025383,640.3433
3025384,115.768555
3025385,178.28253
3025386,7766.633
3025387,42.275253
3025388,2.220305
3025389,22.987793
3025390,21.025251
3025391,0.6512568
3025392,587.2912
3025393,20.51819
3025394,18.795286
3025395,6.8523526
3025396,89.56832
3025397,5.0482755
3025398,756.82764
3025399,620.74164
3025400,19.106695
3025401,24.601257
3025402,602.4644
3025403,130.99724
3025404,2224.0652
3025405,304.9752
3025406,35.148056
3025407,11.9739895
3025408,0.009555644
3025409,17.981834
3025410,6634.226
3025411,0.0016743834
3025412,1005.5239
3025413,16.542122
3025414,1958.6302
3025415,1693.6786
3025416,523.6481
3025417,288.82028
3025418,254.99731
3025419,8755.035
3025420,67.34239
3025421,1.2988322
3025422,40.47371
3025423,43.21125
3025424,0.05305695
3025425,537.0105
3025426,20.8884
3025427,27.02758
3025428,3.9224777
3025429,119.58392
3025430,18.664948
3025431,669.5534
3025432,634.36633
3025433,17.097424
3025434,25.290676
3025435,883.1527
3025436,193.26778
3025437,4257.439
3025438,427.5959
3025439,62.186127
3025440,7.8833847
3025441,0.0070264474
3025442,16.448349
3025443,3746.6624
3025444,0.0
3025445,567.14233
3025446,11.017889
3025447,1785.4005
3025448,928.57837
3025449,536.91864
3025450,86.71036
3025451,137.48741
3025452,6821.1987
3025453,39.645966
3025454,0.3227001
3025455,24.873768
3025456,22.8929
3025457,0.04114343
3025458,505.4862
3025459,17.590816
3025460,12.126068
3025461,1.9212451
3025462,70.3035
3025463,4.660417
3025464,679.5398
3025465,609.37177
3025466,13.292787
3025467,22.989235
3025468,569.7501
3025469,83.69151
3025470,1720.5137
3025471,329.96524
3025472,23.440903
3025473,9.331066
3025474,0.12941134
3025475,8.913977
3025476,6715.4434
3025477,0.004496042
3025478,1141.5027
3025479,21.207266
3025480,1744.1749
3025481,1997.2786
3025482,362.08505
3025483,413.06104
3025484,317.75336
3025485,7564.6357
3025486,66.55951
3025487,1.4784489
3025488,35.557766
3025489,36.04958
3025490,0.034351084
3025491,470.61105
3025492,12.633786
3025493,29.111135
3025494,8.777035
3025495,157.13196
3025496,21.738173
3025497,659.1871
3025498,395.6719
3025499,17.806952
3025500,25.444363
3025501,861.80695
3025502,209.3671
3025503,6330.7393
3025504,284.50015
3025505,70.94252
3025506,5.4461102
3025507,0.13036445
3025508,4.577691
3025509,1755.4203
3025510,0.028169151
3025511,322.39465
3025512,16.022955
3025513,798.19824
3025514,488.48398
3025515,202.55846
3025516,73.37545
3025517,80.92269
3025518,2470.023
3025519,19.712313
3025520,0.48932892
3025521,19.99831
3025522,23.770334
3025523,0.08859726
3025524,202.37141
3025525,10.380702
3025526,8.83408
3025527,9.718765
3025528,49.25587
3025529,8.914355
3025530,208.23064
3025531,216.64886
3025532,3.1251702
3025533,6.277084
3025534,197.7873
3025535,57.68609
3025536,1451.8569
3025537,0.21714912
3025538,7.32973
3025539,9.708318
3025540,0.015597814
3025541,10.682152
3025542,3416.7993
3025543,0.009088621
3025544,528.77045
3025545,21.27643
3025546,1455.4833
3025547,950.1082
3025548,421.63858
3025549,83.53424
3025550,117.68728
3025551,5439.174
3025552,58.501945
3025553,1.4218464
3025554,35.068707
3025555,32.431915
3025556,0.031988133
3025557,381.43326
3025558,12.284249
3025559,5.5127583
3025560,4.0087585
3025561,97.35674
3025562,8.65317
3025563,489.8616
3025564,449.464
3025565,11.333637
3025566,27.0674
3025567,341.90384
3025568,71.32632
3025569,1835.585
3025570,310.60175
3025571,16.606035
3025572,4.8770194
3025573,0.014647748
3025574,3.8190308
3025575,3803.0847
3025576,0.042915545
3025577,757.111
3025578,10.00989
3025579,1081.0135
3025580,1290.9525
3025581,209.53548
3025582,284.85706
3025583,234.39223
3025584,4054.835
3025585,35.29597
3025586,1.4192901
3025587,25.68275
3025588,32.629734
3025589,0.105686456
3025590,246.02252
3025591,2.2353368
3025592,33.184387
3025593,3.854219
3025594,106.31382
3025595,9.43651
3025596,504.9074
3025597,230.76955
3025598,16.775404
3025599,8.98393
3025600,669.68134
3025601,98.21215
3025602,4295.22
3025603,1.1660106
3025604,31.674
3025605,8.151901
3025606,0.012859307
3025607,6.906345
3025608,3193.3975
3025609,0.008206238
3025610,698.44507
3025611,10.967803
3025612,1295.9052
3025613,1069.4689
3025614,273.4183
3025615,141.16852
3025616,247.22028
3025617,4814.1006
3025618,37.158768
3025619,1.9858258
3025620,37.499958
3025621,38.242382
3025622,0.06387874
3025623,288.82718
3025624,6.712386
3025625,42.293015
3025626,8.013666
3025627,159.97902
3025628,9.258625
3025629,407.72183
3025630,284.54288
3025631,11.738888
3025632,20.863735
3025633,362.98126
3025634,117.59133
3025635,4148.958
3025636,5.8956413
3025637,4.797555
3025638,7.6449785
3025639,0.120165445
3025640,3.8976636
3025641,1811.4758
3025642,0.015981313
3025643,418.03455
3025644,6.5080585
3025645,832.7997
3025646,454.04428
3025647,206.06793
3025648,83.60078
3025649,91.42616
3025650,2797.4954
3025651,11.65581
3025652,0.7808676
3025653,21.43784
3025654,22.16797
3025655,0.08126354
3025656,152.01028
3025657,2.0924582
3025658,13.341268
3025659,3.6386514
3025660,55.06668
3025661,3.6987724
3025662,215.53564
3025663,169.80914
3025664,4.6376157
3025665,4.429886
3025666,146.0749
3025667,54.1135
3025668,1669.873
3025669,0.2577475
3025670,2.438378
3025671,5.3199754
3025672,0.045620386
3025673,1.7121954
3025674,2002.0276
3025675,0.0
3025676,207.88533
3025677,3.3089638
3025678,897.0119
3025679,223.7131
3025680,221.31996
3025681,54.19176
3025682,32.753582
3025683,2854.1008
3025684,6.5448246
3025685,0.79821205
3025686,16.403513
3025687,11.613716
3025688,0.034094453
3025689,181.05528
3025690,0.037302256
3025691,0.002163363
3025692,3.2501793
3025693,13.313633
3025694,1.00527
3025695,53.675632
3025696,160.40083
3025697,0.1959395
3025698,2.839863
3025699,52.30576
3025700,69.20905
3025701,900.76996
3025702,0.6165489
3025703,1.0247431
3025704,3.9489584
3025705,0.011364898
3025706,5.4238596
3025707,3124.1824
3025708,0.0043007564
3025709,521.3909
3025710,7.2345314
3025711,978.96045
3025712,826.1753
3025713,279.16583
3025714,125.63471
3025715,111.324036
3025716,4226.5327
3025717,29.386787
3025718,1.6282403
3025719,19.204357
3025720,24.735796
3025721,0.04956687
3025722,270.52896
3025723,14.19806
3025724,9.676269
3025725,6.6503463
3025726,49.798107
3025727,10.289197
3025728,376.4551
3025729,252.2256
3025730,9.070622
3025731,11.557032
3025732,442.92493
3025733,78.3222
3025734,1924.0311
3025735,0.13606855
3025736,30.856016
3025737,4.126697
3025738,0.012982956
3025739,4.045628
3025740,3813.2417
3025741,0.006624431
3025742,690.31934
3025743,14.382105
3025744,931.665
3025745,1286.4619
3025746,182.01534
3025747,264.50244
3025748,210.16708
3025749,3754.1538
3025750,44.891125
3025751,2.7185879
3025752,22.456503
3025753,27.299786
3025754,0.05107901
3025755,220.57849
3025756,11.289441
3025757,35.75028
3025758,5.5691977
3025759,115.268845
3025760,14.589175
3025761,417.02753
3025762,218.21288
3025763,8.570077
3025764,12.138815
3025765,570.1024
3025766,124.45263
3025767,4629.098
3025768,1.1336303
3025769,36.09313
3025770,3.328014
3025771,0.050227825
3025772,7.2649
3025773,3769.7825
3025774,0.039255135
3025775,712.18463
3025776,16.723328
3025777,1075.3633
3025778,1232.6976
3025779,232.34755
3025780,251.89279
3025781,141.32806
3025782,4341.599
3025783,37.90386
3025784,2.5474005
3025785,32.002235
3025786,37.267513
3025787,0.03118812
3025788,314.19214
3025789,22.158504
3025790,32.03916
3025791,20.402061
3025792,89.97371
3025793,15.601816
3025794,343.04703
3025795,272.81598
3025796,14.377507
3025797,21.866583
3025798,451.91156
3025799,130.10387
3025800,3872.0032
3025801,0.27930284
3025802,31.033321
3025803,9.302276
3025804,0.39973816
3025805,5.8203907
3025806,3399.9148
3025807,0.0063365344
3025808,463.64316
3025809,10.624301
3025810,1495.8613
3025811,750.59033
3025812,514.12103
3025813,189.67715
3025814,70.12878
3025815,6083.9478
3025816,11.416015
3025817,1.0263906
3025818,37.75134
3025819,30.414818
3025820,0.05788813
3025821,419.96997
3025822,8.188847
3025823,4.7359443
3025824,4.923894
3025825,28.956781
3025826,2.9426577
3025827,340.16556
3025828,375.96875
3025829,6.1191807
3025830,8.066619
3025831,323.0371
3025832,78.35564
3025833,2083.1067
3025834,152.30988
3025835,17.962664
3025836,3.7810512
3025837,0.049094092
3025838,3.0877151
3025839,2289.3735
3025840,0.008715722
3025841,454.6722
3025842,12.059962
3025843,692.6354
3025844,762.87555
3025845,145.06151
3025846,145.0866
3025847,105.54106
3025848,2878.352
3025849,27.506054
3025850,0.93542254
3025851,21.458326
3025852,27.950472
3025853,0.053171568
3025854,187.45876
3025855,14.224121
3025856,16.641045
3025857,5.896187
3025858,81.98305
3025859,6.849341
3025860,309.34222
3025861,157.56944
3025862,6.779123
3025863,10.115836
3025864,313.40976
3025865,88.7134
3025866,3292.5017
3025867,0.24442457
3025868,27.16564
3025869,1.2282712
3025870,0.23182614
3025871,1.3163373
3025872,1108.5631
3025873,0.0
3025874,83.60118
3025875,2.2748015
3025876,664.7439
3025877,251.18953
3025878,241.86877
3025879,34.675716
3025880,23.19003
3025881,2222.2559
3025882,2.7289073
3025883,0.15532884
3025884,5.214918
3025885,5.420167
3025886,0.045430567
3025887,144.30113
3025888,4.2483582
3025889,0.0
3025890,1.6094155
3025891,7.3107224
3025892,0.5065595
3025893,144.51538
3025894,137.5351
3025895,0.6813129
3025896,1.9303248
3025897,106.77668
3025898,22.196783
3025899,190.61194
3025900,4.499561
3025901,0.8508562
3025902,6.2335935
3025903,0.34945485
3025904,4.284591
3025905,3992.7473
3025906,0.0053151334
3025907,522.3548
3025908,10.314917
3025909,1797.8873
3025910,599.2536
3025911,451.08432
3025912,118.36153
3025913,66.23948
3025914,6536.1675
3025915,24.452726
3025916,0.29407415
3025917,17.00564
3025918,14.893313
3025919,0.09748184
3025920,397.95047
3025921,6.90303
3025922,1.9184546
3025923,8.2085495
3025924,29.810654
3025925,2.4556968
3025926,572.9717
3025927,328.48825
3025928,1.854728
3025929,10.981321
3025930,319.47003
3025931,73.80403
3025932,1100.2078
3025933,77.893456
3025934,7.2336283
3025935,4.206581
3025936,0.076386556
3025937,1.3177109
3025938,1535.2433
3025939,0.0
3025940,150.69711
3025941,7.395153
3025942,649.8847
3025943,419.262
3025944,217.32097
3025945,53.767532
3025946,31.51025
3025947,2602.7026
3025948,10.042898
3025949,0.15214752
3025950,11.039398
3025951,12.2511835
3025952,0.053055946
3025953,168.47375
3025954,3.9131184
3025955,0.0
3025956,3.3376703
3025957,32.3937
3025958,0.9848323
3025959,136.98619
3025960,146.89702
3025961,1.4882421
3025962,5.1549172
3025963,130.75476
3025964,50.87406
3025965,289.9707
3025966,7.81682
3025967,4.537918
3025968,3.5062099
3025969,0.04907133
3025970,2.5583658
3025971,1242.8007
3025972,0.0
3025973,104.44825
3025974,4.9226007
3025975,603.1312
3025976,254.26668
3025977,155.61493
3025978,39.68643
3025979,22.695494
3025980,2306.129
3025981,7.555477
3025982,0.12305976
3025983,7.9451256
3025984,7.4448805
3025985,0.035014242
3025986,124.88012
3025987,2.8318093
3025988,0.026098384
3025989,1.5370836
3025990,21.622498
3025991,0.6696017
3025992,107.149506
3025993,142.35655
3025994,0.49721235
3025995,3.5108237
3025996,74.47338
3025997,33.25634
3025998,185.87094
3025999,11.601178
3026000,1.7435286
3026001,1.8487723
3026002,0.046807956
3026003,1.3137906
3026004,1209.9612
3026005,0.0
3026006,158.87135
3026007,5.1498423
3026008,921.5713
3026009,429.71387
3026010,231.05066
3026011,31.806911
3026012,33.30048
3026013,2678.744
3026014,2.9412668
3026015,0.5009085
3026016,7.6431236
3026017,18.040363
3026018,0.05940753
3026019,206.97336
3026020,0.04918789
3026021,0.0
3026022,2.4324071
3026023,14.184605
3026024,1.81305
3026025,159.1749
3026026,255.853
3026027,1.2434604
3026028,3.837771
3026029,54.86248
3026030,84.55265
3026031,335.49347
3026032,7.5455484
3026033,5.2508283
3026034,3.9204764
3026035,1.4055839
3026036,3.612092
3026037,1585.6058
3026038,0.0013209954
3026039,152.76599
3026040,5.6404676
3026041,824.88885
3026042,398.5307
3026043,252.90147
3026044,71.72866
3026045,51.218395
3026046,2704.835
3026047,9.019412
3026048,0.92679965
3026049,10.750251
3026050,14.431032
3026051,0.051329948
3026052,212.71617
3026053,8.581163
3026054,0.0
3026055,4.5039873
3026056,12.181439
3026057,1.1535337
3026058,127.195526
3026059,177.99722
3026060,0.7798556
3026061,4.1901546
3026062,112.38047
3026063,40.065144
3026064,610.80426
3026065,0.05964043
3026066,5.0093474
3026067,3.8913226
3026068,0.06276751
3026069,1.4438245
3026070,936.09875
3026071,0.000917796
3026072,114.087555
3026073,3.686956
3026074,605.7144
3026075,210.49277
3026076,145.57823
3026077,71.400604
3026078,19.317682
3026079,1671.7336
3026080,4.7710567
3026081,0.12597539
3026082,9.641961
3026083,7.6555166
3026084,0.041843355
3026085,126.775894
3026086,0.007888273
3026087,0.0
3026088,2.4773405
3026089,14.447984
3026090,0.70809937
3026091,49.274807
3026092,109.43033
3026093,0.81868887
3026094,2.503105
3026095,56.6397
3026096,28.535957
3026097,411.53094
3026098,0.016323395
3026099,0.92655456
3026100,7.0939503
3026101,0.35883254
3026102,1.9675186
3026103,2834.9016
3026104,0.0013903499
3026105,275.96652
3026106,5.0528927
3026107,1056.7816
3026108,751.6024
3026109,411.9462
3026110,193.6216
3026111,81.36554
3026112,3868.9424
3026113,10.465588
3026114,0.44146773
3026115,18.802315
3026116,18.133287
3026117,0.018726194
3026118,270.4355
3026119,0.0763889
3026120,0.0066862926
3026121,3.8929272
3026122,18.878994
3026123,2.2964804
3026124,246.12808
3026125,231.50276
3026126,2.720782
3026127,6.9516997
3026128,252.53079
3026129,63.11106
3026130,1269.3152
3026131,10.804098
3026132,12.233976
3026133,2.4235442
3026134,0.25613418
3026135,3.1792026
3026136,1773.5181
3026137,0.00507326
3026138,499.35684
3026139,2.0110583
3026140,521.34955
3026141,494.2756
3026142,175.33376
3026143,143.09782
3026144,40.616165
3026145,2545.6938
3026146,9.584115
3026147,0.19309378
3026148,20.480322
3026149,12.486705
3026150,0.032214947
3026151,161.42427
3026152,5.353918
3026153,2.936322
3026154,3.758932
3026155,37.80859
3026156,1.7697561
3026157,91.56527
3026158,107.74689
3026159,3.1501503
3026160,4.8913965
3026161,132.30568
3026162,46.406105
3026163,1174.6442
3026164,32.957623
3026165,8.298239
3026166,6.2453322
3026167,0.27682376
3026168,3.1863132
3026169,2302.3652
3026170,0.0
3026171,140.37527
3026172,7.0852957
3026173,814.11646
3026174,346.22623
3026175,290.12503
3026176,53.969643
3026177,37.519947
3026178,3030.7385
3026179,14.331181
3026180,0.6437774
3026181,9.373356
3026182,9.319314
3026183,0.034098215
3026184,166.27121
3026185,4.477272
3026186,0.0
3026187,3.8886657
3026188,22.378027
3026189,1.852742
3026190,121.99765
3026191,148.40967
3026192,1.59582
3026193,5.0425663
3026194,83.596504
3026195,31.948303
3026196,345.33032
3026197,6.6820436
3026198,3.440477
3026199,4.1479125
3026200,0.025750745
3026201,6.3866115
3026202,2722.9172
3026203,0.004590645
3026204,586.9345
3026205,8.709362
3026206,787.78375
3026207,846.4504
3026208,209.31795
3026209,132.14319
3026210,92.67284
3026211,3702.153
3026212,34.238323
3026213,0.81106234
3026214,14.891979
3026215,15.447222
3026216,0.048183914
3026217,241.79259
3026218,17.309856
3026219,9.62461
3026220,4.0754375
3026221,59.878845
3026222,9.308337
3026223,394.44623
3026224,225.43365
3026225,8.669962
3026226,8.7338085
3026227,382.80487
3026228,101.64526
3026229,3097.5503
3026230,0.21049327
3026231,30.070684
3026232,5.907602
3026233,0.535512
3026234,3.6005707
3026235,2592.6606
3026236,0.0007946071
3026237,318.13815
3026238,6.077119
3026239,1012.17194
3026240,758.6272
3026241,422.9562
3026242,61.25097
3026243,49.3162
3026244,4086.856
3026245,11.249722
3026246,0.2587166
3026247,13.585209
3026248,11.306159
3026249,0.016038902
3026250,269.87177
3026251,1.8746059
3026252,5.501165
3026253,2.643221
3026254,24.06634
3026255,0.88511586
3026256,247.261
3026257,263.11978
3026258,3.486579
3026259,4.504344
3026260,213.02864
3026261,55.4377
3026262,731.84155
3026263,36.178585
3026264,10.081111
3026265,6.885729
3026266,0.6598767
3026267,3.2329879
3026268,2366.4517
3026269,0.004179605
3026270,407.10645
3026271,7.71052
3026272,1002.6215
3026273,542.9481
3026274,260.8183
3026275,177.49197
3026276,62.225246
3026277,3501.4521
3026278,15.812395
3026279,0.4408291
3026280,18.376144
3026281,16.299246
3026282,0.017203303
3026283,236.38396
3026284,0.6298276
3026285,4.691717
3026286,6.205744
3026287,45.871464
3026288,0.79281306
3026289,99.76337
3026290,222.57036
3026291,2.2645457
3026292,3.9238315
3026293,133.32303
3026294,101.67581
3026295,954.8995
3026296,0.22064199
3026297,4.470354
3026298,3.0379643
3026299,0.09993649
3026300,1.9094808
3026301,1237.251
3026302,0.0
3026303,124.86163
3026304,7.4586782
3026305,587.225
3026306,325.89233
3026307,153.76581
3026308,48.936684
3026309,35.714054
3026310,2078.6394
3026311,8.317259
3026312,0.6697769
3026313,21.14627
3026314,18.852343
3026315,0.10423126
3026316,167.60693
3026317,0.0062396075
3026318,0.02946894
3026319,5.176318
3026320,22.426569
3026321,2.1148329
3026322,92.12438
3026323,134.09692
3026324,1.139909
3026325,5.356
3026326,119.31135
3026327,40.18315
3026328,370.68723
3026329,2.4132745
3026330,1.0609868
3026331,2.5342252
3026332,0.016110608
3026333,1.073
3026334,1410.1646
3026335,0.05158013
3026336,282.6498
3026337,7.8466043
3026338,498.54346
3026339,471.53668
3026340,136.95554
3026341,44.42391
3026342,56.33868
3026343,1952.6796
3026344,22.76531
3026345,0.4134411
3026346,8.903792
3026347,12.078833
3026348,0.06178674
3026349,135.818
3026350,8.6952305
3026351,2.4825008
3026352,3.18953
3026353,32.523987
3026354,4.6458077
3026355,477.97528
3026356,134.46178
3026357,2.8357959
3026358,3.183352
3026359,282.35294
3026360,37.526825
3026361,1451.7557
3026362,0.192663
3026363,7.621072
3026364,2.674538
3026365,0.11817038
3026366,4.582396
3026367,3627.6196
3026368,0.04958426
3026369,809.3528
3026370,13.789839
3026371,1198.0352
3026372,1344.6787
3026373,277.6268
3026374,242.13945
3026375,138.17656
3026376,4297.044
3026377,31.668144
3026378,1.0054564
3026379,24.837484
3026380,40.460167
3026381,0.06151875
3026382,268.82166
3026383,8.961017
3026384,38.484787
3026385,9.87739
3026386,65.86791
3026387,10.990442
3026388,391.77316
3026389,270.9397
3026390,14.48488
3026391,11.1299715
3026392,523.492
3026393,111.002815
3026394,5318.152
3026395,0.069552556
3026396,24.382744
3026397,1.5876296
3026398,0.047796063
3026399,1.8080773
3026400,1848.816
3026401,0.0032391446
3026402,348.28738
3026403,4.5378013
3026404,415.51694
3026405,607.5444
3026406,131.69052
3026407,71.089355
3026408,53.92366
3026409,1741.323
3026410,15.027899
3026411,0.483458
3026412,13.698057
3026413,8.96034
3026414,0.060044855
3026415,85.670235
3026416,0.01445321
3026417,13.968416
3026418,3.0377731
3026419,83.527954
3026420,5.776806
3026421,187.10988
3026422,115.17885
3026423,5.1171064
3026424,6.273888
3026425,155.37003
3026426,38.069313
3026427,2135.085
3026428,0.8900937
3026429,1.4826419
3026430,3.6487775
3026431,0.064717315
3026432,0.6588477
3026433,918.62067
3026434,0.006027673
3026435,215.44563
3026436,4.751481
3026437,354.15482
3026438,238.68745
3026439,71.74923
3026440,32.547997
3026441,22.962488
3026442,1404.8145
3026443,6.1528726
3026444,0.47027197
3026445,9.471239
3026446,6.001556
3026447,0.09889653
3026448,67.84006
3026449,0.24863361
3026450,5.1404595
3026451,0.6526538
3026452,12.237966
3026453,0.23910145
3026454,206.1993
3026455,95.12624
3026456,2.1069636
3026457,0.98383176
3026458,115.40209
3026459,19.015251
3026460,744.0306
3026461,0.48247725
3026462,2.280351
3026463,4.723073
3026464,0.14088297
3026465,2.542029
3026466,3048.7642
3026467,0.0087845065
3026468,613.8575
3026469,10.994966
3026470,884.2192
3026471,976.8646
3026472,259.13312
3026473,213.75468
3026474,93.70944
3026475,3714.9382
3026476,17.538641
3026477,2.1270454
3026478,16.102127
3026479,14.422974
3026480,0.18042886
3026481,202.9255
3026482,4.1061664
3026483,29.311947
3026484,6.7462645
3026485,62.41335
3026486,2.4344184
3026487,287.48947
3026488,202.08844
3026489,11.011931
3026490,7.535537
3026491,372.6191
3026492,69.17665
3026493,3423.3506
3026494,0.095330924
3026495,13.730532
3026496,5.1914616
3026497,0.18426265
3026498,1.8925078
3026499,2844.0251
3026500,0.0
3026501,497.26926
3026502,9.756777
3026503,986.19434
3026504,770.4189
3026505,319.10593
3026506,218.81033
3026507,45.558403
3026508,3803.0376
3026509,11.176953
3026510,0.30904114
3026511,26.101923
3026512,12.9381275
3026513,0.7901256
3026514,214.08939
3026515,0.005054449
3026516,6.8629355
3026517,3.7886658
3026518,31.142872
3026519,1.0154746
3026520,198.39545
3026521,294.67093
3026522,4.050478
3026523,4.4944997
3026524,177.9438
3026525,66.984924
3026526,1183.692
3026527,1.443001
3026528,4.2744503
3026529,4.518108
3026530,0.7031411
3026531,2.3031645
3026532,2593.0837
3026533,0.0
3026534,592.08844
3026535,9.331483
3026536,833.0963
3026537,744.70514
3026538,258.41565
3026539,176.79066
3026540,47.973858
3026541,3482.4814
3026542,12.356426
3026543,0.3912422
3026544,20.59718
3026545,16.541838
3026546,0.046574626
3026547,200.05997
3026548,0.007963008
3026549,12.458939
3026550,3.6759872
3026551,54.824986
3026552,1.1559196
3026553,124.05343
3026554,203.47876
3026555,5.7865543
3026556,5.4586535
3026557,162.69771
3026558,58.829414
3026559,983.91394
3026560,1.0751271
3026561,5.2162023
3026562,8.491336
3026563,0.29896387
3026564,14.212786
3026565,7373.692
3026566,0.009271783
3026567,1208.214
3026568,27.181326
3026569,1928.2067
3026570,2111.113
3026571,358.61417
3026572,466.62555
3026573,274.65317
3026574,8042.7065
3026575,70.08077
3026576,3.3646975
3026577,44.14243
3026578,47.198635
3026579,0.37050137
3026580,478.5457
3026581,27.771292
3026582,54.342293
3026583,21.47341
3026584,142.8744
3026585,25.88286
3026586,638.5891
3026587,426.67188
3026588,21.135471
3026589,25.241999
3026590,992.945
3026591,258.70404
3026592,9750.281
3026593,2.8488274
3026594,89.81672
3026595,2.6043437
3026596,0.08435988
3026597,0.9146949
3026598,1155.7885
3026599,0.002007052
3026600,125.29124
3026601,3.0807605
3026602,407.30692
3026603,243.7141
3026604,107.32457
3026605,105.82869
3026606,28.486902
3026607,1641.5968
3026608,4.6990914
3026609,0.2328568
3026610,12.15635
3026611,7.8400383
3026612,0.03688698
3026613,97.16118
3026614,0.8206037
3026615,0.0013368117
3026616,2.7107084
3026617,27.301554
3026618,0.56708336
3026619,54.35005
3026620,87.13897
3026621,2.4564779
3026622,2.5753024
3026623,82.78725
3026624,18.625725
3026625,408.15863
3026626,0.006120801
3026627,3.292809
3026628,6.407346
3026629,0.2428065
3026630,1.6475801
3026631,2082.121
3026632,0.00616392
3026633,394.92206
3026634,7.8763685
3026635,978.6745
3026636,633.04736
3026637,182.75424
3026638,231.20982
3026639,57.60186
3026640,3447.257
3026641,11.632231
3026642,0.45794424
3026643,15.820093
3026644,13.759408
3026645,0.08154115
3026646,215.33357
3026647,0.96203244
3026648,8.825607
3026649,7.0568533
3026650,9.789132
3026651,1.5102994
3026652,271.11194
3026653,189.66516
3026654,2.847329
3026655,4.471204
3026656,90.41656
3026657,56.622005
3026658,980.99146
3026659,0.8755702
3026660,1.893693
3026661,1.3792758
3026662,0.027197042
3026663,0.44857606
3026664,901.5331
3026665,0.0
3026666,94.476654
3026667,2.752228
3026668,395.126
3026669,186.98703
3026670,96.31075
3026671,147.31213
3026672,14.634981
3026673,1649.9612
3026674,1.6754577
3026675,0.14280155
3026676,6.527678
3026677,3.6588573
3026678,0.036222745
3026679,77.541145
3026680,0.02507629
3026681,0.0
3026682,0.4451911
3026683,6.558548
3026684,0.21953703
3026685,55.144585
3026686,80.20962
3026687,0.636534
3026688,1.0515428
3026689,39.598835
3026690,10.394951
3026691,173.7579
3026692,0.0073629953
3026693,2.019068
3026694,6.3880677
3026695,0.083688326
3026696,2.1686425
3026697,1519.0377
3026698,0.0024788056
3026699,201.79735
3026700,6.2453527
3026701,857.7312
3026702,451.61667
3026703,176.93858
3026704,125.60549
3026705,35.51227
3026706,2528.0063
3026707,3.192648
3026708,0.2369447
3026709,18.67277
3026710,14.906839
3026711,0.033088785
3026712,166.99445
3026713,0.01235461
3026714,0.12056492
3026715,9.41056
3026716,18.56611
3026717,1.369843
3026718,243.42581
3026719,168.83325
3026720,1.5276403
3026721,3.1000838
3026722,180.36057
3026723,32.913754
3026724,978.8119
3026725,0.020144042
3026726,1.2689877
3026727,2.7524824
3026728,0.37744406
3026729,1.7255917
3026730,2209.1257
3026731,0.0062429653
3026732,533.3982
3026733,15.520828
3026734,735.8347
3026735,624.47766
3026736,208.94101
3026737,114.87477
3026738,58.152855
3026739,3165.7498
3026740,6.7702956
3026741,2.0884295
3026742,26.343533
3026743,35.539352
3026744,0.1163565
3026745,187.58911
3026746,1.2795908
3026747,4.9849167
3026748,4.331064
3026749,28.103388
3026750,1.6999593
3026751,150.45918
3026752,260.59668
3026753,2.5482752
3026754,4.994916
3026755,103.96635
3026756,32.204163
3026757,621.17523
3026758,3.308486
3026759,3.3398209
3026760,3.6170583
3026761,0.07306755
3026762,0.39652348
3026763,1314.7728
3026764,0.0
3026765,86.20567
3026766,1.787535
3026767,424.6553
3026768,167.7155
3026769,69.40967
3026770,138.5885
3026771,20.337473
3026772,1674.4941
3026773,2.8719401
3026774,0.15856692
3026775,6.727145
3026776,7.031001
3026777,0.06993726
3026778,79.97498
3026779,0.040463258
3026780,0.034773607
3026781,0.24196163
3026782,9.7987795
3026783,0.58730733
3026784,137.7448
3026785,74.13445
3026786,1.6053014
3026787,1.1889172
3026788,35.213215
3026789,16.031866
3026790,283.45706
3026791,0.108568236
3026792,0.14247774
3026793,4.2999554
3026794,0.09037869
3026795,1.2576172
3026796,2813.9194
3026797,0.0
3026798,491.48022
3026799,8.141863
3026800,950.47296
3026801,691.045
3026802,202.11517
3026803,134.26323
3026804,51.253838
3026805,3902.711
3026806,6.4347506
3026807,0.29089066
3026808,15.2561455
3026809,9.241887
3026810,0.06784054
3026811,198.46353
3026812,0.016936263
3026813,25.087624
3026814,4.4603963
3026815,40.151432
3026816,0.8588222
3026817,246.09227
3026818,204.40381
3026819,3.0261798
3026820,4.6460743
3026821,115.25122
3026822,44.63786
3026823,1097.1202
3026824,0.26386824
3026825,1.214109
3026826,2.7519028
3026827,0.022927973
3026828,4.061207
3026829,2630.5369
3026830,0.0010350336
3026831,551.3992
3026832,10.149637
3026833,965.9672
3026834,931.46844
3026835,155.16496
3026836,110.53009
3026837,122.63341
3026838,3496.112
3026839,42.642296
3026840,1.5304163
3026841,22.763128
3026842,21.596247
3026843,0.08406965
3026844,241.1516
3026845,16.569324
3026846,28.81621
3026847,2.5004997
3026848,86.94514
3026849,9.048565
3026850,206.59943
3026851,223.64218
3026852,10.597062
3026853,14.307739
3026854,241.11234
3026855,85.69909
3026856,3594.2964
3026857,0.8221369
3026858,11.516311
3026859,5.498501
3026860,0.05145516
3026861,5.4825435
3026862,2172.6106
3026863,0.0018685014
3026864,466.25378
3026865,12.006475
3026866,906.53564
3026867,890.2011
3026868,140.96828
3026869,78.772514
3026870,108.952286
3026871,3267.3079
3026872,28.505222
3026873,0.4765701
3026874,23.400328
3026875,34.29996
3026876,0.06088275
3026877,264.65314
3026878,17.949457
3026879,18.931986
3026880,7.3629065
3026881,57.82494
3026882,9.764776
3026883,145.51367
3026884,295.96094
3026885,8.140204
3026886,9.575873
3026887,116.82004
3026888,76.662025
3026889,2697.313
3026890,2.4848857
3026891,14.433862
3026892,8.530355
3026893,0.12222225
3026894,2.8249297
3026895,2776.7158
3026896,0.0019473892
3026897,579.2907
3026898,7.071623
3026899,1064.8441
3026900,598.9857
3026901,160.31096
3026902,260.7519
3026903,53.207836
3026904,4066.339
3026905,26.869503
3026906,1.3357584
3026907,16.547882
3026908,17.629787
3026909,0.082884245
3026910,246.88507
3026911,3.9183893
3026912,16.398815
3026913,5.2918835
3026914,40.520885
3026915,2.489753
3026916,122.05995
3026917,220.19127
3026918,5.123185
3026919,7.6967726
3026920,171.81929
3026921,58.412243
3026922,1432.5211
3026923,13.699535
3026924,10.840571
3026925,2.6125045
3026926,0.016011469
3026927,3.478531
3026928,2509.7954
3026929,0.008564101
3026930,420.2033
3026931,5.7615604
3026932,708.0694
3026933,792.3676
3026934,180.29883
3026935,126.02358
3026936,79.820526
3026937,3232.9204
3026938,19.091204
3026939,0.9221281
3026940,11.335987
3026941,9.801983
3026942,0.050462157
3026943,201.28568
3026944,13.627133
3026945,19.534334
3026946,1.5099978
3026947,46.732555
3026948,6.0035944
3026949,322.80634
3026950,191.66096
3026951,6.977316
3026952,8.851948
3026953,341.82797
3026954,66.46873
3026955,2970.903
3026956,0.19625211
3026957,23.011282
3026958,1.8368518
3026959,0.3171596
3026960,1.8587317
3026961,3427.0361
3026962,0.0
3026963,331.0655
3026964,9.247671
3026965,1489.8806
3026966,611.8045
3026967,267.40292
3026968,140.4427
3026969,52.297157
3026970,4994.38
3026971,10.785243
3026972,0.48496622
3026973,16.972088
3026974,18.102139
3026975,0.07187274
3026976,289.192
3026977,0.0067741405
3026978,0.048106693
3026979,4.1496453
3026980,22.41758
3026981,2.1941237
3026982,134.56827
3026983,256.23245
3026984,2.4469185
3026985,8.335143
3026986,134.96175
3026987,48.12757
3026988,1025.7665
3026989,0.065978155
3026990,4.0863943
3026991,5.958799
3026992,0.1145583
3026993,4.520426
3026994,2110.6255
3026995,0.006526936
3026996,486.95758
3026997,10.461668
3026998,931.3102
3026999,663.9038
3027000,216.23082
3027001,113.46441
3027002,144.14977
3027003,3235.6943
3027004,26.73423
3027005,0.55799055
3027006,19.854252
3027007,24.102074
3027008,0.041899372
3027009,225.49089
3027010,10.927197
3027011,21.285955
3027012,6.18378
3027013,43.55552
3027014,11.369264
3027015,185.77383
3027016,244.89433
3027017,10.422437
3027018,6.9820266
3027019,175.35124
3027020,55.417088
3027021,2651.1711
3027022,0.09430893
3027023,7.2624645
3027024,2.916364
3027025,0.048503965
3027026,3.874082
3027027,2367.5537
3027028,0.009703444
3027029,542.65356
3027030,8.13139
3027031,779.26874
3027032,823.5557
3027033,160.53372
3027034,118.2
3027035,110.61277
3027036,2929.4941
3027037,26.264374
3027038,1.0030818
3027039,17.427715
3027040,14.158449
3027041,0.11005717
3027042,204.64235
3027043,11.862269
3027044,32.15556
3027045,3.9019732
3027046,58.628395
3027047,8.160899
3027048,206.32323
3027049,207.52606
3027050,7.753807
3027051,7.8515663
3027052,218.99005
3027053,66.50284
3027054,3051.9097
3027055,0.3667013
3027056,14.234494
3027057,2.718688
3027058,0.032463048
3027059,3.6140957
3027060,3829.171
3027061,0.0
3027062,567.0399
3027063,8.5112
3027064,1171.6735
3027065,702.27496
3027066,267.36478
3027067,161.90004
3027068,40.415253
3027069,4192.3257
3027070,10.196479
3027071,0.14185466
3027072,12.683885
3027073,12.988503
3027074,0.030077701
3027075,222.9581
3027076,0.006485301
3027077,7.606221
3027078,0.9127983
3027079,43.92774
3027080,3.9718628
3027081,192.13283
3027082,242.95122
3027083,2.3159924
3027084,2.0793295
3027085,161.10472
3027086,119.70946
3027087,998.10736
3027088,0.9468901
3027089,0.54756296
3027090,10.985338
3027091,0.00843949
3027092,12.009775
3027093,8299.07
3027094,0.00595344
3027095,1459.9558
3027096,23.613604
3027097,2183.9229
3027098,2276.2012
3027099,473.75003
3027100,520.5551
3027101,396.28293
3027102,9468.237
3027103,68.69245
3027104,4.7411304
3027105,110.1859
3027106,112.99304
3027107,0.009287786
3027108,552.9613
3027109,19.309565
3027110,21.597895
3027111,15.955244
3027112,207.44733
3027113,23.311783
3027114,692.30865
3027115,469.3673
3027116,28.650024
3027117,29.990524
3027118,994.1629
3027119,328.8778
3027120,10972.744
3027121,421.04407
3027122,88.38142
3027123,12.042795
3027124,0.008231359
3027125,9.16247
3027126,7626.7524
3027127,0.007203893
3027128,1243.4448
3027129,21.16355
3027130,2266.2656
3027131,2001.2788
3027132,557.69165
3027133,281.55606
3027134,272.86353
3027135,9924.853
3027136,78.995766
3027137,1.1602087
3027138,49.411697
3027139,47.46149
3027140,0.85482717
3027141,554.3217
3027142,15.769491
3027143,33.583485
3027144,4.779009
3027145,118.57664
3027146,21.635677
3027147,910.9413
3027148,590.2536
3027149,19.475542
3027150,21.264256
3027151,1009.02014
3027152,239.14093
3027153,7414.37
3027154,360.9963
3027155,74.13055
3027156,8.780543
3027157,0.013981865
3027158,11.275186
3027159,4278.642
3027160,0.008636662
3027161,738.5373
3027162,13.100667
3027163,1731.1439
3027164,1184.2966
3027165,626.1418
3027166,118.045044
3027167,161.22627
3027168,7677.1914
3027169,36.11905
3027170,1.9540715
3027171,21.510437
3027172,18.778963
3027173,0.44851595
3027174,553.9861
3027175,19.020128
3027176,21.749962
3027177,5.0088463
3027178,78.22301
3027179,5.4363885
3027180,789.8536
3027181,607.13715
3027182,17.650928
3027183,20.505543
3027184,596.48535
3027185,122.88386
3027186,3404.0232
3027187,257.42303
3027188,39.473167
3027189,11.987158
3027190,0.005649431
3027191,17.185333
3027192,6713.4067
3027193,0.00491973
3027194,1142.895
3027195,18.245504
3027196,2041.7285
3027197,1806.7942
3027198,553.5549
3027199,291.70377
3027200,226.52159
3027201,8861.713
3027202,60.407955
3027203,1.5462894
3027204,35.123714
3027205,39.50009
3027206,0.19665624
3027207,546.4766
3027208,18.016994
3027209,30.295977
3027210,3.8328786
3027211,120.87357
3027212,20.303082
3027213,690.63916
3027214,617.01086
3027215,16.76992
3027216,22.170153
3027217,888.8007
3027218,199.72908
3027219,7439.539
3027220,383.46503
3027221,70.37449
3027222,8.352437
3027223,0.015030405
3027224,14.263423
3027225,3389.5486
3027226,0.0
3027227,620.3759
3027228,12.465364
3027229,1701.8047
3027230,976.7592
3027231,508.7095
3027232,84.459404
3027233,109.68949
3027234,6649.6396
3027235,32.17702
3027236,0.3488567
3027237,20.160458
3027238,21.02526
3027239,0.029450534
3027240,488.36404
3027241,15.632473
3027242,13.9439335
3027243,1.7211277
3027244,65.44186
3027245,3.9706993
3027246,688.176
3027247,578.8913
3027248,12.158358
3027249,16.657768
3027250,573.4728
3027251,81.74621
3027252,2437.4248
3027253,287.19385
3027254,24.923208
3027255,10.3483715
3027256,0.09739861
3027257,9.238271
3027258,7151.4604
3027259,0.006938937
3027260,1307.8182
3027261,21.804897
3027262,1941.7733
3027263,2273.4795
3027264,397.82455
3027265,471.15604
3027266,344.5728
3027267,8157.938
3027268,62.2904
3027269,2.0909424
3027270,37.094166
3027271,35.88627
3027272,0.050642125
3027273,498.9047
3027274,12.22786
3027275,33.757767
3027276,8.108967
3027277,180.69122
3027278,16.934614
3027279,732.7437
3027280,444.92896
3027281,19.986137
3027282,25.024712
3027283,938.72003
3027284,240.9593
3027285,10512.306
3027286,313.9013
3027287,84.21984
3027288,5.1289988
3027289,0.14345819
3027290,4.426799
3027291,1685.387
3027292,0.011480887
3027293,348.19778
3027294,11.905855
3027295,802.40656
3027296,490.76074
3027297,208.58272
3027298,74.01213
3027299,76.204185
3027300,2550.68
3027301,19.078293
3027302,0.46745065
3027303,19.123827
3027304,21.247902
3027305,0.1604439
3027306,189.41748
3027307,8.742162
3027308,7.214793
3027309,8.594096
3027310,42.692757
3027311,7.6434593
3027312,204.81932
3027313,225.17467
3027314,3.1083555
3027315,6.1307106
3027316,197.56163
3027317,57.528973
3027318,1806.939
3027319,0.45904058
3027320,6.309629
3027321,8.200105
3027322,0.0197191
3027323,10.989473
3027324,3404.5852
3027325,0.010067917
3027326,559.15186
3027327,23.973879
3027328,1445.0105
3027329,1011.1174
3027330,410.8721
3027331,89.27719
3027332,116.127686
3027333,5528.714
3027334,47.131653
3027335,0.9774374
3027336,34.329052
3027337,28.166384
3027338,0.026340237
3027339,372.13306
3027340,11.553682
3027341,6.729041
3027342,2.9159818
3027343,82.73401
3027344,8.005409
3027345,483.14224
3027346,424.2078
3027347,10.860931
3027348,17.272587
3027349,350.50757
3027350,79.71254
3027351,2328.4788
3027352,290.5793
3027353,16.249388
3027354,5.2839603
3027355,0.012712254
3027356,4.1148844
3027357,4240.0645
3027358,0.095696814
3027359,914.5044
3027360,11.648059
3027361,1273.7302
3027362,1494.205
3027363,199.95088
3027364,313.32162
3027365,230.07346
3027366,4742.5474
3027367,37.69659
3027368,1.5989442
3027369,27.957514
3027370,32.91334
3027371,0.17331968
3027372,279.56155
3027373,2.5393786
3027374,35.149925
3027375,4.959418
3027376,90.01163
3027377,8.854579
3027378,560.38245
3027379,260.3077
3027380,18.316828
3027381,10.112661
3027382,697.9843
3027383,110.59744
3027384,6963.2954
3027385,1.4609213
3027386,39.879395
3027387,9.090592
3027388,0.018090647
3027389,8.556766
3027390,3687.7686
3027391,0.007158507
3027392,766.73016
3027393,11.7481
3027394,1607.344
3027395,1230.7979
3027396,297.83856
3027397,176.05785
3027398,265.70102
3027399,5655.098
3027400,43.745987
3027401,2.1614122
3027402,38.226192
3027403,38.589836
3027404,0.15319777
3027405,345.886
3027406,8.475174
3027407,46.047577
3027408,7.366576
3027409,176.67117
3027410,9.88727
3027411,395.33496
3027412,330.41406
3027413,11.216443
3027414,23.822115
3027415,429.20605
3027416,143.47954
3027417,5461.9404
3027418,5.939605
3027419,5.267091
3027420,7.650132
3027421,0.13625209
3027422,4.841687
3027423,1983.7446
3027424,0.049622614
3027425,449.12643
3027426,6.49921
3027427,979.7869
3027428,527.3874
3027429,217.4628
3027430,104.62025
3027431,89.484406
3027432,3014.1704
3027433,16.060564
3027434,1.1761224
3027435,23.281939
3027436,24.05819
3027437,0.07658684
3027438,169.95451
3027439,3.7462893
3027440,14.468472
3027441,3.2602496
3027442,69.72685
3027443,3.5728035
3027444,239.78625
3027445,191.31035
3027446,6.345042
3027447,4.9273
3027448,177.86958
3027449,77.11663
3027450,2855.2039
3027451,0.39781618
3027452,3.4542766
3027453,5.39431
3027454,0.070957646
3027455,1.4441326
3027456,1833.0068
3027457,0.0
3027458,180.19063
3027459,3.656138
3027460,913.8385
3027461,242.14456
3027462,194.64902
3027463,53.780827
3027464,26.233606
3027465,2744.064
3027466,5.893013
3027467,0.7306361
3027468,13.975826
3027469,11.334141
3027470,0.03946639
3027471,171.592
3027472,0.05137626
3027473,0.016276753
3027474,3.1250267
3027475,9.987645
3027476,0.6984521
3027477,52.54638
3027478,145.41072
3027479,0.14949265
3027480,2.5442717
3027481,46.12818
3027482,63.492058
3027483,562.578
3027484,0.062044222
3027485,0.7123884
3027486,4.0594306
3027487,0.013484462
3027488,4.8196216
3027489,3171.8198
3027490,0.0016896082
3027491,565.20966
3027492,8.563964
3027493,983.14966
3027494,871.652
3027495,278.2991
3027496,133.28973
3027497,110.71255
3027498,4417.121
3027499,27.115831
3027500,1.346689
3027501,16.598822
3027502,24.56741
3027503,0.031386174
3027504,270.458
3027505,14.230067
3027506,11.521844
3027507,6.539608
3027508,45.30493
3027509,8.154463
3027510,407.6096
3027511,250.28014
3027512,9.2314
3027513,10.88807
3027514,463.17545
3027515,81.58695
3027516,3006.1155
3027517,3.8829489
3027518,34.014233
3027519,4.112736
3027520,0.011246871
3027521,3.9330254
3027522,4242.767
3027523,0.005903075
3027524,813.84753
3027525,14.80101
3027526,1126.4791
3027527,1484.4082
3027528,178.46112
3027529,289.41513
3027530,208.11015
3027531,4566.9326
3027532,43.68116
3027533,2.936589
3027534,23.484173
3027535,24.327595
3027536,0.09127357
3027537,248.24406
3027538,11.207236
3027539,38.827065
3027540,5.6174283
3027541,104.16434
3027542,12.049517
3027543,446.46555
3027544,242.24382
3027545,8.40079
3027546,14.194818
3027547,631.58936
3027548,143.66084
3027549,6823.4897
3027550,1.0401607
3027551,45.00348
3027552,3.7421527
3027553,0.045537066
3027554,7.883052
3027555,3951.2322
3027556,0.01098447
3027557,795.27454
3027558,16.081541
3027559,1145.9689
3027560,1383.3625
3027561,245.728
3027562,268.5462
3027563,145.9762
3027564,4636.3545
3027565,38.94028
3027566,2.63413
3027567,29.710217
3027568,35.540627
3027569,0.03296829
3027570,333.51547
3027571,21.7689
3027572,36.087334
3027573,17.59389
3027574,83.910835
3027575,15.363913
3027576,397.63593
3027577,292.6096
3027578,15.698204
3027579,23.731617
3027580,523.222
3027581,147.17613
3027582,6087.46
3027583,0.5724163
3027584,37.109673
3027585,10.258813
3027586,0.47084683
3027587,5.7562313
3027588,2841.2751
3027589,0.0035452356
3027590,455.49252
3027591,11.299079
3027592,1463.203
3027593,806.01495
3027594,473.92163
3027595,159.15152
3027596,71.07664
3027597,5582.628
3027598,12.460225
3027599,1.1483755
3027600,36.035538
3027601,28.85734
3027602,0.052443832
3027603,379.57193
3027604,9.158703
3027605,5.375538
3027606,4.0634685
3027607,33.565693
3027608,2.0475883
3027609,323.0022
3027610,345.3551
3027611,6.1370735
3027612,8.028172
3027613,278.18805
3027614,76.953125
3027615,1229.7809
3027616,114.77128
3027617,15.92164
3027618,4.1794405
3027619,0.025975948
3027620,2.8517396
3027621,2086.4604
3027622,0.007969377
3027623,403.04214
3027624,10.989602
3027625,628.3886
3027626,618.8826
3027627,121.4394
3027628,107.86829
3027629,99.65474
3027630,2706.3347
3027631,23.576326
3027632,1.2831898
3027633,24.28759
3027634,26.457195
3027635,0.047723185
3027636,161.71605
3027637,13.254964
3027638,9.82481
3027639,5.4956894
3027640,80.91285
3027641,6.3286214
3027642,277.30734
3027643,139.96318
3027644,5.4904175
3027645,8.709459
3027646,265.15018
3027647,74.2419
3027648,1941.9956
3027649,1.8557692
3027650,20.508307
3027651,1.3980539
3027652,0.050117467
3027653,1.4185307
3027654,1378.0325
3027655,0.0024206087
3027656,86.57989
3027657,2.371052
3027658,840.9781
3027659,240.19258
3027660,247.94832
3027661,29.36011
3027662,29.212027
3027663,2805.4734
3027664,4.0422707
3027665,0.20508695
3027666,6.882315
3027667,6.1059265
3027668,0.04085596
3027669,170.89716
3027670,5.1092453
3027671,0.024232797
3027672,1.8710504
3027673,7.785058
3027674,0.7667599
3027675,202.01292
3027676,155.62433
3027677,0.6742326
3027678,3.1243358
3027679,124.53665
3027680,22.249989
3027681,223.94124
3027682,5.548089
3027683,1.964303
3027684,7.0196123
3027685,0.3184986
3027686,5.8248515
3027687,4704.134
3027688,0.0067788805
3027689,626.247
3027690,12.544837
3027691,2084.902
3027692,566.1419
3027693,519.11566
3027694,122.6116
3027695,75.599724
3027696,7511.1167
3027697,29.655388
3027698,0.5583743
3027699,24.938776
3027700,17.089073
3027701,0.08511098
3027702,498.36484
3027703,9.412513
3027704,2.3379862
3027705,9.341032
3027706,32.560562
3027707,3.2727141
3027708,851.7029
3027709,381.1529
3027710,2.1710188
3027711,14.173357
3027712,364.75937
3027713,68.29553
3027714,1102.3711
3027715,103.1936
3027716,9.827794
3027717,4.916161
3027718,0.06974261
3027719,1.4047894
3027720,1639.3989
3027721,0.0
3027722,148.60785
3027723,7.8174973
3027724,701.57983
3027725,375.41373
3027726,223.26202
3027727,45.47802
3027728,35.1176
3027729,2713.408
3027730,8.63116
3027731,0.23549397
3027732,13.484174
3027733,14.720803
3027734,0.05615384
3027735,168.11
3027736,4.4098477
3027737,0.017259387
3027738,4.139202
3027739,28.51121
3027740,1.2169032
3027741,207.42705
3027742,146.72449
3027743,1.5482266
3027744,5.924288
3027745,164.3666
3027746,44.34079
3027747,307.83765
3027748,7.515255
3027749,4.32229
3027750,4.377333
3027751,0.02811645
3027752,3.004633
3027753,1384.3887
3027754,0.00025728674
3027755,103.3759
3027756,5.311422
3027757,709.6183
3027758,237.2819
3027759,161.6008
3027760,36.786686
3027761,26.311022
3027762,2607.4597
3027763,7.0002785
3027764,0.12687491
3027765,9.59167
3027766,8.977324
3027767,0.046781693
3027768,147.47574
3027769,4.1122804
3027770,0.008567828
3027771,1.5008357
3027772,22.273348
3027773,0.95053303
3027774,164.85526
3027775,155.95943
3027776,0.58180547
3027777,4.4231668
3027778,106.73137
3027779,28.120094
3027780,184.06232
3027781,13.6187
3027782,2.3315854
3027783,2.3995695
3027784,0.026672347
3027785,1.3383594
3027786,1291.9164
3027787,0.0
3027788,163.77846
3027789,4.4493036
3027790,943.33594
3027791,403.6194
3027792,230.2946
3027793,28.983404
3027794,36.679737
3027795,2769.8896
3027796,3.5816412
3027797,0.6063123
3027798,9.20999
3027799,18.472519
3027800,0.06225865
3027801,218.03253
3027802,1.2930014
3027803,0.0
3027804,2.8783188
3027805,13.306212
3027806,1.9925799
3027807,308.7674
3027808,258.10388
3027809,1.0909631
3027810,4.131888
3027811,70.13923
3027812,82.88239
3027813,375.80594
3027814,8.11829
3027815,6.5752554
3027816,4.1087584
3027817,1.2563558
3027818,3.3168874
3027819,1625.6804
3027820,0.0031374334
3027821,136.9533
3027822,5.8248754
3027823,852.7477
3027824,332.3038
3027825,265.99878
3027826,62.23333
3027827,51.889015
3027828,2669.501
3027829,9.264893
3027830,0.8327309
3027831,12.292483
3027832,16.258413
3027833,0.050752908
3027834,220.4775
3027835,8.990721
3027836,0.0
3027837,5.0438185
3027838,13.847622
3027839,1.4359937
3027840,159.88095
3027841,174.45477
3027842,0.96373546
3027843,5.0301642
3027844,117.53468
3027845,37.549374
3027846,594.1378
3027847,5.0397177
3027848,4.695768
3027849,2.2556403
3027850,0.08710507
3027851,1.3130848
3027852,1049.2137
3027853,0.0035666502
3027854,119.861275
3027855,3.6924338
3027856,670.6626
3027857,191.83209
3027858,143.74791
3027859,75.13979
3027860,21.734058
3027861,1944.6008
3027862,5.3211665
3027863,0.13406496
3027864,9.569763
3027865,7.083585
3027866,0.060344066
3027867,135.80078
3027868,0.013543121
3027869,0.0
3027870,1.8850052
3027871,16.332603
3027872,0.97863126
3027873,56.82045
3027874,117.84347
3027875,0.94379234
3027876,2.7075088
3027877,59.669037
3027878,25.718107
3027879,383.97464
3027880,0.004188104
3027881,0.8207811
3027882,7.043852
3027883,0.43494743
3027884,2.5221126
3027885,2942.12
3027886,0.00046210233
3027887,261.0801
3027888,5.4740376
3027889,1136.8336
3027890,587.17395
3027891,432.51404
3027892,196.82845
3027893,83.49274
3027894,4256.7407
3027895,12.519845
3027896,0.6579335
3027897,22.193382
3027898,25.170254
3027899,0.016167965
3027900,287.65567
3027901,0.22628488
3027902,0.013638455
3027903,4.1510124
3027904,19.493753
3027905,2.8434474
3027906,330.89136
3027907,227.46176
3027908,3.279533
3027909,8.141416
3027910,299.1856
3027911,65.84365
3027912,1195.6271
3027913,53.34375
3027914,13.533588
3027915,2.9266481
3027916,0.3237307
3027917,3.540463
3027918,2001.3839
3027919,0.0032417756
3027920,534.2439
3027921,1.5536163
3027922,587.31476
3027923,541.89813
3027924,203.79903
3027925,173.12175
3027926,48.59956
3027927,3031.3833
3027928,9.610808
3027929,0.46051538
3027930,24.445057
3027931,14.58138
3027932,0.030800601
3027933,196.29675
3027934,5.6076493
3027935,2.1752064
3027936,3.838254
3027937,44.229206
3027938,2.0917022
3027939,257.74557
3027940,162.50409
3027941,3.4336925
3027942,5.444029
3027943,191.25038
3027944,50.1102
3027945,1180.5497
3027946,61.31078
3027947,10.930482
3027948,6.530552
3027949,0.16965626
3027950,3.4861073
3027951,2285.5608
3027952,0.0
3027953,133.32137
3027954,7.669594
3027955,868.9879
3027956,326.3169
3027957,293.21783
3027958,54.910606
3027959,41.473534
3027960,2962.9778
3027961,14.82053
3027962,0.7489859
3027963,13.936691
3027964,11.392811
3027965,0.050247297
3027966,187.5749
3027967,5.71343
3027968,0.0
3027969,4.161211
3027970,20.510532
3027971,1.8877771
3027972,172.65956
3027973,167.29463
3027974,1.2444813
3027975,5.88543
3027976,180.10062
3027977,30.920023
3027978,377.4727
3027979,11.907009
3027980,3.4707704
3027981,4.9282413
3027982,0.019252233
3027983,8.315778
3027984,2612.1382
3027985,0.0073909755
3027986,528.25336
3027987,10.732674
3027988,808.6035
3027989,758.89453
3027990,207.92099
3027991,104.443825
3027992,98.20865
3027993,3675.2275
3027994,31.566364
3027995,0.94925606
3027996,16.069538
3027997,16.286589
3027998,0.04259639
3027999,248.67682
3028000,18.145311
3028001,7.8963223
3028002,4.877884
3028003,61.008453
3028004,8.973835
3028005,401.9762
3028006,233.45798
3028007,8.1144495
3028008,8.34634
3028009,378.92862
3028010,97.174095
3028011,1860.0398
3028012,0.26966697
3028013,27.253801
3028014,7.3870993
3028015,0.5949292
3028016,4.713028
3028017,3260.9648
3028018,0.0019107215
3028019,383.53946
3028020,7.1258574
3028021,1310.7172
3028022,762.4684
3028023,533.2698
3028024,69.347855
3028025,62.051773
3028026,5328.1953
3028027,15.875982
3028028,0.34847325
3028029,17.629917
3028030,14.334262
3028031,0.021259455
3028032,334.43774
3028033,2.3677278
3028034,5.856087
3028035,3.3177943
3028036,29.857466
3028037,1.6524193
3028038,571.7649
3028039,329.54193
3028040,4.372684
3028041,6.520707
3028042,297.6098
3028043,56.250027
3028044,844.43555
3028045,51.058945
3028046,13.981923
3028047,7.3657284
3028048,0.64017856
3028049,3.3718867
3028050,2533.393
3028051,0.00735579
3028052,468.8692
3028053,8.769415
3028054,1050.8145
3028055,537.9775
3028056,268.9524
3028057,172.10944
3028058,61.932198
3028059,3667.6416
3028060,16.219934
3028061,0.59690523
3028062,20.915554
3028063,16.78192
3028064,0.019997694
3028065,247.64105
3028066,1.7619812
3028067,3.8244162
3028068,5.8835425
3028069,45.23744
3028070,1.3737504
3028071,128.56596
3028072,237.35283
3028073,2.3822112
3028074,4.9543176
3028075,130.10825
3028076,125.28895
3028077,967.98425
3028078,0.38376716
3028079,4.1143713
3028080,3.3966455
3028081,0.11540978
3028082,2.2862089
3028083,1303.6497
3028084,0.0
3028085,129.92108
3028086,8.631036
3028087,570.02997
3028088,288.2691
3028089,146.27028
3028090,47.1902
3028091,45.500664
3028092,2195.6187
3028093,10.874994
3028094,0.80421126
3028095,19.762981
3028096,21.177324
3028097,0.14035378
3028098,162.89954
3028099,0.02802294
3028100,0.0039109574
3028101,5.1477113
3028102,22.129541
3028103,2.6792915
3028104,110.15791
3028105,127.44432
3028106,1.202527
3028107,5.3285837
3028108,115.931145
3028109,36.083046
3028110,408.86942
3028111,6.1116858
3028112,1.5222869
3028113,2.3736892
3028114,0.01875437
3028115,0.915483
3028116,1230.9353
3028117,0.028385997
3028118,246.6672
3028119,8.890255
3028120,489.91168
3028121,423.14343
3028122,117.66238
3028123,41.732056
3028124,58.157764
3028125,1942.8481
3028126,21.392664
3028127,0.3526476
3028128,9.629941
3028129,11.841182
3028130,0.065732874
3028131,129.43852
3028132,10.034674
3028133,2.0381455
3028134,3.658627
3028135,39.47809
3028136,4.936439
3028137,832.6947
3028138,116.60192
3028139,2.3065906
3028140,2.4428127
3028141,225.71779
3028142,36.226933
3028143,1069.868
3028144,5.7412705
3028145,8.088456
3028146,2.5443249
3028147,0.112214535
3028148,4.800526
3028149,3302.0515
3028150,0.11705789
3028151,738.3173
3028152,15.673643
3028153,1102.8005
3028154,1126.8405
3028155,267.78662
3028156,175.55772
3028157,132.0249
3028158,4042.9353
3028159,29.829287
3028160,1.1113751
3028161,27.093143
3028162,35.34171
3028163,0.043108393
3028164,270.91687
3028165,10.377973
3028166,32.720203
3028167,7.184553
3028168,77.1843
3028169,11.641492
3028170,351.16757
3028171,269.61328
3028172,14.187907
3028173,9.101901
3028174,441.6174
3028175,89.84323
3028176,2983.32
3028177,0.098843716
3028178,18.862185
3028179,2.528918
3028180,0.05952953
3028181,2.6573718
3028182,2116.0276
3028183,0.0
3028184,313.9007
3028185,4.849963
3028186,365.63245
3028187,565.7364
3028188,110.43069
3028189,68.76527
3028190,67.03493
3028191,1716.7269
3028192,14.704825
3028193,0.5663072
3028194,13.355584
3028195,8.998326
3028196,0.052998014
3028197,88.06195
3028198,0.02130036
3028199,16.177423
3028200,2.7708585
3028201,99.61894
3028202,5.1617484
3028203,150.75789
3028204,129.50049
3028205,4.0943317
3028206,6.2716513
3028207,144.72661
3028208,39.00979
3028209,1316.4277
3028210,1.4397564
3028211,3.0359936
3028212,3.8284788
3028213,0.05216114
3028214,0.6282182
3028215,882.0025
3028216,0.0032067345
3028217,206.60062
3028218,5.124898
3028219,374.96634
3028220,222.6836
3028221,69.746216
3028222,31.011112
3028223,29.323029
3028224,1565.3353
3028225,7.002434
3028226,0.4794515
3028227,9.028369
3028228,6.863198
3028229,0.10900931
3028230,68.86903
3028231,0.51694095
3028232,5.453845
3028233,0.4090104
3028234,13.508976
3028235,0.23935395
3028236,222.23267
3028237,103.523224
3028238,1.5099447
3028239,1.0529716
3028240,117.596306
3028241,16.629461
3028242,409.41898
3028243,0.62251306
3028244,2.2016292
3028245,4.537677
3028246,0.1257391
3028247,2.227524
3028248,2589.7732
3028249,0.007719236
3028250,556.22943
3028251,11.318194
3028252,746.30554
3028253,777.93195
3028254,216.66568
3028255,158.85016
3028256,89.32043
3028257,3250.3835
3028258,16.055008
3028259,2.4320962
3028260,16.043716
3028261,14.094349
3028262,0.13811219
3028263,189.51521
3028264,4.0418215
3028265,24.98067
3028266,5.304961
3028267,61.179768
3028268,4.2632813
3028269,244.17757
3028270,195.13063
3028271,9.11465
3028272,5.4312077
3028273,314.3587
3028274,58.886158
3028275,2034.1567
3028276,0.424047
3028277,10.725825
3028278,7.0575733
3028279,0.10798645
3028280,2.164631
3028281,3128.5217
3028282,0.0016235163
3028283,585.71844
3028284,12.719884
3028285,1202.1622
3028286,809.38446
3028287,368.34134
3028288,238.50351
3028289,66.47468
3028290,4433.9604
3028291,10.441868
3028292,0.3536838
3028293,31.527424
3028294,14.47641
3028295,1.076386
3028296,280.11115
3028297,0.009142574
3028298,6.644224
3028299,4.219045
3028300,39.671673
3028301,1.1645894
3028302,310.7893
3028303,361.4032
3028304,4.353023
3028305,5.1244416
3028306,223.42548
3028307,68.490166
3028308,1259.0209
3028309,2.573549
3028310,5.147721
3028311,5.725368
3028312,0.62879777
3028313,2.5816483
3028314,2938.6782
3028315,0.001951092
3028316,615.4827
3028317,10.083822
3028318,930.5485
3028319,725.6492
3028320,296.10968
3028321,195.29175
3028322,60.240868
3028323,3835.0564
3028324,10.399527
3028325,0.35055685
3028326,22.900883
3028327,18.611431
3028328,0.12776709
3028329,231.00131
3028330,0.0026115843
3028331,11.084986
3028332,3.8917346
3028333,61.472744
3028334,1.4055414
3028335,177.09341
3028336,242.33571
3028337,5.9841228
3028338,6.2302155
3028339,178.913
3028340,59.347042
3028341,1051.9998
3028342,2.1955588
3028343,5.178654
3028344,8.37458
3028345,0.60882556
3028346,13.788143
3028347,6900.702
3028348,0.06178402
3028349,1125.0692
3028350,44.803856
3028351,1816.0657
3028352,1795.7013
3028353,389.92523
3028354,406.72986
3028355,292.18375
3028356,7585.3354
3028357,69.44571
3028358,3.0506153
3028359,47.54054
3028360,49.037292
3028361,0.060000315
3028362,465.26868
3028363,28.927568
3028364,41.603146
3028365,23.821152
3028366,147.96605
3028367,26.367188
3028368,652.7071
3028369,441.91507
3028370,20.77302
3028371,24.075443
3028372,889.7856
3028373,255.43274
3028374,5562.5728
3028375,2.4817257
3028376,72.38525
3028377,3.193942
3028378,0.068950824
3028379,1.0620732
3028380,1195.7047
3028381,0.00068169215
3028382,147.7389
3028383,3.5438066
3028384,448.20532
3028385,242.2756
3028386,123.54332
3028387,111.92336
3028388,36.567898
3028389,1693.0468
3028390,5.316559
3028391,0.14840986
3028392,14.607361
3028393,8.591645
3028394,0.056713946
3028395,113.87921
3028396,1.1339633
3028397,0.0043534953
3028398,2.2605503
3028399,29.896727
3028400,0.9605409
3028401,131.96149
3028402,93.68081
3028403,2.3215914
3028404,3.3246298
3028405,108.77857
3028406,19.876698
3028407,416.68323
3028408,0.00019564157
3028409,3.3611007
3028410,7.590248
3028411,0.12777764
3028412,2.3082247
3028413,2676.3325
3028414,0.0047897603
3028415,502.72076
3028416,9.211904
3028417,1180.3671
3028418,685.9096
3028419,244.05835
3028420,248.6942
3028421,76.41663
3028422,4102.542
3028423,11.71057
3028424,0.44697332
3028425,19.738773
3028426,15.427341
3028427,0.12754957
3028428,266.15186
3028429,1.3863788
3028430,8.36637
3028431,9.649565
3028432,14.248729
3028433,1.7130926
3028434,576.53467
3028435,233.9569
3028436,2.8928108
3028437,5.0017633
3028438,152.92107
3028439,60.254246
3028440,1049.887
3028441,1.2299249
3028442,3.946484
3028443,1.374233
3028444,0.029095195
3028445,0.6013926
3028446,1048.644
3028447,0.0
3028448,109.61636
3028449,3.389749
3028450,457.51962
3028451,188.21783
3028452,119.97394
3028453,145.78918
3028454,17.98817
3028455,1826.4893
3028456,2.2661762
3028457,0.11306541
3028458,4.0433965
3028459,4.906974
3028460,0.053478006
3028461,89.68751
3028462,0.021708056
3028463,0.0
3028464,1.0180812
3028465,7.318529
3028466,0.31825554
3028467,112.764755
3028468,90.753174
3028469,0.63106894
3028470,1.2385952
3028471,67.16112
3028472,11.031346
3028473,191.45401
3028474,0.02595026
3028475,1.9814193
3028476,7.185668
3028477,0.22832611
3028478,1.7147126
3028479,1668.723
3028480,0.0031535176
3028481,209.4311
3028482,7.6087847
3028483,928.4046
3028484,395.2545
3028485,190.68195
3028486,110.50095
3028487,49.83942
3028488,2856.25
3028489,3.6547527
3028490,0.39000323
3028491,19.299002
3028492,17.974459
3028493,0.04804578
3028494,184.59555
3028495,0.0051527
3028496,0.07433723
3028497,10.07299
3028498,21.219294
3028499,1.4680271
3028500,394.6903
3028501,188.94139
3028502,1.5406375
3028503,3.90809
3028504,200.8286
3028505,28.821548
3028506,956.61395
3028507,0.01963456
3028508,1.0370378
3028509,2.8410053
3028510,0.356607
3028511,2.1751018
3028512,2310.3904
3028513,0.007015043
3028514,592.119
3028515,16.079073
3028516,813.29285
3028517,579.9862
3028518,234.51909
3028519,117.22501
3028520,59.708336
3028521,3432.6934
3028522,7.5398903
3028523,2.6803885
3028524,27.459272
3028525,39.03473
3028526,0.1537631
3028527,204.28514
3028528,2.2678945
3028529,5.6596975
3028530,4.1080265
3028531,34.079903
3028532,2.2893417
3028533,210.07648
3028534,272.3993
3028535,3.040276
3028536,5.826404
3028537,119.90727
3028538,35.057304
3028539,612.7023
3028540,4.4218726
3028541,4.483917
3028542,4.2019897
3028543,0.08075033
3028544,0.5313182
3028545,1392.0317
3028546,0.0
3028547,103.04416
3028548,1.5751424
3028549,472.8115
3028550,196.22716
3028551,94.84056
3028552,150.54312
3028553,30.850342
3028554,1949.3845
3028555,3.1881356
3028556,0.17406175
3028557,7.245596
3028558,8.167426
3028559,0.08207377
3028560,100.01584
3028561,0.039691314
3028562,0.0
3028563,0.1705674
3028564,12.705872
3028565,0.76274216
3028566,238.3601
3028567,85.7062
3028568,1.090652
3028569,1.2809358
3028570,76.041275
3028571,17.782251
3028572,336.2761
3028573,0.50192976
3028574,0.13703716
3028575,5.2087803
3028576,0.07452141
3028577,1.3989785
3028578,3648.1187
3028579,0.0029922102
3028580,545.21356
3028581,7.6246586
3028582,1217.2936
3028583,701.12366
3028584,242.56346
3028585,162.76158
3028586,72.81661
3028587,4685.513
3028588,6.7215853
3028589,0.16481887
3028590,21.009502
3028591,10.371575
3028592,0.07208774
3028593,226.58734
3028594,0.031732522
3028595,26.951824
3028596,3.141316
3028597,48.339703
3028598,1.0221157
3028599,403.97763
3028600,263.48752
3028601,3.3797836
3028602,3.2265425
3028603,152.23474
3028604,52.294834
3028605,1168.9388
3028606,0.30283776
3028607,1.387362
3028608,3.3105907
3028609,0.020370992
3028610,3.9870043
3028611,2334.164
3028612,0.0051453905
3028613,529.7743
3028614,10.888948
3028615,907.61816
3028616,765.83307
3028617,153.8411
3028618,90.93273
3028619,125.376175
3028620,3410.563
3028621,45.23108
3028622,1.5555365
3028623,23.082453
3028624,24.822721
3028625,0.07120736
3028626,223.07281
3028627,15.007685
3028628,22.61718
3028629,2.1341262
3028630,96.42274
3028631,9.016472
3028632,202.14616
3028633,227.57028
3028634,10.414632
3028635,13.36165
3028636,211.23692
3028637,81.73066
3028638,2161.2705
3028639,0.41508308
3028640,9.719552
3028641,6.149035
3028642,0.041121464
3028643,6.33464
3028644,1871.7744
3028645,0.0011581924
3028646,398.30215
3028647,12.686341
3028648,895.88727
3028649,706.6649
3028650,132.35909
3028651,63.56018
3028652,104.81372
3028653,3282.6572
3028654,22.403229
3028655,1.0191007
3028656,23.730625
3028657,35.34132
3028658,0.06052908
3028659,266.1205
3028660,18.442142
3028661,12.5650835
3028662,7.9675293
3028663,59.174408
3028664,10.07562
3028665,142.51674
3028666,296.47314
3028667,6.7638106
3028668,8.410035
3028669,100.36846
3028670,70.70101
3028671,1642.2751
3028672,19.179073
3028673,12.784844
3028674,8.913209
3028675,0.10986812
3028676,3.0125098
3028677,3134.1228
3028678,0.0035644968
3028679,683.7179
3028680,9.463457
3028681,1142.8961
3028682,588.05695
3028683,186.28754
3028684,253.24045
3028685,66.95945
3028686,4551.7847
3028687,30.195408
3028688,1.3636093
3028689,23.353657
3028690,21.190916
3028691,0.10585084
3028692,278.7747
3028693,3.5557356
3028694,11.665364
3028695,6.3485184
3028696,44.19512
3028697,3.0283747
3028698,203.12358
3028699,246.50452
3028700,5.811154
3028701,9.19522
3028702,195.03152
3028703,62.908146
3028704,1454.4419
3028705,13.589608
3028706,15.410711
3028707,3.5294404
3028708,0.01891633
3028709,3.2111511
3028710,2298.8247
3028711,0.006781101
3028712,371.70593
3028713,7.8668633
3028714,665.28186
3028715,647.8321
3028716,172.85194
3028717,100.77637
3028718,79.16971
3028719,3081.2578
3028720,16.929415
3028721,1.4299529
3028722,12.074022
3028723,9.5720215
3028724,0.056866817
3028725,187.84792
3028726,13.499017
3028727,15.473709
3028728,2.7508156
3028729,54.836914
3028730,6.553783
3028731,278.0898
3028732,178.31023
3028733,6.5838103
3028734,7.6218014
3028735,287.77435
3028736,58.63829
3028737,1755.4789
3028738,1.1030216
3028739,17.61559
3028740,3.0979662
3028741,0.3854089
3028742,1.9655473
3028743,3455.521
3028744,0.0018701135
3028745,369.3522
3028746,11.185884
3028747,1573.487
3028748,581.2786
3028749,297.398
3028750,135.55534
3028751,63.508972
3028752,5158.9946
3028753,12.566526
3028754,0.5796263
3028755,19.558485
3028756,22.708525
3028757,0.08649791
3028758,321.93854
3028759,0.005565697
3028760,0.080647044
3028761,6.134808
3028762,28.00833
3028763,1.8972802
3028764,163.2469
3028765,303.06494
3028766,2.6632066
3028767,8.591793
3028768,146.98534
3028769,42.993008
3028770,993.4134
3028771,0.035242893
3028772,4.7424746
3028773,6.3887143
3028774,0.13989268
3028775,4.795059
3028776,2048.6853
3028777,0.008259122
3028778,425.4659
3028779,11.082502
3028780,950.4221
3028781,595.4407
3028782,209.34804
3028783,95.68404
3028784,152.31075
3028785,3302.2751
3028786,25.245409
3028787,0.7450435
3028788,20.08335
3028789,24.131464
3028790,0.04083555
3028791,234.3828
3028792,12.426761
3028793,16.598185
3028794,5.3716173
3028795,52.140015
3028796,11.071348
3028797,179.37135
3028798,249.20575
3028799,10.935375
3028800,7.1971884
3028801,162.59018
3028802,51.22132
3028803,1770.8766
3028804,0.050472364
3028805,6.483403
3028806,3.5243526
3028807,0.029448079
3028808,3.7381225
3028809,2147.195
3028810,0.009156167
3028811,483.139
3028812,9.411907
3028813,749.0502
3028814,706.42065
3028815,139.97273
3028816,97.27508
3028817,112.73763
3028818,2799.7195
3028819,23.709644
3028820,0.8019699
3028821,16.347359
3028822,14.172475
3028823,0.112040654
3028824,183.29916
3028825,11.668273
3028826,28.987946
3028827,4.684538
3028828,62.89358
3028829,8.196035
3028830,209.5415
3028831,182.80472
3028832,7.262211
3028833,6.6530795
3028834,196.48274
3028835,53.324448
3028836,2063.6858
3028837,0.40174457
3028838,12.968094
3028839,5.678332
3028840,0.03828579
3028841,3.9464884
3028842,4235.1733
3028843,0.0
3028844,555.43555
3028845,10.511187
3028846,1422.2732
3028847,670.14777
3028848,306.37173
3028849,159.8584
3028850,53.46542
3028851,4611.5225
3028852,10.451062
3028853,0.16073617
3028854,15.49748
3028855,16.111675
3028856,0.042861216
3028857,268.6246
3028858,0.001690444
3028859,6.9433813
3028860,0.24287356
3028861,54.42815
3028862,3.2652874
3028863,317.86038
3028864,281.7453
3028865,1.9990048
3028866,2.146663
3028867,225.98087
3028868,128.24004
3028869,1084.5111
3028870,4.638678
3028871,0.7919302
3028872,12.050261
3028873,0.016758498
3028874,11.889938
3028875,7517.352
3028876,0.0073779463
3028877,1307.0883
3028878,28.92007
3028879,1990.2589
3028880,1994.9454
3028881,486.43015
3028882,419.14258
3028883,372.021
3028884,8939.243
3028885,68.21093
3028886,5.3768654
3028887,101.48964
3028888,105.445595
3028889,2.1237204
3028890,532.28784
3028891,22.767317
3028892,27.521282
3028893,18.571182
3028894,243.17955
3028895,24.225885
3028896,723.17804
3028897,467.681
3028898,29.155664
3028899,29.815289
3028900,920.8123
3028901,312.7152
3028902,7048.5747
3028903,463.24142
3028904,76.47362
3028905,11.717054
3028906,0.0118274875
3028907,10.069696
3028908,6748.119
3028909,0.011168277
3028910,1051.7396
3028911,27.16364
3028912,2196.5803
3028913,1730.3694
3028914,549.86096
3028915,258.3323
3028916,274.61954
3028917,9701.155
3028918,76.84689
3028919,0.85173464
3028920,53.638206
3028921,48.211517
3028922,0.7100488
3028923,575.88513
3028924,18.19227
3028925,31.426487
3028926,5.0247293
3028927,149.85359
3028928,19.989935
3028929,880.3754
3028930,640.3231
3028931,20.402573
3028932,21.051023
3028933,950.4439
3028934,235.11844
3028935,4726.2803
3028936,381.6412
3028937,61.337406
3028938,9.225186
3028939,0.12536776
3028940,12.909306
3028941,4695.15
3028942,0.0074566673
3028943,722.74927
3028944,17.347092
3028945,1991.8167
3028946,1225.8995
3028947,655.8028
3028948,111.460915
3028949,174.67696
3028950,8738.184
3028951,37.108936
3028952,2.179206
3028953,23.875103
3028954,19.539143
3028955,0.15547942
3028956,599.47345
3028957,21.981462
3028958,20.702131
3028959,5.439104
3028960,97.058914
3028961,6.047445
3028962,837.19257
3028963,675.8976
3028964,18.911253
3028965,20.827974
3028966,635.09265
3028967,133.05275
3028968,2386.0554
3028969,327.91278
3028970,37.389565
3028971,13.44519
3028972,0.014034326
3028973,17.020638
3028974,6454.704
3028975,0.007596231
3028976,1014.9537
3028977,23.18706
3028978,2125.68
3028979,1656.739
3028980,552.1288
3028981,259.40018
3028982,231.65004
3028983,9354.973
3028984,58.40295
3028985,1.6622972
3028986,37.231373
3028987,39.482983
3028988,0.031328328
3028989,574.83746
3028990,19.935413
3028991,24.595526
3028992,5.988849
3028993,143.34773
3028994,17.928808
3028995,690.74866
3028996,696.6856
3028997,18.212482
3028998,24.412106
3028999,809.13336
3029000,208.82791
3029001,4276.0435
3029002,454.45367
3029003,58.542023
3029004,9.261467
3029005,0.021984573
3029006,14.518758
3029007,3700.5747
3029008,0.0014912268
3029009,600.1679
3029010,15.442757
3029011,1872.2407
3029012,1019.5722
3029013,575.3583
3029014,74.36988
3029015,136.9458
3029016,7410.9766
3029017,35.79408
3029018,0.33825326
3029019,24.833769
3029020,23.203701
3029021,0.042862587
3029022,591.5553
3029023,18.553738
3029024,13.3513
3029025,2.9146547
3029026,86.69355
3029027,4.0226793
3029028,724.98004
3029029,677.0379
3029030,12.940563
3029031,17.787586
3029032,570.11163
3029033,83.85919
3029034,1691.7031
3029035,370.4211
3029036,24.259094
3029037,9.448689
3029038,0.037045702
3029039,8.868028
3029040,6692.341
3029041,0.009731129
3029042,1146.0859
3029043,27.979483
3029044,1762.241
3029045,1978.6576
3029046,386.24326
3029047,412.63754
3029048,393.3928
3029049,8020.4146
3029050,57.857204
3029051,2.4091113
3029052,39.999664
3029053,38.529095
3029054,0.7107774
3029055,491.35483
3029056,13.423987
3029057,27.440464
3029058,21.896336
3029059,165.93527
3029060,20.052433
3029061,701.1766
3029062,447.67014
3029063,20.5688
3029064,25.146399
3029065,829.14276
3029066,224.37628
3029067,6254.7285
3029068,292.22595
3029069,67.813995
3029070,5.311146
3029071,0.1690402
3029072,4.6776314
3029073,1580.1017
3029074,0.009601618
3029075,304.5043
3029076,14.522747
3029077,733.7534
3029078,399.08206
3029079,200.97397
3029080,62.188118
3029081,74.68544
3029082,2514.205
3029083,16.820673
3029084,0.49337637
3029085,18.503387
3029086,17.745062
3029087,0.08169012
3029088,187.08063
3029089,10.362296
3029090,4.2648754
3029091,8.33742
3029092,47.01281
3029093,5.875203
3029094,187.90105
3029095,208.50319
3029096,2.717815
3029097,5.960283
3029098,162.35913
3029099,50.929996
3029100,1110.1187
3029101,0.40918452
3029102,6.1042166
3029103,10.599854
3029104,0.020781418
3029105,11.513831
3029106,3308.4775
3029107,0.006644291
3029108,500.3996
3029109,28.03832
3029110,1366.8063
3029111,900.5988
3029112,397.63516
3029113,74.72876
3029114,120.82186
3029115,5824.0444
3029116,48.9003
3029117,0.58740664
3029118,42.356377
3029119,26.313078
3029120,1.8682334
3029121,359.54514
3029122,12.798789
3029123,7.852107
3029124,7.0502806
3029125,104.27914
3029126,8.107282
3029127,534.00195
3029128,445.45065
3029129,10.913157
3029130,22.804382
3029131,297.3721
3029132,77.51453
3029133,1880.0656
3029134,281.90335
3029135,14.321424
3029136,6.7497296
3029137,0.021029508
3029138,3.7733026
3029139,3690.1265
3029140,0.18217507
3029141,768.4681
3029142,14.292849
3029143,1105.545
3029144,1191.8068
3029145,181.8679
3029146,260.08078
3029147,215.90663
3029148,4169.1157
3029149,32.68354
3029150,1.8197484
3029151,26.238476
3029152,26.881174
3029153,0.15932855
3029154,249.15492
3029155,2.5717142
3029156,32.195194
3029157,4.393129
3029158,113.37722
3029159,9.468029
3029160,494.79733
3029161,241.97836
3029162,17.688826
3029163,7.8160696
3029164,581.8409
3029165,96.47357
3029166,3892.256
3029167,1.4082358
3029168,30.952747
3029169,8.988873
3029170,0.016874438
3029171,7.6337337
3029172,3383.317
3029173,0.0041047903
3029174,715.1139
3029175,17.50287
3029176,1524.4733
3029177,1141.1312
3029178,251.43521
3029179,146.9457
3029180,281.308
3029181,5204.5854
3029182,41.21282
3029183,2.3811638
3029184,43.291412
3029185,36.27851
3029186,0.15767355
3029187,312.88846
3029188,6.730541
3029189,45.310387
3029190,9.12543
3029191,171.29926
3029192,12.462623
3029193,373.467
3029194,326.96307
3029195,12.49058
3029196,24.417213
3029197,335.9125
3029198,122.04623
3029199,3876.9631
3029200,6.802207
3029201,4.551538
3029202,8.00352
3029203,0.098278075
3029204,4.8876963
3029205,1867.999
3029206,0.06687146
3029207,425.27075
3029208,7.5909195
3029209,917.1108
3029210,490.6754
3029211,196.25217
3029212,80.81877
3029213,101.40737
3029214,3007.455
3029215,14.048236
3029216,1.1632242
3029217,23.716284
3029218,19.85548
3029219,0.05398744
3029220,148.31964
3029221,3.6317902
3029222,14.229548
3029223,3.6192856
3029224,72.7382
3029225,3.4576268
3029226,206.22934
3029227,183.3637
3029228,5.2828946
3029229,5.235233
3029230,145.94339
3029231,54.104195
3029232,1739.3866
3029233,0.2941415
3029234,3.9291859
3029235,5.980853
3029236,0.06271304
3029237,1.3122826
3029238,1810.9487
3029239,0.0
3029240,169.48236
3029241,4.8473835
3029242,890.76135
3029243,216.99536
3029244,206.85538
3029245,50.402607
3029246,32.082695
3029247,2762.3872
3029248,5.852504
3029249,0.7624432
3029250,15.677134
3029251,12.202644
3029252,0.03170614
3029253,180.45676
3029254,0.029367577
3029255,0.0
3029256,3.8188052
3029257,12.125793
3029258,1.3519995
3029259,53.596886
3029260,154.96179
3029261,0.22746815
3029262,2.078615
3029263,47.41743
3029264,72.191086
3029265,491.76822
3029266,0.10000114
3029267,1.6958301
3029268,3.7655287
3029269,0.016832499
3029270,5.344245
3029271,2856.2827
3029272,0.0046559144
3029273,493.26254
3029274,11.459149
3029275,968.4834
3029276,754.5502
3029277,274.28802
3029278,104.371544
3029279,102.7114
3029280,4292.226
3029281,26.012165
3029282,1.8345795
3029283,19.374098
3029284,26.674828
3029285,0.04703703
3029286,262.3775
3029287,15.732405
3029288,11.580523
3029289,5.840263
3029290,51.432884
3029291,8.69505
3029292,379.58936
3029293,249.30861
3029294,8.601598
3029295,12.919816
3029296,420.4488
3029297,74.80282
3029298,1826.6042
3029299,95.649284
3029300,27.246689
3029301,3.841075
3029302,0.01416791
3029303,3.386951
3029304,3869.8025
3029305,0.0070569403
3029306,746.68695
3029307,18.101477
3029308,966.2365
3029309,1240.0801
3029310,177.44278
3029311,240.8864
3029312,202.49344
3029313,3981.7249
3029314,41.875744
3029315,2.6558897
3029316,22.915932
3029317,26.519686
3029318,0.6820829
3029319,227.94246
3029320,12.332259
3029321,37.059177
3029322,5.9057555
3029323,108.51495
3029324,12.858257
3029325,437.5878
3029326,220.49799
3029327,7.5004454
3029328,12.913877
3029329,606.44214
3029330,138.08925
3029331,4409.207
3029332,75.81897
3029333,36.029438
3029334,3.6089096
3029335,0.0465813
3029336,8.542743
3029337,3949.156
3029338,0.07554289
3029339,769.40576
3029340,21.853573
3029341,1175.7153
3029342,1212.552
3029343,248.21698
3029344,245.73058
3029345,147.70288
3029346,4948.9585
3029347,36.432606
3029348,2.761955
3029349,32.26374
3029350,39.19059
3029351,0.036188465
3029352,326.03857
3029353,21.23894
3029354,28.740839
3029355,17.625307
3029356,93.46949
3029357,16.204664
3029358,407.46466
3029359,298.88547
3029360,15.710339
3029361,22.19827
3029362,492.59366
3029363,145.78835
3029364,3675.2417
3029365,2.21212
3029366,32.8039
3029367,10.964143
3029368,0.31486416
3029369,6.4695745
3029370,3418.8076
3029371,0.005837365
3029372,484.14798
3029373,15.849791
3029374,1663.7543
3029375,824.12524
3029376,545.899
3029377,143.37128
3029378,81.683495
3029379,6123.0757
3029380,13.197026
3029381,0.8504877
3029382,39.447636
3029383,32.008358
3029384,0.17806773
3029385,438.7274
3029386,11.159088
3029387,5.34843
3029388,4.9313464
3029389,47.830204
3029390,2.6017716
3029391,509.0382
3029392,407.5718
3029393,6.5354605
3029394,9.530225
3029395,336.30762
3029396,84.01237
3029397,1276.0189
3029398,140.45471
3029399,18.129753
