id,sales
3000888,2.468261
3000889,0
3000890,2.9677043
3000891,1891.183
3000892,0
3000893,326.81595
3000894,8.558842
3000895,597.3084
3000896,568.5107
3000897,150.83331
3000898,124.67314
3000899,83.90509
3000900,2899.4148
3000901,17.270212
3000902,0.34727946
3000903,12.342937
3000904,10.333632
3000905,0.012991755
3000906,131.70818
3000907,7.7430334
3000908,6.360758
3000909,2.698807
3000910,56.590088
3000911,3.1890736
3000912,241.14098
3000913,170.02356
3000914,5.4113183
3000915,6.9365077
3000916,255.00195
3000917,68.74963
3000918,1778.3629
3000919,0.58573985
3000920,20.362202
3000921,1.6120353
3000922,0
3000923,0.50693786
3000924,1233.8424
3000925,0
3000926,164.41928
3000927,2.4579747
3000928,519.0623
3000929,213.40474
3000930,132.57509
3000931,68.01
3000932,23.285563
3000933,2169.0771
3000934,1.7285976
3000935,0.17473309
3000936,6.953046
3000937,5.173153
3000938,0.05117134
3000939,102.3556
3000940,0.5082667
3000941,0.020371586
3000942,2.2156136
3000943,12.659802
3000944,0.29034302
3000945,125.6924
3000946,142.10255
3000947,0.31622836
3000948,1.6072366
3000949,98.52668
3000950,18.43405
3000951,360.76923
3000952,0.12204897
3000953,1.0725641
3000954,5.4919105
3000955,0.11221386
3000956,2.1032157
3000957,3932.5776
3000958,0.15906723
3000959,506.82355
3000960,9.852466
3000961,1671.2584
3000962,799.9768
3000963,326.83066
3000964,160.02078
3000965,67.943634
3000966,5624.285
3000967,6.6166406
3000968,0.79499006
3000969,22.297697
3000970,17.455938
3000971,0.3534891
3000972,287.09616
3000973,2.8454869
3000974,1.3948491
3000975,4.053616
3000976,29.248446
3000977,1.8043404
3000978,339.0339
3000979,362.01077
3000980,2.0576851
3000981,7.29704
3000982,292.28455
3000983,55.027607
3000984,1202.3109
3000985,1.0650754
3000986,4.702075
3000987,2.1823676
3000988,0.002728049
3000989,0.54347336
3000990,1555.701
3000991,0
3000992,212.05846
3000993,4.089466
3000994,751.7775
3000995,291.17456
3000996,160.49045
3000997,70.7584
3000998,35.0391
3000999,2351.8574
3001000,2.5800638
3001001,0.21578576
3001002,11.210005
3001003,8.241349
3001004,0
3001005,134.40797
3001006,0.7302822
3001007,0.14706627
3001008,3.4431415
3001009,19.039097
3001010,0.45894873
3001011,144.07115
3001012,174.04672
3001013,0.43569997
3001014,2.6927218
3001015,114.84306
3001016,30.535215
3001017,426.68228
3001018,0.3044411
3001019,1.2927232
3001020,1.7756355
3001021,0.007122159
3001022,0.58088577
3001023,1351.482
3001024,0
3001025,175.79514
3001026,3.5762448
3001027,616.93427
3001028,243.61179
3001029,134.02989
3001030,60.389248
3001031,29.043535
3001032,2199.4934
3001033,2.1200037
3001034,0.13419916
3001035,9.044078
3001036,6.7009373
3001037,0
3001038,110.88052
3001039,0.59813654
3001040,0.068611614
3001041,2.8953514
3001042,16.968807
3001043,0.32843053
3001044,125.136566
3001045,143.66512
3001046,0.33195955
3001047,2.3321152
3001048,97.34652
3001049,25.587965
3001050,347.1952
3001051,0.18051247
3001052,1.1741359
3001053,2.6706064
3001054,0
3001055,0.5254965
3001056,1854.9937
3001057,0
3001058,211.59346
3001059,4.320472
3001060,766.63464
3001061,293.83255
3001062,161.47284
3001063,72.76566
3001064,34.77435
3001065,2795.5798
3001066,2.0883424
3001067,0.08447364
3001068,12.159858
3001069,8.838097
3001070,0
3001071,146.6012
3001072,0.7525897
3001073,0.01328915
3001074,3.5008855
3001075,18.934586
3001076,0.39364082
3001077,145.55783
3001078,177.69533
3001079,0.44489142
3001080,2.8009357
3001081,123.92499
3001082,30.513968
3001083,545.7373
3001084,0.16008416
3001085,1.1087236
3001086,2.340751
3001087,0
3001088,0.88178945
3001089,1790.6682
3001090,0
3001091,227.6262
3001092,4.3761563
3001093,814.65027
3001094,316.23038
3001095,164.44673
3001096,80.05062
3001097,38.75235
3001098,2654.018
3001099,3.607802
3001100,0.29296246
3001101,12.600963
3001102,9.031942
3001103,0.035914853
3001104,155.61694
3001105,1.0892105
3001106,0.4095625
3001107,2.074426
3001108,22.476723
3001109,0.66678274
3001110,158.76184
3001111,179.0771
3001112,0.69546735
3001113,2.8056946
3001114,131.88689
3001115,32.631172
3001116,558.2706
3001117,0.408378
3001118,2.4819498
3001119,3.1864386
3001120,0.015107241
3001121,0.5699954
3001122,1205.0509
3001123,0
3001124,161.558
3001125,2.6342132
3001126,532.10834
3001127,214.2751
3001128,127.42294
3001129,57.637276
3001130,26.535398
3001131,1835.1147
3001132,1.893522
3001133,0.07815348
3001134,7.993246
3001135,5.804448
3001136,0.052044876
3001137,122.89733
3001138,0.47923806
3001139,0.14622621
3001140,2.7998023
3001141,17.909111
3001142,0.18650764
3001143,109.65039
3001144,137.03041
3001145,0.2388015
3001146,1.6352205
3001147,85.62049
3001148,24.198019
3001149,458.2483
3001150,0
3001151,1.3232126
3001152,3.1346545
3001153,0.03069533
3001154,1.4610512
3001155,3094.511
3001156,0.05981439
3001157,372.6038
3001158,4.938069
3001159,1114.8872
3001160,567.161
3001161,250.62822
3001162,144.8692
3001163,63.80767
3001164,4611.1133
3001165,4.7441974
3001166,0.5205424
3001167,14.2837105
3001168,10.447079
3001169,0.19516338
3001170,194.75204
3001171,1.5928736
3001172,0.83024025
3001173,2.6420753
3001174,29.262035
3001175,1.0221529
3001176,275.43518
3001177,275.2125
3001178,1.1446955
3001179,3.3685226
3001180,251.31355
3001181,51.143997
3001182,958.0973
3001183,0.6302694
3001184,3.8885207
3001185,2.3073213
3001186,0
3001187,1.0570054
3001188,1015.40234
3001189,0
3001190,119.55489
3001191,1.0810897
3001192,379.00363
3001193,177.0991
3001194,81.10564
3001195,49.11245
3001196,22.766285
3001197,1790.728
3001198,4.7792416
3001199,0.24840094
3001200,8.502333
3001201,7.6604156
3001202,0.17282517
3001203,53.19188
3001204,2.006652
3001205,0.9455614
3001206,1.8487074
3001207,22.118273
3001208,0.19844954
3001209,85.37969
3001210,84.02891
3001211,1.5462747
3001212,0.8284323
3001213,66.86677
3001214,20.317978
3001215,414.1272
3001216,0.07264495
3001217,4.3070664
3001218,2.589135
3001219,0.01494749
3001220,0.89489007
3001221,1721.9532
3001222,0.021629835
3001223,216.33702
3001224,5.0892386
3001225,768.6391
3001226,306.89688
3001227,151.35912
3001228,71.84538
3001229,34.13463
3001230,2806.3755
3001231,3.7307591
3001232,0.35192156
3001233,13.140525
3001234,9.838466
3001235,0.073998794
3001236,137.85732
3001237,1.3811774
3001238,0.50619113
3001239,3.5088625
3001240,19.923363
3001241,0.8220788
3001242,152.6298
3001243,163.3051
3001244,0.9153056
3001245,3.537984
3001246,120.42877
3001247,28.789186
3001248,456.80023
3001249,0.5038631
3001250,2.4094388
3001251,3.1792374
3001252,0
3001253,3.5415764
3001254,3274.622
3001255,0.03894162
3001256,555.4714
3001257,11.083473
3001258,1032.2372
3001259,1015.6142
3001260,212.62009
3001261,168.94456
3001262,126.1965
3001263,4651.571
3001264,22.345098
3001265,0.61419713
3001266,17.842861
3001267,14.371613
3001268,0.17758948
3001269,197.74625
3001270,9.927847
3001271,7.5806313
3001272,3.7866783
3001273,64.93502
3001274,4.163344
3001275,390.03952
3001276,253.42273
3001277,6.6928463
3001278,8.888675
3001279,432.24106
3001280,100.023254
3001281,2915.5288
3001282,0.9524534
3001283,26.510424
3001284,4.758071
3001285,0
3001286,2.7733803
3001287,2633.324
3001288,0.013371112
3001289,431.52728
3001290,5.276497
3001291,1537.8606
3001292,575.39954
3001293,363.81042
3001294,178.29253
3001295,52.01706
3001296,4185.6445
3001297,11.434145
3001298,0.7511257
3001299,15.848757
3001300,12.376254
3001301,0.06869187
3001302,269.10986
3001303,2.7058387
3001304,2.4556613
3001305,4.024952
3001306,46.310932
3001307,1.7371624
3001308,287.17627
3001309,379.37146
3001310,1.9615762
3001311,4.008659
3001312,223.51591
3001313,40.077255
3001314,1268.1322
3001315,1.1024833
3001316,8.455782
3001317,4.7451425
3001318,0
3001319,1.8810384
3001320,2120.0845
3001321,0.0019257857
3001322,379.22964
3001323,6.1471753
3001324,1361.8038
3001325,524.92926
3001326,342.64352
3001327,142.40927
3001328,58.921864
3001329,3227.537
3001330,8.455994
3001331,0.8226054
3001332,20.210514
3001333,15.724043
3001334,0.09585108
3001335,302.37067
3001336,2.4759629
3001337,1.5138476
3001338,3.6931376
3001339,54.229515
3001340,1.5880127
3001341,234.02884
3001342,362.43375
3001343,1.7272434
3001344,4.5313325
3001345,174.90948
3001346,47.885616
3001347,1257.4471
3001348,1.1882682
3001349,6.0497165
3001350,2.6017058
3001351,0
3001352,0.5906954
3001353,1115.9034
3001354,0
3001355,154.14449
3001356,2.7708082
3001357,603.5609
3001358,209.76892
3001359,152.8088
3001360,71.21204
3001361,28.524925
3001362,1888.6268
3001363,2.9796927
3001364,0.365796
3001365,11.453551
3001366,8.883047
3001367,0.0050876527
3001368,129.60115
3001369,0.77570915
3001370,0.32250026
3001371,1.9629312
3001372,20.816923
3001373,0.4423362
3001374,102.66448
3001375,160.9312
3001376,0.4820355
3001377,1.9280908
3001378,79.69718
3001379,23.561922
3001380,597.20917
3001381,0.39098054
3001382,2.144207
3001383,1.4551573
3001384,0
3001385,1.4857092
3001386,1778.1017
3001387,0
3001388,283.13754
3001389,4.849387
3001390,563.7488
3001391,458.83444
3001392,136.66016
3001393,104.73363
3001394,58.379898
3001395,2761.7363
3001396,10.463734
3001397,0.22113162
3001398,8.886541
3001399,6.6976385
3001400,0
3001401,95.12693
3001402,3.8664536
3001403,1.9494452
3001404,1.809562
3001405,38.453114
3001406,1.2440124
3001407,213.10857
3001408,157.29619
3001409,2.0409217
3001410,3.4729476
3001411,212.51387
3001412,48.208866
3001413,1191.1648
3001414,0.3339872
3001415,11.165132
3001416,4.0072484
3001417,0
3001418,4.118419
3001419,3322.6885
3001420,0
3001421,555.954
3001422,11.262985
3001423,1172.4583
3001424,1021.04974
3001425,279.75934
3001426,195.52036
3001427,167.99432
3001428,4163.643
3001429,22.046356
3001430,0.5110104
3001431,20.58746
3001432,16.371008
3001433,0
3001434,200.71555
3001435,8.732648
3001436,9.632052
3001437,3.9138217
3001438,75.19108
3001439,3.7469397
3001440,392.89062
3001441,320.65836
3001442,6.395052
3001443,8.896607
3001444,426.9736
3001445,132.87651
3001446,2579.6138
3001447,0.90627503
3001448,24.30318
3001449,2.205836
3001450,0
3001451,1.6152453
3001452,942.08813
3001453,0.014490549
3001454,148.67899
3001455,2.4264555
3001456,298.47647
3001457,211.82309
3001458,87.01751
3001459,63.489014
3001460,36.12163
3001461,1602.6886
3001462,5.009085
3001463,0.25137612
3001464,7.0102644
3001465,6.426447
3001466,0.101911366
3001467,33.301174
3001468,2.6008816
3001469,1.6318204
3001470,1.8898461
3001471,37.875866
3001472,0.7432004
3001473,113.42468
3001474,92.180084
3001475,2.1929026
3001476,1.8357527
3001477,100.047485
3001478,31.531116
3001479,240.77396
3001480,0.25660068
3001481,4.063132
3001482,2.2917578
3001483,0
3001484,0.8118535
3001485,1177.0645
3001486,0
3001487,161.21413
3001488,2.1446912
3001489,455.3674
3001490,226.89021
3001491,103.68843
3001492,61.360954
3001493,26.500547
3001494,1944.7335
3001495,2.3374567
3001496,0.13633862
3001497,7.1009083
3001498,4.8045797
3001499,0
3001500,76.84403
3001501,0.6334672
3001502,0.42988467
3001503,2.0147266
3001504,21.291498
3001505,0.32008037
3001506,119.29528
3001507,110.860146
3001508,0.3540005
3001509,1.3564353
3001510,98.52853
3001511,21.759304
3001512,438.0632
3001513,0.120436534
3001514,1.7339816
3001515,3.1856642
3001516,0.015127691
3001517,4.1000605
3001518,2995.1204
3001519,0.074398555
3001520,485.08255
3001521,9.707832
3001522,910.8139
3001523,901.6411
3001524,197.48183
3001525,156.55226
3001526,114.34473
3001527,4341.6323
3001528,17.84322
3001529,0.6284689
3001530,15.952604
3001531,12.960334
3001532,0.15130863
3001533,146.08136
3001534,7.8895397
3001535,6.843897
3001536,3.9891486
3001537,65.06326
3001538,3.552868
3001539,344.27847
3001540,231.1228
3001541,5.6306
3001542,7.7698565
3001543,374.90216
3001544,92.26418
3001545,2652.24
3001546,1.0175433
3001547,20.141558
3001548,3.8444853
3001549,0.08206598
3001550,1.4034221
3001551,3212.1052
3001552,0.10598085
3001553,401.64392
3001554,6.5064836
3001555,1311.96
3001556,622.7568
3001557,285.15176
3001558,145.1134
3001559,69.475204
3001560,4595.8364
3001561,4.374438
3001562,0.5296415
3001563,16.231071
3001564,12.309348
3001565,0.18622762
3001566,212.46329
3001567,1.4873893
3001568,0.8698603
3001569,3.0932407
3001570,37.298683
3001571,1.0329723
3001572,278.6996
3001573,310.41354
3001574,1.0657496
3001575,4.3887453
3001576,249.39145
3001577,57.36674
3001578,1104.2325
3001579,0.7158598
3001580,2.8466551
3001581,4.2101607
3001582,0
3001583,2.1101136
3001584,2197.3467
3001585,0.019451948
3001586,383.45932
3001587,4.852947
3001588,1373.2726
3001589,516.37665
3001590,331.19028
3001591,150.28313
3001592,50.893124
3001593,3579.1973
3001594,6.751964
3001595,0.6437024
3001596,15.107691
3001597,11.797129
3001598,0.0058942316
3001599,262.848
3001600,1.7903636
3001601,1.7145112
3001602,3.6824627
3001603,61.244644
3001604,1.2545102
3001605,245.25232
3001606,345.0101
3001607,1.3094666
3001608,3.5619535
3001609,186.66774
3001610,39.216095
3001611,1179.5962
3001612,0.9513067
3001613,4.874012
3001614,8.523875
3001615,0.15726434
3001616,9.406405
3001617,6887.4585
3001618,0.27221814
3001619,1206.1459
3001620,27.161303
3001621,2370.9907
3001622,2236.1946
3001623,425.76395
3001624,313.67014
3001625,348.74988
3001626,8315.472
3001627,53.263157
3001628,1.5715961
3001629,44.754955
3001630,36.28498
3001631,0.6020973
3001632,509.40704
3001633,24.58005
3001634,23.670351
3001635,9.551228
3001636,131.90703
3001637,12.5363655
3001638,798.7834
3001639,529.21875
3001640,17.584005
3001641,22.661818
3001642,933.3516
3001643,276.8867
3001644,7009.087
3001645,2.8729012
3001646,74.13506
3001647,1.2379906
3001648,0
3001649,0.60479474
3001650,1360.016
3001651,0
3001652,159.72981
3001653,1.8459578
3001654,503.98166
3001655,210.4107
3001656,117.232285
3001657,69.64801
3001658,29.248669
3001659,2114.7327
3001660,1.7079661
3001661,0.13515414
3001662,6.545019
3001663,4.519588
3001664,0
3001665,83.73825
3001666,0.3656008
3001667,0.121239915
3001668,2.1189668
3001669,20.6328
3001670,0.24575056
3001671,123.009514
3001672,124.93908
3001673,0.19669046
3001674,1.1566203
3001675,104.46102
3001676,24.521982
3001677,441.0142
3001678,0.15088494
3001679,1.0524163
3001680,3.7616944
3001681,0.061261173
3001682,1.1544633
3001683,2812.4353
3001684,0.07605573
3001685,352.29684
3001686,5.991034
3001687,1196.8306
3001688,524.6427
3001689,267.94983
3001690,123.660904
3001691,52.7824
3001692,4191.7383
3001693,3.661605
3001694,0.47857955
3001695,15.084051
3001696,11.469585
3001697,0.19447674
3001698,221.81918
3001699,1.282381
3001700,0.603253
3001701,4.916065
3001702,25.589602
3001703,0.87166417
3001704,242.77493
3001705,295.2131
3001706,0.92002594
3001707,4.0593076
3001708,205.27689
3001709,45.08355
3001710,939.2951
3001711,0.5716243
3001712,2.1246016
3001713,0.7890924
3001714,0
3001715,0.22502352
3001716,899.4796
3001717,0
3001718,111.204926
3001719,1.1449692
3001720,351.91748
3001721,137.1658
3001722,84.30713
3001723,48.848778
3001724,17.401997
3001725,1508.0143
3001726,0.8853661
3001727,0
3001728,4.252284
3001729,2.99325
3001730,0
3001731,61.928356
3001732,0.046963297
3001733,0
3001734,1.5704949
3001735,14.207053
3001736,0.013594078
3001737,87.04605
3001738,87.87787
3001739,0
3001740,0.6709671
3001741,68.73527
3001742,13.942836
3001743,295.87445
3001744,0
3001745,0.47576445
3001746,2.9388995
3001747,0.048080143
3001748,0.85450375
3001749,2033.1554
3001750,0.039859395
3001751,246.5083
3001752,4.4226
3001753,840.0055
3001754,338.29904
3001755,214.01064
3001756,94.50816
3001757,40.72539
3001758,3109.826
3001759,2.154085
3001760,0.24155776
3001761,10.7570715
3001762,8.257028
3001763,0.103867754
3001764,168.44225
3001765,0.7467458
3001766,0.20806414
3001767,3.8740363
3001768,21.0683
3001769,0.50820434
3001770,177.46584
3001771,230.86948
3001772,0.4991996
3001773,2.9771905
3001774,144.74524
3001775,35.041523
3001776,678.8366
3001777,0.3133607
3001778,1.0296195
3001779,4.3526516
3001780,0.114217706
3001781,1.4960103
3001782,2315.489
3001783,0.11021499
3001784,336.8749
3001785,7.9000387
3001786,1100.2838
3001787,497.67548
3001788,246.25975
3001789,101.73669
3001790,49.647617
3001791,3699.7488
3001792,4.2727795
3001793,0.4938412
3001794,16.755007
3001795,13.244894
3001796,0.23186243
3001797,192.09764
3001798,1.6528225
3001799,0.6323229
3001800,5.3148775
3001801,25.841301
3001802,1.0522811
3001803,214.93956
3001804,268.48218
3001805,1.128267
3001806,5.713489
3001807,171.21236
3001808,43.26997
3001809,692.95825
3001810,0.68203294
3001811,2.157429
3001812,1.022574
3001813,0
3001814,0.37828898
3001815,1186.9752
3001816,0
3001817,130.99655
3001818,1.5265465
3001819,410.66946
3001820,164.0045
3001821,99.490204
3001822,59.08885
3001823,23.002089
3001824,1872.0156
3001825,1.0296285
3001826,0.06466274
3001827,5.3642497
3001828,3.7984176
3001829,0
3001830,70.793274
3001831,0.12712696
3001832,0
3001833,1.8303199
3001834,17.607481
3001835,0.10814348
3001836,104.057434
3001837,105.42464
3001838,0.031227289
3001839,0.91964686
3001840,85.66011
3001841,18.516306
3001842,374.87314
3001843,0.0782903
3001844,0.5504948
3001845,3.3747458
3001846,0.015546346
3001847,1.2731409
3001848,2551.6523
3001849,0.0898229
3001850,322.08438
3001851,4.3541613
3001852,1009.37805
3001853,454.71393
3001854,216.9567
3001855,124.85365
3001856,66.013405
3001857,3949.205
3001858,3.1892014
3001859,0.5352731
3001860,12.471109
3001861,9.527286
3001862,0.10882153
3001863,162.87094
3001864,0.91183877
3001865,0.7679055
3001866,3.7838454
3001867,36.75784
3001868,0.78982687
3001869,240.11588
3001870,241.15875
3001871,0.6738188
3001872,2.9691179
3001873,218.77176
3001874,48.294632
3001875,989.07947
3001876,0.6938107
3001877,1.9914093
3001878,3.3223271
3001879,0.0049493797
3001880,4.93476
3001881,2569.2231
3001882,0.059846908
3001883,368.22266
3001884,12.268578
3001885,868.3646
3001886,660.4534
3001887,181.58647
3001888,134.00993
3001889,100.68769
3001890,3680.55
3001891,25.941582
3001892,0.64148235
3001893,18.634865
3001894,14.382835
3001895,0.22085434
3001896,209.93874
3001897,10.626834
3001898,9.310554
3001899,4.5441103
3001900,64.416885
3001901,4.0562086
3001902,263.76462
3001903,204.83444
3001904,6.850988
3001905,9.68204
3001906,264.85208
3001907,85.63747
3001908,2676.7627
3001909,0.9188318
3001910,29.905876
3001911,3.170505
3001912,0.0032401758
3001913,3.7586846
3001914,2215.437
3001915,0.044948254
3001916,321.47736
3001917,10.987739
3001918,857.78815
3001919,575.81384
3001920,166.19441
3001921,115.43212
3001922,81.10121
3001923,3252.989
3001924,17.330275
3001925,0.5275159
3001926,21.53112
3001927,16.85218
3001928,0.20020124
3001929,215.14168
3001930,8.578077
3001931,6.141076
3001932,3.9329176
3001933,57.415634
3001934,3.9192033
3001935,223.88654
3001936,186.96667
3001937,5.9902573
3001938,8.728954
3001939,222.27226
3001940,69.96312
3001941,2418.1328
3001942,0.81694376
3001943,19.122114
3001944,3.8585715
3001945,0.0335278
3001946,3.432794
3001947,2646.2222
3001948,0.06880069
3001949,367.51187
3001950,7.8495846
3001951,1147.7533
3001952,587.5412
3001953,231.12535
3001954,133.3962
3001955,75.53105
3001956,3812.918
3001957,12.139526
3001958,0.71712184
3001959,24.177883
3001960,17.812073
3001961,0.25516275
3001962,256.70267
3001963,4.345622
3001964,3.355939
3001965,5.4781866
3001966,44.441208
3001967,1.9330254
3001968,251.05104
3001969,252.06529
3001970,2.6735392
3001971,5.47395
3001972,227.60332
3001973,63.39563
3001974,1558.2277
3001975,0.91788554
3001976,11.233791
3001977,2.4922884
3001978,0
3001979,3.1379294
3001980,2635.9255
3001981,0.020028075
3001982,452.53204
3001983,8.783396
3001984,831.67487
3001985,804.28094
3001986,181.06396
3001987,147.47339
3001988,99.45738
3001989,3951.0476
3001990,17.828777
3001991,0.4879138
3001992,14.054739
3001993,11.12336
3001994,0.13462138
3001995,152.19061
3001996,7.8626404
3001997,5.438112
3001998,2.9410496
3001999,57.25363
3002000,3.0757551
3002001,326.7472
3002002,214.47466
3002003,5.0769706
3002004,6.940914
3002005,352.81763
3002006,79.54518
3002007,2329.433
3002008,0.7370776
3002009,20.612621
3002010,3.329997
3002011,0.05335493
3002012,0.89483905
3002013,2550.001
3002014,0.06332315
3002015,303.97772
3002016,5.4479694
3002017,1058.6475
3002018,438.19595
3002019,232.77922
3002020,108.572624
3002021,48.7633
3002022,3873.9429
3002023,3.0693069
3002024,0.38243678
3002025,13.092238
3002026,9.917993
3002027,0.12624884
3002028,180.40044
3002029,1.0317557
3002030,0.3781411
3002031,2.5828285
3002032,24.731194
3002033,0.7447338
3002034,214.71336
3002035,252.47664
3002036,0.7271501
3002037,3.6997843
3002038,182.67128
3002039,41.3409
3002040,702.3659
3002041,0.5183524
3002042,1.7355907
3002043,3.0338826
3002044,0
3002045,3.7233143
3002046,2328.5244
3002047,0.0058113756
3002048,339.02643
3002049,9.084455
3002050,880.5633
3002051,599.5024
3002052,170.13516
3002053,112.683846
3002054,75.162926
3002055,3251.4937
3002056,13.087892
3002057,0.44421265
3002058,18.990242
3002059,14.730139
3002060,0.06061404
3002061,170.82144
3002062,6.7695527
3002063,5.389448
3002064,4.021067
3002065,48.33002
3002066,3.2140226
3002067,236.60115
3002068,190.74109
3002069,4.9621487
3002070,7.222913
3002071,231.4889
3002072,62.488445
3002073,1849.9436
3002074,0.8388784
3002075,12.244064
3002076,3.757216
3002077,0
3002078,3.3473597
3002079,1897.8634
3002080,0
3002081,315.91547
3002082,8.944131
3002083,861.27966
3002084,411.17426
3002085,229.87234
3002086,163.6432
3002087,81.029015
3002088,3126.314
3002089,21.282316
3002090,0.9090409
3002091,13.707122
3002092,10.255522
3002093,0.00593887
3002094,167.35258
3002095,8.967628
3002096,5.123097
3002097,3.3300457
3002098,82.538315
3002099,3.3366208
3002100,249.0222
3002101,244.1875
3002102,4.8849373
3002103,7.263773
3002104,214.08374
3002105,64.26668
3002106,1086.289
3002107,1.4281378
3002108,17.76471
3002109,2.6983035
3002110,0.045242805
3002111,0.7684537
3002112,2425.4446
3002113,0.04976873
3002114,256.50906
3002115,3.9928613
3002116,856.91675
3002117,367.8473
3002118,202.28201
3002119,101.87193
3002120,42.512413
3002121,3747.9492
3002122,1.990272
3002123,0.24036352
3002124,9.874634
3002125,7.521594
3002126,0.08286012
3002127,137.42972
3002128,0.7399008
3002129,0.24150339
3002130,3.1785283
3002131,24.702518
3002132,0.52719057
3002133,192.51456
3002134,215.8117
3002135,0.51733255
3002136,2.6754272
3002137,164.91434
3002138,35.2377
3002139,692.4882
3002140,0.33470324
3002141,1.1081312
3002142,10.84893
3002143,0.25883937
3002144,11.383371
3002145,8563.661
3002146,0.41426262
3002147,1538.7458
3002148,31.642708
3002149,3113.795
3002150,2685.8398
3002151,522.5355
3002152,371.5112
3002153,423.4876
3002154,10005.374
3002155,54.07924
3002156,2.0346076
3002157,55.15393
3002158,44.847458
3002159,0.82615674
3002160,623.53625
3002161,28.705336
3002162,25.861025
3002163,11.77376
3002164,142.9479
3002165,16.366415
3002166,1012.81757
3002167,668.4873
3002168,21.444752
3002169,27.080473
3002170,1180.085
3002171,326.0905
3002172,8037.208
3002173,4.0720034
3002174,72.071304
3002175,7.396492
3002176,0.1825751
3002177,7.894889
3002178,7425.517
3002179,0.30954558
3002180,1326.711
3002181,24.606764
3002182,2546.4395
3002183,2318.9026
3002184,431.07315
3002185,319.34335
3002186,336.67227
3002187,9005.797
3002188,46.66505
3002189,1.5456371
3002190,40.67436
3002191,33.09843
3002192,0.6444349
3002193,479.37692
3002194,22.16178
3002195,18.98939
3002196,8.729639
3002197,117.50134
3002198,11.8364315
3002199,891.6254
3002200,556.5606
3002201,15.967617
3002202,20.793928
3002203,1038.9392
3002204,257.19403
3002205,6697.028
3002206,2.826806
3002207,62.53802
3002208,6.1499605
3002209,0.14289692
3002210,5.49763
3002211,6011.485
3002212,0.24344353
3002213,976.0527
3002214,18.827995
3002215,2170.4807
3002216,1757.4675
3002217,347.8014
3002218,242.21495
3002219,195.09155
3002220,7544.281
3002221,27.657293
3002222,1.2419398
3002223,37.03896
3002224,29.466513
3002225,0.5310252
3002226,404.16385
3002227,15.41291
3002228,10.77164
3002229,6.9170437
3002230,83.77972
3002231,7.680912
3002232,640.3962
3002233,428.77856
3002234,10.8411045
3002235,15.52989
3002236,718.5721
3002237,149.32716
3002238,4672.204
3002239,2.0043118
3002240,32.210262
3002241,7.146989
3002242,0.16817503
3002243,7.4131727
3002244,6946.7905
3002245,0.28438568
3002246,1219.3938
3002247,23.333807
3002248,2438.0261
3002249,2152.9792
3002250,409.36575
3002251,296.3743
3002252,290.70502
3002253,8496.266
3002254,39.854168
3002255,1.4666216
3002256,40.856594
3002257,33.004173
3002258,0.60453975
3002259,472.91315
3002260,20.37663
3002261,17.07523
3002262,8.356077
3002263,107.33439
3002264,10.959468
3002265,816.53687
3002266,523.97516
3002267,14.957063
3002268,19.650826
3002269,945.1407
3002270,221.85861
3002271,6249.1826
3002272,2.6387382
3002273,50.95827
3002274,5.2236185
3002275,0.11006434
3002276,4.338675
3002277,5303.8354
3002278,0.19182304
3002279,852.34924
3002280,15.458601
3002281,1960.5375
3002282,1527.6787
3002283,319.67578
3002284,218.3762
3002285,158.0211
3002286,6762.359
3002287,21.377817
3002288,1.0407948
3002289,32.353863
3002290,25.317312
3002291,0.4479569
3002292,358.31232
3002293,11.624893
3002294,7.5237455
3002295,5.916378
3002296,70.47881
3002297,5.411263
3002298,563.81635
3002299,392.51273
3002300,7.803339
3002301,12.246019
3002302,620.81195
3002303,121.160706
3002304,3521.0437
3002305,1.5844781
3002306,23.968538
3002307,6.342716
3002308,0.095371164
3002309,7.0101995
3002310,6372.578
3002311,0.19269267
3002312,1187.2262
3002313,22.407576
3002314,2149.8723
3002315,2144.7217
3002316,390.0265
3002317,297.95285
3002318,326.46005
3002319,7757.1787
3002320,46.595043
3002321,1.2749596
3002322,33.965824
3002323,27.847425
3002324,0.44391748
3002325,390.25327
3002326,20.394583
3002327,18.519497
3002328,5.343476
3002329,112.64227
3002330,10.308596
3002331,801.6423
3002332,494.67203
3002333,14.611283
3002334,18.84346
3002335,956.967
3002336,246.6646
3002337,6012.5054
3002338,2.2381496
3002339,63.46042
3002340,3.3982515
3002341,0.035208154
3002342,3.2979236
3002343,2067.1719
3002344,0.0682218
3002345,292.58133
3002346,9.386487
3002347,949.1323
3002348,513.03235
3002349,192.61913
3002350,106.34289
3002351,72.39617
3002352,2963.4358
3002353,11.806923
3002354,0.5714598
3002355,24.40061
3002356,18.183867
3002357,0.24705887
3002358,247.55582
3002359,5.0915275
3002360,3.3294015
3002361,4.8120008
3002362,48.63546
3002363,1.9717767
3002364,196.18314
3002365,209.06927
3002366,3.0260348
3002367,6.622585
3002368,177.56519
3002369,64.64387
3002370,1781.0538
3002371,0.68194175
3002372,10.480383
3002373,5.599766
3002374,0.08569525
3002375,4.055934
3002376,4043.8997
3002377,0.1427808
3002378,613.4217
3002379,16.364862
3002380,1688.737
3002381,1158.05
3002382,278.14133
3002383,167.52687
3002384,123.01554
3002385,5371.145
3002386,19.480278
3002387,0.8368056
3002388,34.056442
3002389,27.152475
3002390,0.34918955
3002391,368.2929
3002392,10.61787
3002393,6.843953
3002394,6.0173435
3002395,67.036224
3002396,5.658224
3002397,393.7883
3002398,328.7636
3002399,7.6409025
3002400,12.89779
3002401,412.81607
3002402,99.70361
3002403,3550.0251
3002404,1.529115
3002405,20.678709
3002406,4.1892195
3002407,0.09556279
3002408,5.935801
3002409,4830.992
3002410,0.17186873
3002411,826.02936
3002412,15.485931
3002413,1535.2462
3002414,1519.137
3002415,292.5427
3002416,221.01793
3002417,203.10342
3002418,6309.002
3002419,25.434383
3002420,0.81416225
3002421,24.846546
3002422,19.868746
3002423,0.29633144
3002424,237.66728
3002425,11.030592
3002426,10.433943
3002427,5.290924
3002428,95.60532
3002429,5.9159527
3002430,566.8433
3002431,358.4273
3002432,8.127944
3002433,12.236722
3002434,651.61633
3002435,159.38269
3002436,5413.822
3002437,1.4108844
3002438,32.982567
3002439,0.4853007
3002440,0
3002441,0.07077544
3002442,533.11237
3002443,0
3002444,56.345707
3002445,0.11668336
3002446,162.99147
3002447,65.05573
3002448,53.718456
3002449,36.084724
3002450,6.155641
3002451,1100.0953
3002452,0.6406512
3002453,0
3002454,1.5241122
3002455,1.0878978
3002456,0
3002457,11.739234
3002458,0
3002459,0
3002460,0.5540024
3002461,19.04009
3002462,0
3002463,44.440773
3002464,53.12321
3002465,0
3002466,0
3002467,34.07629
3002468,3.8417835
3002469,227.07144
3002470,0
3002471,0.5394424
3002472,1.8523607
3002473,0
3002474,0.86520755
3002475,1504.1523
3002476,0
3002477,139.76208
3002478,1.8902175
3002479,519.7403
3002480,202.32729
3002481,101.30151
3002482,59.651363
3002483,40.026165
3002484,2156.042
3002485,2.8810587
3002486,0.23731151
3002487,7.997569
3002488,5.7953353
3002489,0
3002490,87.49925
3002491,0.45508856
3002492,0.4563076
3002493,2.2660913
3002494,29.797243
3002495,0.35260347
3002496,100.9523
3002497,106.0815
3002498,0.2761397
3002499,1.2626603
3002500,89.37755
3002501,30.072937
3002502,790.9476
3002503,0.33164942
3002504,1.9582894
3002505,2.3037057
3002506,0
3002507,0.8234458
3002508,1581.5001
3002509,0
3002510,171.1915
3002511,2.282946
3002512,624.4416
3002513,235.8888
3002514,127.58618
3002515,72.191505
3002516,33.460346
3002517,2335.161
3002518,1.9440012
3002519,0.3015658
3002520,9.077789
3002521,6.7363234
3002522,0
3002523,129.03381
3002524,0.47472185
3002525,0.08405811
3002526,2.229372
3002527,24.368847
3002528,0.3845275
3002529,124.765465
3002530,137.17667
3002531,0.30851942
3002532,1.5285292
3002533,108.53099
3002534,25.700106
3002535,728.6894
3002536,0.3523899
3002537,1.1075721
3002538,3.7084246
3002539,0.022086017
3002540,3.8492756
3002541,4026.0903
3002542,0.08507447
3002543,637.1585
3002544,12.31496
3002545,1278.6333
3002546,1204.6663
3002547,241.34346
3002548,184.59033
3002549,143.09528
3002550,5471.77
3002551,25.12193
3002552,0.7518289
3002553,21.437096
3002554,16.993479
3002555,0.267008
3002556,236.69498
3002557,10.93465
3002558,7.742936
3002559,4.4364367
3002560,71.188286
3002561,4.4806743
3002562,442.27173
3002563,289.8855
3002564,7.110819
3002565,9.7799425
3002566,491.5131
3002567,113.85708
3002568,3140.306
3002569,1.1207116
3002570,29.704432
3002571,3.2936597
3002572,0.013023923
3002573,4.970971
3002574,3174.9167
3002575,0.06723984
3002576,609.6006
3002577,13.204922
3002578,1031.6901
3002579,1103.4724
3002580,221.1647
3002581,184.40627
3002582,159.76707
3002583,4683.0376
3002584,29.263977
3002585,0.6343851
3002586,17.510283
3002587,14.583987
3002588,0.20311528
3002589,195.23026
3002590,11.5726
3002591,10.210529
3002592,3.816526
3002593,83.18496
3002594,5.3223696
3002595,435.1263
3002596,266.56772
3002597,7.9593554
3002598,10.702504
3002599,492.02277
3002600,127.34697
3002601,3582.6133
3002602,1.0681605
3002603,39.17678
3002604,5.748301
3002605,0.040019147
3002606,6.214761
3002607,4664.941
3002608,0.11304467
3002609,749.7347
3002610,18.453289
3002611,1574.7533
3002612,1452.2166
3002613,291.04727
3002614,213.45598
3002615,188.47804
3002616,5956.7925
3002617,32.34258
3002618,1.0328667
3002619,32.05254
3002620,25.995258
3002621,0.33273956
3002622,330.425
3002623,16.226866
3002624,14.792665
3002625,6.541124
3002626,89.520355
3002627,7.9933834
3002628,503.62326
3002629,348.03964
3002630,11.789701
3002631,15.244762
3002632,568.94836
3002633,150.14095
3002634,4349.8486
3002635,1.7135537
3002636,39.2719
3002637,5.999405
3002638,0.09871507
3002639,2.8321774
3002640,3748.904
3002641,0.13860354
3002642,530.2047
3002643,11.582964
3002644,1628.7043
3002645,876.6818
3002646,325.39954
3002647,175.01604
3002648,88.71806
3002649,5293.4595
3002650,9.783289
3002651,0.87368214
3002652,28.548868
3002653,22.442638
3002654,0.3667283
3002655,345.2849
3002656,4.490511
3002657,2.7182908
3002658,6.065552
3002659,42.4596
3002660,2.5875163
3002661,356.59897
3002662,365.8407
3002663,3.2092538
3002664,8.715376
3002665,327.8767
3002666,71.446434
3002667,1669.3608
3002668,1.2744172
3002669,7.9451313
3002670,2.3195724
3002671,0
3002672,2.7407768
3002673,1629.6846
3002674,0
3002675,305.75867
3002676,8.439941
3002677,539.2313
3002678,545.1656
3002679,141.97603
3002680,117.119354
3002681,82.57943
3002682,2639.2283
3002683,15.644287
3002684,0.2776167
3002685,11.334617
3002686,9.685054
3002687,0
3002688,122.12587
3002689,7.5555506
3002690,6.290322
3002691,2.3271902
3002692,61.000526
3002693,3.2397175
3002694,225.9458
3002695,159.91815
3002696,5.370609
3002697,6.8759904
3002698,240.9885
3002699,68.09397
3002700,2540.2847
3002701,0.57825637
3002702,19.366817
3002703,1.4265571
3002704,0
3002705,0.41285458
3002706,1101.4481
3002707,0
3002708,160.13008
3002709,2.2739594
3002710,482.6104
3002711,272.15326
3002712,132.06023
3002713,68.514984
3002714,24.369967
3002715,2036.5347
3002716,1.5131052
3002717,0.123238474
3002718,6.3875957
3002719,4.7996426
3002720,0.012112732
3002721,97.64791
3002722,0.43626755
3002723,0.01511674
3002724,1.9016595
3002725,14.604578
3002726,0.25105095
3002727,122.53412
3002728,139.54585
3002729,0.26197273
3002730,1.4677768
3002731,97.32744
3002732,19.16302
3002733,483.3392
3002734,0.12179715
3002735,0.9796281
3002736,4.915653
3002737,0.09386292
3002738,1.9698799
3002739,3480.8108
3002740,0.13900955
3002741,463.51953
3002742,9.030493
3002743,1467.1608
3002744,978.7941
3002745,299.0056
3002746,148.84288
3002747,66.84648
3002748,5078.308
3002749,6.236364
3002750,0.6836363
3002751,20.855595
3002752,16.386127
3002753,0.28764445
3002754,264.38245
3002755,2.7279868
3002756,1.4538429
3002757,4.9205875
3002758,32.541084
3002759,1.7136471
3002760,315.80606
3002761,328.96762
3002762,1.9491067
3002763,6.7439246
3002764,277.11575
3002765,54.465034
3002766,1396.64
3002767,1.0298347
3002768,4.594766
3002769,1.963589
3002770,0
3002771,0.51159394
3002772,1411.713
3002773,0
3002774,199.45256
3002775,3.766913
3002776,678.71893
3002777,381.5675
3002778,153.15648
3002779,68.78233
3002780,35.43659
3002781,2225.0786
3002782,2.2976797
3002783,0.16887176
3002784,10.177787
3002785,7.5831566
3002786,0
3002787,127.596176
3002788,0.64908373
3002789,0.15559727
3002790,3.018714
3002791,19.495377
3002792,0.40363675
3002793,136.57433
3002794,161.01306
3002795,0.36776653
3002796,2.4682178
3002797,111.00591
3002798,30.72983
3002799,545.7029
3002800,0.293387
3002801,1.2304604
3002802,1.5817232
3002803,0
3002804,0.5005698
3002805,1210.4678
3002806,0
3002807,169.16383
3002808,3.3100023
3002809,561.84296
3002810,311.20737
3002811,131.12161
3002812,59.477192
3002813,29.681564
3002814,2083.7
3002815,1.8696356
3002816,0.08879602
3002817,8.243134
3002818,6.162214
3002819,0
3002820,105.111984
3002821,0.53403676
3002822,0.07411575
3002823,2.486459
3002824,17.591633
3002825,0.28451413
3002826,119.62217
3002827,139.71155
3002828,0.277402
3002829,2.150299
3002830,94.30608
3002831,26.083914
3002832,486.51382
3002833,0.16557734
3002834,1.1115689
3002835,2.0946038
3002836,0
3002837,0.39916614
3002838,1337.2877
3002839,0
3002840,187.4186
3002841,3.974515
3002842,629.8046
3002843,352.04355
3002844,158.00072
3002845,70.06613
3002846,34.332363
3002847,2102.1594
3002848,1.9069636
3002849,0.13513915
3002850,9.878539
3002851,7.2351933
3002852,0
3002853,137.14452
3002854,0.56125927
3002855,0.010193151
3002856,2.72812
3002857,19.014841
3002858,0.3241299
3002859,129.77727
3002860,166.61638
3002861,0.30037355
3002862,2.5113356
3002863,107.24196
3002864,30.73136
3002865,600.018
3002866,0.21627635
3002867,1.1187556
3002868,2.078685
3002869,0
3002870,0.8257152
3002871,1597.969
3002872,0
3002873,213.66847
3002874,4.0762353
3002875,725.9503
3002876,404.7034
3002877,157.56023
3002878,77.40233
3002879,39.219395
3002880,2493.191
3002881,3.2233033
3002882,0.23657928
3002883,11.380452
3002884,8.320401
3002885,0
3002886,147.10359
3002887,0.9937134
3002888,0.40096372
3002889,3.0590029
3002890,23.665981
3002891,0.6065279
3002892,148.4599
3002893,167.1173
3002894,0.61613286
3002895,2.597669
3002896,125.301414
3002897,33.16863
3002898,685.04706
3002899,0.39809936
3002900,2.334575
3002901,2.7505126
3002902,0.009445141
3002903,0.45808598
3002904,1042.5844
3002905,0
3002906,150.25204
3002907,2.5157518
3002908,480.7358
3002909,268.88083
3002910,124.90515
3002911,55.984455
3002912,26.403614
3002913,1739.404
3002914,1.5973265
3002915,0.034386303
3002916,7.4264736
3002917,5.4593062
3002918,0.016164105
3002919,115.783424
3002920,0.42345613
3002921,0.12574929
3002922,2.3711987
3002923,18.392708
3002924,0.15319338
3002925,104.176674
3002926,132.51746
3002927,0.19435394
3002928,1.5176685
3002929,83.086266
3002930,23.960764
3002931,616.92426
3002932,0
3002933,1.21292
3002934,2.7899404
3002935,0.021796197
3002936,1.3589039
3002937,2709.7307
3002938,0.049017105
3002939,349.06357
3002940,4.577285
3002941,992.8308
3002942,704.727
3002943,235.2769
3002944,138.62883
3002945,63.66015
3002946,4184.036
3002947,4.4040046
3002948,0.43831268
3002949,12.950089
3002950,9.623951
3002951,0.14401378
3002952,183.25084
3002953,1.4821358
3002954,0.8383875
3002955,2.4692392
3002956,33.176003
3002957,0.95141935
3002958,258.15057
3002959,255.04053
3002960,1.0487707
3002961,3.1075082
3002962,239.99048
3002963,51.835075
3002964,1125.4258
3002965,0.6097188
3002966,3.754058
3002967,1.921246
3002968,0
3002969,0.90110683
3002970,903.5464
3002971,0
3002972,113.92874
3002973,0.9069269
3002974,349.88712
3002975,259.26562
3002976,77.26737
3002977,46.25314
3002978,22.218119
3002979,1645.9613
3002980,4.1849294
3002981,0.18677805
3002982,7.4129276
3002983,6.6697054
3002984,0.12790327
3002985,49.528103
3002986,1.9217737
3002987,0.9580929
3002988,1.5041995
3002989,22.750685
3002990,0.17928217
3002991,82.68611
3002992,80.5401
3002993,1.4700241
3002994,0.7085886
3002995,65.68813
3002996,19.855286
3002997,451.06665
3002998,0.07765677
3002999,3.9619522
3003000,2.3136663
3003001,0.005352391
3003002,0.83651423
3003003,1543.3135
3003004,0.012012971
3003005,205.10709
3003006,4.6393065
3003007,689.9308
3003008,401.55255
3003009,144.36871
3003010,70.18236
3003011,34.88318
3003012,2609.7444
3003013,3.4518056
3003014,0.28614792
3003015,11.918908
3003016,9.078722
3003017,0.027330445
3003018,128.78424
3003019,1.3096604
3003020,0.53284764
3003021,3.0336838
3003022,21.336197
3003023,0.766665
3003024,145.16351
3003025,151.80162
3003026,0.8441212
3003027,3.256381
3003028,116.07146
3003029,29.465757
3003030,580.68616
3003031,0.4973444
3003032,2.3408465
3003033,2.944886
3003034,0
3003035,3.4206
3003036,2866.3757
3003037,0.025336133
3003038,513.1199
3003039,10.957652
3003040,918.69434
3003041,941.36395
3003042,197.57536
3003043,158.2716
3003044,121.72664
3003045,4190.547
3003046,20.511354
3003047,0.518546
3003048,16.168236
3003049,13.363702
3003050,0.12426405
3003051,181.00815
3003052,9.774362
3003053,7.608514
3003054,3.3088036
3003055,70.77466
3003056,4.3056736
3003057,363.05762
3003058,235.19817
3003059,6.750038
3003060,8.887164
3003061,403.95233
3003062,97.4482
3003063,3960.2017
3003064,0.9451071
3003065,25.435266
3003066,4.220156
3003067,0
3003068,2.619124
3003069,2468.0417
3003070,0
3003071,380.5424
3003072,4.807765
3003073,1411.2854
3003074,772.9209
3003075,331.58463
3003076,161.45232
3003077,51.536945
3003078,4055.7363
3003079,10.54604
3003080,0.67176163
3003081,14.360585
3003082,11.257832
3003083,0.022990944
3003084,250.47409
3003085,2.5534003
3003086,2.492603
3003087,3.6811533
3003088,49.695496
3003089,1.6213014
3003090,258.5556
3003091,342.47806
3003092,1.851249
3003093,3.6531248
3003094,204.68167
3003095,39.694164
3003096,1328.6675
3003097,1.0498841
3003098,8.084247
3003099,4.2625813
3003100,0
3003101,1.8199048
3003102,1987.0151
3003103,0
3003104,345.8984
3003105,5.7719355
3003106,1243.7054
3003107,768.55725
3003108,321.3035
3003109,127.6272
3003110,57.118404
3003111,3189.193
3003112,8.182563
3003113,0.765283
3003114,18.47788
3003115,14.459815
3003116,0.06269851
3003117,280.39532
3003118,2.417649
3003119,1.5627356
3003120,3.3847318
3003121,52.577625
3003122,1.5231855
3003123,213.96768
3003124,336.02884
3003125,1.6727712
3003126,4.300173
3003127,159.95369
3003128,47.22277
3003129,1315.4569
3003130,1.2156572
3003131,6.0223813
3003132,2.4026833
3003133,0
3003134,0.5576564
3003135,1054.8324
3003136,0
3003137,144.74225
3003138,2.6582239
3003139,584.8845
3003140,319.51556
3003141,146.8299
3003142,63.16198
3003143,26.845459
3003144,1942.9928
3003145,2.8465166
3003146,0.35993037
3003147,10.831341
3003148,8.5514765
3003149,0
3003150,125.12423
3003151,0.7113869
3003152,0.32433406
3003153,1.8319974
3003154,19.559425
3003155,0.41196916
3003156,92.22813
3003157,151.87633
3003158,0.42512378
3003159,1.8470778
3003160,72.16879
3003161,22.69076
3003162,818.62823
3003163,0.42987537
3003164,2.0880892
3003165,1.3263648
3003166,0
3003167,1.3285713
3003168,1556.1316
3003169,0
3003170,266.15338
3003171,4.761938
3003172,511.92053
3003173,449.8936
3003174,132.93129
3003175,101.63572
3003176,58.41315
3003177,2552.0005
3003178,9.601283
3003179,0.16449462
3003180,8.001904
3003181,6.232376
3003182,0
3003183,89.010605
3003184,3.8271303
3003185,1.9679368
3003186,1.5320766
3003187,40.629333
3003188,1.2121608
3003189,200.49194
3003190,150.49002
3003191,2.0228503
3003192,3.4342241
3003193,201.61081
3003194,48.569576
3003195,1719.7274
3003196,0.31911176
3003197,10.847105
3003198,3.6964002
3003199,0
3003200,3.9713106
3003201,2971.779
3003202,0
3003203,499.2693
3003204,10.870734
3003205,1037.3417
3003206,944.77844
3003207,252.5031
3003208,179.12468
3003209,154.51614
3003210,3832.1492
3003211,20.589493
3003212,0.44164124
3003213,18.598394
3003214,15.046688
3003215,0
3003216,184.26689
3003217,8.565277
3003218,9.768558
3003219,3.702104
3003220,76.03393
3003221,3.7013206
3003222,353.66928
3003223,286.51758
3003224,6.323055
3003225,8.645102
3003226,387.38126
3003227,123.629105
3003228,3381.9001
3003229,0.87328184
3003230,23.291
3003231,1.8920102
3003232,0
3003233,1.4498804
3003234,828.7786
3003235,0.00014049801
3003236,141.7123
3003237,2.2744544
3003238,277.11444
3003239,213.76543
3003240,82.82609
3003241,60.24887
3003242,34.540886
3003243,1466.5273
3003244,4.6124415
3003245,0.19544098
3003246,6.2355185
3003247,5.777413
3003248,0.057017352
3003249,30.988718
3003250,2.5311139
3003251,1.678148
3003252,1.6061487
3003253,37.54966
3003254,0.7461009
3003255,108.769516
3003256,88.543564
3003257,2.0849404
3003258,1.7529225
3003259,97.46735
3003260,29.977139
3003261,415.4081
3003262,0.26776195
3003263,3.905429
3003264,1.9708421
3003265,0
3003266,0.7171706
3003267,1042.3888
3003268,0
3003269,154.45883
3003270,1.9874566
3003271,422.24582
3003272,229.34409
3003273,102.465416
3003274,61.842205
3003275,27.298822
3003276,1802.7738
3003277,2.124968
3003278,0.0920102
3003279,6.376358
3003280,4.409694
3003281,0
3003282,72.94474
3003283,0.576339
3003284,0.44020873
3003285,1.7134938
3003286,22.06272
3003287,0.2732502
3003288,116.70678
3003289,110.02643
3003290,0.29864326
3003291,1.2435565
3003292,98.09631
3003293,22.30038
3003294,663.10376
3003295,0.11191977
3003296,1.6477475
3003297,2.9735131
3003298,0.0038543972
3003299,3.9160213
3003300,2644.2979
3003301,0.05643823
3003302,451.42743
3003303,9.565681
3003304,817.5319
3003305,843.5596
3003306,184.43996
3003307,147.471
3003308,110.33158
3003309,3942.2117
3003310,16.674202
3003311,0.5396253
3003312,14.565621
3003313,12.129142
3003314,0.097122125
3003315,133.79778
3003316,7.811865
3003317,7.023428
3003318,3.5313382
3003319,68.480286
3003320,3.5847206
3003321,320.98752
3003322,214.91887
3003323,5.637434
3003324,7.70529
3003325,351.48694
3003326,89.94105
3003327,3785.3171
3003328,0.98741555
3003329,19.35174
3003330,3.452198
3003331,0.0665943
3003332,1.3254297
3003333,2828.5815
3003334,0.088569924
3003335,368.13376
3003336,5.904239
3003337,1157.7213
3003338,797.0246
3003339,262.87994
3003340,137.531
3003341,67.82243
3003342,4210.4927
3003343,4.1510887
3003344,0.45074025
3003345,14.9471855
3003346,11.448465
3003347,0.131127
3003348,197.69565
3003349,1.3729641
3003350,0.88515913
3003351,4.1022363
3003352,38.65592
3003353,0.93187153
3003354,257.81863
3003355,284.16626
3003356,0.9519322
3003357,3.9549265
3003358,235.01915
3003359,56.50502
3003360,1324.0155
3003361,0.6942719
3003362,2.8607042
3003363,3.7407188
3003364,0
3003365,2.0279212
3003366,2088.4292
3003367,0
3003368,339.12616
3003369,4.383118
3003370,1280.9363
3003371,706.0207
3003372,306.2671
3003373,137.20204
3003374,50.608837
3003375,3536.1877
3003376,6.319283
3003377,0.5996938
3003378,13.746401
3003379,10.814893
3003380,0
3003381,244.76
3003382,1.714472
3003383,1.7482069
3003384,3.3754396
3003385,58.830154
3003386,1.1643188
3003387,223.22758
3003388,316.39078
3003389,1.2483139
3003390,3.2137933
3003391,171.70651
3003392,39.49163
3003393,1202.7448
3003394,0.9367986
3003395,4.720672
3003396,8.027314
3003397,0.1387966
3003398,9.333335
3003399,6029.649
3003400,0.24407613
3003401,1085.179
3003402,25.885372
3003403,2072.435
3003404,2000.5276
3003405,373.30957
3003406,277.61472
3003407,312.67258
3003408,7406.7295
3003409,48.492664
3003410,1.3976989
3003411,40.277138
3003412,32.948338
3003413,0.52004564
3003414,455.74228
3003415,23.707458
3003416,23.012352
3003417,8.463793
3003418,134.95442
3003419,12.565741
3003420,720.833
3003421,466.69202
3003422,17.172548
3003423,21.813887
3003424,844.0309
3003425,249.12308
3003426,8964.995
3003427,2.9132247
3003428,69.40883
3003429,1.120661
3003430,0
3003431,0.53799176
3003432,1227.1931
3003433,0
3003434,154.48761
3003435,1.6903985
3003436,460.64563
3003437,268.3274
3003438,117.77305
3003439,69.571014
3003440,30.38096
3003441,1991.7245
3003442,1.5633066
3003443,0.10367793
3003444,5.8767138
3003445,4.1624417
3003446,0
3003447,80.32223
3003448,0.30471945
3003449,0.12813845
3003450,1.8356187
3003451,21.280537
3003452,0.19656466
3003453,119.05896
3003454,123.45428
3003455,0.14375679
3003456,1.0316944
3003457,102.02686
3003458,25.394093
3003459,553.114
3003460,0.14925201
3003461,1.0229995
3003462,3.384232
3003463,0.047218237
3003464,1.0861619
3003465,2484.9363
3003466,0.061806276
3003467,325.25107
3003468,5.5436864
3003469,1071.2896
3003470,691.6445
3003471,253.42903
3003472,118.247185
3003473,52.508156
3003474,3840.394
3003475,3.3920326
3003476,0.39669207
3003477,13.993325
3003478,10.724067
3003479,0.13878424
3003480,207.32043
3003481,1.1687417
3003482,0.6138898
3003483,4.329995
3003484,27.463554
3003485,0.7956345
3003486,225.80225
3003487,274.0424
3003488,0.82404697
3003489,3.7245207
3003490,194.4438
3003491,45.09003
3003492,1132.6123
3003493,0.56881344
3003494,2.0820754
3003495,0.70664835
3003496,0
3003497,0.17555049
3003498,807.1398
3003499,0
3003500,110.58031
3003501,1.0188315
3003502,332.1284
3003503,175.2249
3003504,87.08897
3003505,49.70271
3003506,18.489058
3003507,1447.5073
3003508,0.77301514
3003509,0
3003510,3.8319778
3003511,2.7578862
3003512,0
3003513,59.65758
3003514,0.00053539296
3003515,0
3003516,1.3477118
3003517,14.806056
3003518,0
3003519,86.27651
3003520,91.17239
3003521,0
3003522,0.5715064
3003523,69.06778
3003524,14.633397
3003525,395.1585
3003526,0
3003527,0.44048956
3003528,2.643907
3003529,0.03548984
3003530,0.75873554
3003531,1795.0426
3003532,0.02784391
3003533,228.23654
3003534,4.0764303
3003535,751.06104
3003536,440.07285
3003537,205.89511
3003538,91.60399
3003539,40.828392
3003540,2905.5093
3003541,1.9511919
3003542,0.18233734
3003543,9.91049
3003544,7.655098
3003545,0.056405973
3003546,157.03389
3003547,0.66063964
3003548,0.21120265
3003549,3.3971362
3003550,22.029242
3003551,0.45224556
3003552,165.40161
3003553,213.6438
3003554,0.429391
3003555,2.7057247
3003556,137.04568
3003557,35.287804
3003558,880.0044
3003559,0.3113721
3003560,1.0134323
3003561,3.9524298
3003562,0.09527687
3003563,1.3570242
3003564,2047.5654
3003565,0.09406443
3003566,302.7111
3003567,7.3443594
3003568,975.1362
3003569,657.24915
3003570,232.41754
3003571,97.10966
3003572,49.296783
3003573,3419.7112
3003574,3.9017406
3003575,0.41014594
3003576,15.620823
3003577,12.433632
3003578,0.17244223
3003579,177.38586
3003580,1.5374892
3003581,0.6435747
3003582,4.660138
3003583,26.344986
3003584,0.96905994
3003585,198.7724
3003586,251.38899
3003587,1.0279686
3003588,5.2780085
3003589,161.40692
3003590,42.876328
3003591,892.84357
3003592,0.66062915
3003593,2.13447
3003594,0.9200206
3003595,0
3003596,0.31714043
3003597,1055.5602
3003598,0
3003599,128.93842
3003600,1.3746998
3003601,376.46716
3003602,206.55301
3003603,101.999695
3003604,59.271496
3003605,24.01827
3003606,1793.5436
3003607,0.93757963
3003608,0.039246485
3003609,4.7849655
3003610,3.472745
3003611,0
3003612,67.981346
3003613,0.084257044
3003614,0
3003615,1.5831134
3003616,17.823679
3003617,0.06650197
3003618,101.18031
3003619,107.280106
3003620,0
3003621,0.80497336
3003622,84.20452
3003623,19.256216
3003624,491.47037
3003625,0.073941596
3003626,0.5432973
3003627,3.1147523
3003628,0
3003629,1.2691674
3003630,2244.1294
3003631,0.05157225
3003632,289.00317
3003633,3.8441172
3003634,872.96875
3003635,540.7412
3003636,200.33205
3003637,115.00198
3003638,64.30955
3003639,3606.5374
3003640,3.1016226
3003641,0.4937559
3003642,11.69902
3003643,8.97687
3003644,0.06703665
3003645,157.3103
3003646,0.8643321
3003647,0.73221207
3003648,3.3377848
3003649,37.130367
3003650,0.73678017
3003651,217.5224
3003652,220.4418
3003653,0.6309484
3003654,2.6208
3003655,200.86392
3003656,47.01328
3003657,1159.1703
3003658,0.68845105
3003659,2.0345092
3003660,3.0626516
3003661,0
3003662,4.532605
3003663,2231.1873
3003664,0.04698249
3003665,334.5873
3003666,12.083336
3003667,757.70807
3003668,623.2519
3003669,166.52608
3003670,123.1929
3003671,97.06854
3003672,3320.1284
3003673,23.887127
3003674,0.5530586
3003675,16.969004
3003676,13.441302
3003677,0.16976911
3003678,193.6384
3003679,10.448518
3003680,9.187158
3003681,3.9102988
3003682,68.61652
3003683,4.199939
3003684,241.55884
3003685,186.33728
3003686,6.937488
3003687,9.695402
3003688,244.15698
3003689,83.24118
3003690,3533.5676
3003691,0.9036894
3003692,28.533875
3003693,2.9050138
3003694,0
3003695,3.4581847
3003696,1909.3054
3003697,0.032314423
3003698,293.20016
3003699,10.643981
3003700,730.8254
3003701,547.8612
3003702,152.0386
3003703,106.27969
3003704,78.1624
3003705,2904.923
3003706,15.60758
3003707,0.4453917
3003708,19.021465
3003709,15.218906
3003710,0.14891967
3003711,194.22546
3003712,8.440615
3003713,6.068781
3003714,3.3183618
3003715,59.553574
3003716,4.0226593
3003717,205.93112
3003718,168.10008
3003719,5.9703813
3003720,8.564333
3003721,206.19505
3003722,67.8544
3003723,3179.806
3003724,0.8196751
3003725,17.996117
3003726,3.4524689
3003727,0.023969863
3003728,3.1496782
3003729,2333.7454
3003730,0.05728901
3003731,327.85962
3003732,7.6130486
3003733,999.7972
3003734,710.1569
3003735,211.3257
3003736,123.872406
3003737,74.37049
3003738,3471.1018
3003739,11.207415
3003740,0.62896
3003741,21.652527
3003742,16.24505
3003743,0.2053927
3003744,238.7805
3003745,4.299152
3003746,3.319693
3003747,4.6536655
3003748,48.500004
3003749,1.8830311
3003750,231.0449
3003751,229.7263
3003752,2.625462
3003753,5.4055533
3003754,212.20306
3003755,62.738026
3003756,1799.0791
3003757,0.90065527
3003758,10.718693
3003759,2.3056557
3003760,0
3003761,2.9053414
3003762,2288.6213
3003763,0.007846085
3003764,422.57126
3003765,8.744124
3003766,744.32196
3003767,754.4525
3003768,171.22345
3003769,139.86877
3003770,97.70296
3003771,3557.5884
3003772,16.392225
3003773,0.40379202
3003774,12.775796
3003775,10.456794
3003776,0.08448986
3003777,141.59053
3003778,7.783887
3003779,5.4878626
3003780,2.5547986
3003781,62.03927
3003782,3.1732635
3003783,306.53503
3003784,201.26561
3003785,5.1505775
3003786,6.979522
3003787,332.87628
3003788,78.84939
3003789,3258.3933
3003790,0.7301308
3003791,19.831825
3003792,2.9900713
3003793,0.039960954
3003794,0.8382782
3003795,2263.843
3003796,0.049511645
3003797,283.96576
3003798,5.0130706
3003799,947.7329
3003800,571.44763
3003801,218.97234
3003802,103.87949
3003803,49.09515
3003804,3599.4468
3003805,2.8320842
3003806,0.3137268
3003807,12.084104
3003808,9.247605
3003809,0.075302094
3003810,168.68561
3003811,0.92610335
3003812,0.38585964
3003813,2.4179294
3003814,25.724657
3003815,0.6729467
3003816,199.42877
3003817,234.17715
3003818,0.6403507
3003819,3.36588
3003820,172.03096
3003821,41.939262
3003822,854.23773
3003823,0.51538444
3003824,1.7034907
3003825,2.79202
3003826,0
3003827,3.50284
3003828,2034.5216
3003829,0
3003830,312.05142
3003831,8.72834
3003832,767.89374
3003833,563.93945
3003834,156.35968
3003835,105.9479
3003836,73.44237
3003837,2970.0388
3003838,12.209848
3003839,0.37078744
3003840,16.963936
3003841,13.520641
3003842,0.013988499
3003843,154.90283
3003844,6.6284647
3003845,5.5352254
3003846,3.4819884
3003847,49.89965
3003848,3.2185974
3003849,219.32095
3003850,174.11743
3003851,4.9045877
3003852,7.020356
3003853,216.74188
3003854,61.43254
3003855,2491.719
3003856,0.8233013
3003857,11.772374
3003858,3.4451122
3003859,0
3003860,3.1941905
3003861,1732.2783
3003862,0
3003863,290.15085
3003864,8.558988
3003865,781.8234
3003866,390.01678
3003867,217.91861
3003868,152.094
3003869,80.71424
3003870,2979.9778
3003871,20.896166
3003872,0.82443106
3003873,12.981172
3003874,9.754294
3003875,0
3003876,158.58977
3003877,8.631628
3003878,5.280817
3003879,3.077794
3003880,81.717804
3003881,3.1734715
3003882,227.63951
3003883,225.74428
3003884,4.7158237
3003885,6.9334583
3003886,196.62178
3003887,65.015144
3003888,1326.6699
3003889,1.423974
3003890,17.884521
3003891,2.425923
3003892,0.030095767
3003893,0.6870301
3003894,2166.412
3003895,0.032551885
3003896,240.89528
3003897,3.594902
3003898,770.0169
3003899,491.97293
3003900,192.47461
3003901,98.90059
3003902,42.412895
3003903,3486.52
3003904,1.8834188
3003905,0.18480995
3003906,9.029563
3003907,6.9867663
3003908,0.037659083
3003909,127.225784
3003910,0.656428
3003911,0.24198015
3003912,2.8074589
3003913,24.977468
3003914,0.46077698
3003915,180.47458
3003916,204.40988
3003917,0.44360486
3003918,2.3786335
3003919,156.86563
3003920,35.550827
3003921,850.08655
3003922,0.31517935
3003923,1.1229506
3003924,10.22726
3003925,0.23049314
3003926,11.424701
3003927,7536.096
3003928,0.3736629
3003929,1371.6144
3003930,29.693424
3003931,2691.0017
3003932,2401.9717
3003933,449.91614
3003934,322.26993
3003935,376.47888
3003936,8897.614
3003937,48.572865
3003938,1.8164048
3003939,49.657654
3003940,40.75647
3003941,0.7218329
3003942,551.36707
3003943,27.61888
3003944,24.88514
3003945,10.15429
3003946,145.70836
3003947,16.19233
3003948,903.3161
3003949,581.7439
3003950,20.818338
3003951,25.685009
3003952,1057.1897
3003953,290.7466
3003954,10149.468
3003955,4.086864
3003956,66.41309
3003957,6.9528375
3003958,0.16174605
3003959,7.8165827
3003960,6494.9893
3003961,0.27787173
3003962,1194.4437
3003963,23.462082
3003964,2206.075
3003965,2090.675
3003966,375.8011
3003967,282.03424
3003968,304.14005
3003969,7997.9097
3003970,42.13481
3003971,1.3649232
3003972,36.662834
3003973,30.191942
3003974,0.55592906
3003975,425.63718
3003976,21.730042
3003977,18.512825
3003978,7.5457582
3003979,121.4589
3003980,11.941823
3003981,804.36847
3003982,490.4642
3003983,15.724194
3003984,20.1282
3003985,942.4785
3003986,234.0609
3003987,8555.938
3003988,2.7805636
3003989,58.40768
3003990,5.646318
3003991,0.12372974
3003992,5.3358583
3003993,5258.524
3003994,0.21603309
3003995,881.6148
3003996,17.910084
3003997,1877.0435
3003998,1587.9559
3003999,304.392
3004000,216.8047
3004001,182.10402
3004002,6712.754
3004003,24.863733
3004004,1.0874739
3004005,33.43769
3004006,27.02309
3004007,0.4535892
3004008,362.70834
3004009,15.058977
3004010,10.702088
3004011,5.8888736
3004012,91.043045
3004013,7.9218283
3004014,581.2792
3004015,378.1408
3004016,10.856128
3004017,15.084463
3004018,657.5339
3004019,141.03645
3004020,5959.2817
3004021,1.9197798
3004022,29.940779
3004023,6.6786137
3004024,0.14712058
3004025,7.3058968
3004026,6099.52
3004027,0.25346473
3004028,1100.8307
3004029,22.209917
3004030,2109.0183
3004031,1942.4681
3004032,356.95877
3004033,262.57437
3004034,264.1544
3004035,7558.0947
3004036,35.958214
3004037,1.2932775
3004038,36.71792
3004039,30.06887
3004040,0.5198568
3004041,422.04605
3004042,20.235363
3004043,16.69788
3004044,7.1989384
3004045,112.42816
3004046,11.116153
3004047,738.0737
3004048,461.28665
3004049,14.772857
3004050,18.991552
3004051,859.8155
3004052,203.23817
3004053,7889.294
3004054,2.5900652
3004055,47.495426
3004056,4.7560463
3004057,0.092874795
3004058,4.16959
3004059,4658.04
3004060,0.16800094
3004061,774.92773
3004062,14.75402
3004063,1696.8007
3004064,1392.0126
3004065,282.4609
3004066,196.96953
3004067,149.23172
3004068,6039.451
3004069,19.25922
3004070,0.90436924
3004071,29.175169
3004072,23.283913
3004073,0.37702277
3004074,324.2461
3004075,11.613656
3004076,7.578562
3004077,5.029889
3004078,76.82841
3004079,5.6038537
3004080,513.74023
3004081,346.56216
3004082,7.906624
3004083,12.003842
3004084,572.43933
3004085,115.61637
3004086,4459.2104
3004087,1.5039446
3004088,22.336056
3004089,5.972276
3004090,0.078583
3004091,6.869235
3004092,5573.902
3004093,0.16653268
3004094,1074.4972
3004095,21.385603
3004096,1879.6135
3004097,1931.9738
3004098,343.65176
3004099,265.53662
3004100,299.0298
3004101,6916.0747
3004102,42.054375
3004103,1.1182318
3004104,30.775291
3004105,25.662058
3004106,0.36522895
3004107,348.41666
3004108,19.511194
3004109,18.120888
3004110,5.0588202
3004111,116.722046
3004112,10.367431
3004113,728.08563
3004114,442.14008
3004115,14.32016
3004116,18.209972
3004117,873.4564
3004118,225.95934
3004119,7820.555
3004120,2.1660466
3004121,59.293747
3004122,3.061266
3004123,0.025193213
3004124,2.9245985
3004125,1763.0886
3004126,0.056751497
3004127,264.68924
3004128,8.946213
3004129,822.408
3004130,474.32355
3004131,173.6039
3004132,97.42543
3004133,68.33391
3004134,2666.7327
3004135,10.69868
3004136,0.49162382
3004137,21.962408
3004138,16.697035
3004139,0.19695668
3004140,224.46559
3004141,5.153364
3004142,3.2936854
3004143,4.017543
3004144,50.281437
3004145,1.9974585
3004146,178.79843
3004147,186.87923
3004148,3.0839353
3004149,6.506195
3004150,162.8582
3004151,61.329174
3004152,2405.1008
3004153,0.67035913
3004154,9.759514
3004155,5.0846124
3004156,0.068921596
3004157,3.9364295
3004158,3548.8806
3004159,0.12200287
3004160,546.9844
3004161,15.252115
3004162,1452.1992
3004163,1060.4503
3004164,242.76831
3004165,149.75745
3004166,114.96078
3004167,4834.8555
3004168,17.295189
3004169,0.71740687
3004170,30.693623
3004171,24.689468
3004172,0.28131613
3004173,333.3799
3004174,10.401671
3004175,6.813233
3004176,5.0603056
3004177,69.43973
3004178,5.7384086
3004179,351.63608
3004180,283.54034
3004181,7.5920343
3004182,12.219512
3004183,374.80145
3004184,94.158455
3004185,4516.7163
3004186,1.4496052
3004187,19.186377
3004188,3.9257097
3004189,0.08083239
3004190,5.7484283
3004191,4224.223
3004192,0.14893457
3004193,754.32574
3004194,15.458088
3004195,1354.3466
3004196,1385.4679
3004197,265.73254
3004198,203.65503
3004199,187.53624
3004200,5664.4487
3004201,23.942352
3004202,0.7104114
3004203,22.376183
3004204,18.247744
3004205,0.23262633
3004206,213.40802
3004207,11.078764
3004208,10.593728
3004209,4.695063
3004210,94.75203
3004211,5.946861
3004212,520.3719
3004213,325.20023
3004214,8.096284
3004215,12.112266
3004216,602.26013
3004217,148.25436
3004218,7548.333
3004219,1.3869195
3004220,31.775654
3004221,0.4885458
3004222,0
3004223,0.076977775
3004224,506.84775
3004225,0
3004226,52.566257
3004227,0.08034619
3004228,154.48857
3004229,63.012756
3004230,51.781742
3004231,34.11701
3004232,6.4313655
3004233,1078.1394
3004234,0.58614755
3004235,0
3004236,1.4385254
3004237,1.0480218
3004238,0
3004239,12.340084
3004240,0
3004241,0
3004242,0.5756391
3004243,17.96927
3004244,0
3004245,41.360043
3004246,50.472816
3004247,0
3004248,0
3004249,32.100067
3004250,4.0764313
3004251,445.96143
3004252,0
3004253,0.50544524
3004254,1.7235994
3004255,0
3004256,0.85052204
3004257,1284.5975
3004258,0
3004259,124.09005
3004260,1.6984906
3004261,437.82062
3004262,191.54478
3004263,91.48167
3004264,52.76827
3004265,36.963894
3004266,1937.8549
3004267,2.622216
3004268,0.22671928
3004269,7.3028603
3004270,5.354016
3004271,0
3004272,87.19921
3004273,0.43274575
3004274,0.3697486
3004275,1.8999312
3004276,29.578377
3004277,0.3221355
3004278,90.482666
3004279,95.06022
3004280,0.2544092
3004281,1.1299071
3004282,79.68772
3004283,27.73015
3004284,1039.2438
3004285,0.34274232
3004286,1.834734
3004287,2.090024
3004288,0
3004289,0.7883905
3004290,1391.1088
3004291,0
3004292,156.1881
3004293,2.0496955
3004294,545.188
3004295,279.9608
3004296,123.143814
3004297,67.925255
3004298,32.340122
3004299,2202.2998
3004300,1.6843481
3004301,0.25987378
3004302,8.265657
3004303,6.2366724
3004304,0
3004305,123.96026
3004306,0.4086886
3004307,0.0334012
3004308,2.0872824
3004309,25.906687
3004310,0.33252874
3004311,116.064255
3004312,129.77533
3004313,0.25368404
3004314,1.3549101
3004315,102.084015
3004316,24.658184
3004317,916.78864
3004318,0.36018318
3004319,1.0068748
3004320,3.406941
3004321,0.012496813
3004322,3.7005553
3004323,3508.2227
3004324,0.069475405
3004325,588.1845
3004326,12.096119
3004327,1123.2467
3004328,1104.3248
3004329,219.80527
3004330,170.65855
3004331,136.52402
3004332,4889.4937
3004333,22.945446
3004334,0.64509785
3004335,19.331875
3004336,15.602905
3004337,0.20918284
3004338,214.36935
3004339,10.782945
3004340,7.771003
3004341,3.813281
3004342,76.53256
3004343,4.6469364
3004344,407.9747
3004345,263.63602
3004346,7.200598
3004347,9.743659
3004348,457.15115
3004349,109.726974
3004350,4180.5493
3004351,1.110023
3004352,28.399849
3004353,3.1029382
3004354,0.0048380326
3004355,4.7560697
3004356,2769.0945
3004357,0.05335024
3004358,566.292
3004359,13.236426
3004360,924.52875
3004361,1016.8438
3004362,206.59091
3004363,173.43172
3004364,152.42052
3004365,4220.272
3004366,27.479534
3004367,0.53861046
3004368,15.973108
3004369,13.514058
3004370,0.14803344
3004371,178.50879
3004372,11.468938
3004373,10.170299
3004374,3.3900485
3004375,86.38999
3004376,5.486737
3004377,406.35403
3004378,248.36282
3004379,7.9824305
3004380,10.739854
3004381,461.04688
3004382,122.43154
3004383,5033.1367
3004384,1.0703773
3004385,38.50022
3004386,5.339188
3004387,0.027139993
3004388,6.047176
3004389,4124.426
3004390,0.09348001
3004391,681.012
3004392,17.669445
3004393,1379.1265
3004394,1316.383
3004395,259.3375
3004396,192.9602
3004397,174.66959
3004398,5353.397
3004399,29.315582
3004400,0.9038154
3004401,28.732048
3004402,23.641066
3004403,0.26909676
3004404,298.43637
3004405,15.731304
3004406,14.53349
3004407,5.695565
3004408,94.96787
3004409,8.140662
3004410,457.7659
3004411,310.09875
3004412,11.630876
3004413,14.799244
3004414,521.26587
3004415,140.41594
3004416,5638.245
3004417,1.7120357
3004418,36.785225
3004419,5.3868985
3004420,0.081357494
3004421,2.6728666
3004422,3309.1057
3004423,0.12020141
3004424,478.42313
3004425,10.66204
3004426,1418.3768
3004427,1036.8373
3004428,295.6773
3004429,162.40152
3004430,85.14819
3004431,4777.2715
3004432,9.187415
3004433,0.76182663
3004434,26.228243
3004435,20.761015
3004436,0.30514118
3004437,317.64713
3004438,4.4080076
3004439,2.7652876
3004440,5.237359
3004441,46.845993
3004442,2.5181608
3004443,329.2464
3004444,329.0268
3004445,3.1406388
3004446,8.07497
3004447,306.81335
3004448,69.49383
3004449,1876.2753
3004450,1.2171528
3004451,7.726527
3004452,2.4952695
3004453,0
3004454,3.5437427
3004455,1771.0194
3004456,0
3004457,342.68466
3004458,9.975061
3004459,599.8888
3004460,571.097
3004461,166.78134
3004462,141.13924
3004463,93.43134
3004464,2786.7766
3004465,17.910757
3004466,0.29538792
3004467,12.328734
3004468,10.47444
3004469,0
3004470,131.00964
3004471,8.517363
3004472,7.5200195
3004473,2.9496245
3004474,97.49454
3004475,4.0368133
3004476,259.8538
3004477,180.67441
3004478,6.259921
3004479,8.176767
3004480,271.66266
3004481,77.26345
3004482,2530.0234
3004483,0.69099796
3004484,21.132858
3004485,1.3912725
3004486,0
3004487,0.4554355
3004488,1097.1606
3004489,0
3004490,147.75522
3004491,2.5132372
3004492,451.52148
3004493,213.55652
3004494,119.57634
3004495,67.128525
3004496,22.860344
3004497,2005.8584
3004498,1.6272242
3004499,0.123022474
3004500,7.0726147
3004501,5.168023
3004502,0.027005682
3004503,98.266335
3004504,0.5376178
3004505,0.028606443
3004506,2.0490768
3004507,22.475357
3004508,0.31699336
3004509,126.21288
3004510,127.961044
3004511,0.3368786
3004512,1.613287
3004513,94.72756
3004514,18.517408
3004515,472.68542
3004516,0.12561436
3004517,1.0304132
3004518,5.062736
3004519,0.10028013
3004520,1.9823418
3004521,3584.8184
3004522,0.15574618
3004523,449.96323
3004524,9.74525
3004525,1463.2344
3004526,841.0018
3004527,286.83267
3004528,145.18192
3004529,62.865253
3004530,5103.6816
3004531,6.6263733
3004532,0.7084116
3004533,22.81297
3004534,17.800987
3004535,0.31486064
3004536,271.1579
3004537,3.240961
3004538,1.5671487
3004539,5.225002
3004540,49.684326
3004541,1.9103079
3004542,336.62222
3004543,317.44815
3004544,2.2502012
3004545,7.2028303
3004546,278.44284
3004547,51.287773
3004548,1314.3531
3004549,1.0665727
3004550,4.653435
3004551,1.9270353
3004552,0
3004553,0.4618927
3004554,1439.7384
3004555,0
3004556,183.26323
3004557,4.0792294
3004558,655.29065
3004559,287.84583
3004560,144.8857
3004561,68.89856
3004562,32.99131
3004563,2254.255
3004564,2.5901508
3004565,0.18560189
3004566,10.978079
3004567,8.105664
3004568,0
3004569,129.61324
3004570,0.779719
3004571,0.22114658
3004572,3.2618294
3004573,28.868519
3004574,0.4591471
3004575,144.65201
3004576,150.30441
3004577,0.43356448
3004578,2.6664238
3004579,109.41669
3004580,29.116808
3004581,533.95935
3004582,0.2951761
3004583,1.3821602
3004584,1.5620143
3004585,0
3004586,0.5773126
3004587,1230.4419
3004588,0
3004589,157.8228
3004590,3.595121
3004591,530.57336
3004592,233.9168
3004593,121.232605
3004594,59.037292
3004595,26.852053
3004596,2070.5454
3004597,2.1002786
3004598,0.09534643
3004599,9.0819235
3004600,6.642489
3004601,0
3004602,107.63825
3004603,0.67494047
3004604,0.14596872
3004605,2.7220712
3004606,25.616196
3004607,0.35102722
3004608,124.06882
3004609,129.34943
3004610,0.35754567
3004611,2.3442469
3004612,92.67194
3004613,24.064236
3004614,460.8385
3004615,0.1733177
3004616,1.2399213
3004617,1.8919489
3004618,0
3004619,0.34296674
3004620,1565.395
3004621,0
3004622,201.2121
3004623,4.118668
3004624,703.0494
3004625,307.28973
3004626,168.14203
3004627,80.6056
3004628,35.85111
3004629,2386.7236
3004630,2.237384
3004631,0.1407009
3004632,9.889484
3004633,7.200989
3004634,0
3004635,140.7965
3004636,0.6065929
3004637,0.1239246
3004638,3.0920582
3004639,32.6529
3004640,0.35493955
3004641,152.79854
3004642,178.22073
3004643,0.3241805
3004644,2.5701797
3004645,120.88421
3004646,32.210514
3004647,607.2215
3004648,0.21622479
3004649,1.2949338
3004650,2.048419
3004651,0
3004652,0.7766614
3004653,1656.3098
3004654,0
3004655,205.68755
3004656,4.588314
3004657,715.76605
3004658,324.3846
3004659,156.53319
3004660,80.52556
3004661,38.843628
3004662,2561.4878
3004663,3.6421804
3004664,0.2520518
3004665,12.250565
3004666,8.8522415
3004667,0.012336719
3004668,145.41869
3004669,1.1808517
3004670,0.49587423
3004671,3.324329
3004672,36.18009
3004673,0.67450154
3004674,159.45306
3004675,163.19247
3004676,0.7070098
3004677,2.9255698
3004678,127.68628
3004679,33.501442
3004680,661.1133
3004681,0.41241866
3004682,2.498099
3004683,2.9111242
3004684,0.004846762
3004685,0.5737175
3004686,1037.6854
3004687,0
3004688,142.2889
3004689,2.8664358
3004690,459.44067
3004691,206.91058
3004692,117.381386
3004693,57.79496
3004694,25.91166
3004695,1668.2214
3004696,1.8753369
3004697,0.023412792
3004698,8.223898
3004699,5.894432
3004700,0.021113055
3004701,117.6677
3004702,0.5585406
3004703,0.23528315
3004704,2.5566287
3004705,27.077053
3004706,0.2296977
3004707,110.10539
3004708,122.502014
3004709,0.28299809
3004710,1.7050378
3004711,83.32875
3004712,23.897827
3004713,567.00116
3004714,0.01621998
3004715,1.4103131
3004716,2.7986972
3004717,0.024336187
3004718,1.3316967
3004719,2808.4458
3004720,0.056417685
3004721,338.2193
3004722,5.1299706
3004723,968.20514
3004724,610.6138
3004725,224.8463
3004726,136.00276
3004727,62.62798
3004728,4229.5654
3004729,4.7927785
3004730,0.4509323
3004731,14.122254
3004732,10.3945
3004733,0.1647148
3004734,180.8788
3004735,1.741862
3004736,0.8930708
3004737,2.4259965
3004738,53.495853
3004739,1.0573397
3004740,271.76578
3004741,245.42758
3004742,1.1920571
3004743,3.4620767
3004744,240.0045
3004745,50.843155
3004746,1049.6074
3004747,0.62629104
3004748,3.835578
3004749,2.2380927
3004750,0
3004751,1.1669149
3004752,955.4065
3004753,0
3004754,117.37551
3004755,1.0931592
3004756,345.87854
3004757,211.10307
3004758,81.05088
3004759,50.597984
3004760,22.452707
3004761,1687.8486
3004762,4.4841094
3004763,0.18307057
3004764,7.05225
3004765,6.5722976
3004766,0.12495432
3004767,45.236996
3004768,1.8168886
3004769,1.1538744
3004770,1.8727369
3004771,33.671616
3004772,0.33070448
3004773,94.92958
3004774,80.37479
3004775,1.4443533
3004776,0.8983537
3004777,68.70863
3004778,20.36214
3004779,332.075
3004780,0.14216761
3004781,4.0644913
3004782,2.3007934
3004783,0.002937062
3004784,1.1428545
3004785,1581.7755
3004786,0.012352724
3004787,194.78696
3004788,5.0007596
3004789,673.76355
3004790,318.97147
3004791,136.14557
3004792,69.86053
3004793,31.93771
3004794,2646.8345
3004795,3.7727036
3004796,0.3031168
3004797,12.6766205
3004798,9.543741
3004799,0.047568046
3004800,128.06926
3004801,1.5952561
3004802,0.6420814
3004803,3.2777414
3004804,30.728855
3004805,0.8776647
3004806,151.5093
3004807,145.21405
3004808,1.0040495
3004809,3.544281
3004810,116.27042
3004811,27.482391
3004812,572.65704
3004813,0.5082823
3004814,2.4367342
3004815,3.1961088
3004816,0
3004817,3.8058147
3004818,3013.5437
3004819,0.03515099
3004820,562.5017
3004821,13.016028
3004822,990.3512
3004823,965.2141
3004824,218.4439
3004825,178.33606
3004826,132.54324
3004827,4342.4194
3004828,22.662992
3004829,0.5378269
3004830,17.440022
3004831,14.394777
3004832,0.13864109
3004833,191.22508
3004834,11.121181
3004835,8.820879
3004836,3.9477773
3004837,116.271255
3004838,5.368841
3004839,405.0419
3004840,254.73074
3004841,7.986415
3004842,10.661186
3004843,442.24658
3004844,105.95428
3004845,3852.6235
3004846,1.086546
3004847,27.068464
3004848,4.2032833
3004849,0
3004850,2.5730178
3004851,2551.601
3004852,0.011086297
3004853,397.08905
3004854,5.2034135
3004855,1441.5829
3004856,612.1339
3004857,348.15182
3004858,174.72697
3004859,58.67317
3004860,3999.811
3004861,11.015815
3004862,0.7076361
3004863,15.1405525
3004864,11.629279
3004865,0.05329025
3004866,239.8641
3004867,2.6178186
3004868,2.2725883
3004869,3.65414
3004870,93.790855
3004871,1.7276902
3004872,305.8769
3004873,356.0624
3004874,1.9124632
3004875,3.9291143
3004876,217.01294
3004877,45.608006
3004878,1125.1182
3004879,1.1196318
3004880,8.247031
3004881,4.230908
3004882,0
3004883,1.7640512
3004884,2033.1205
3004885,0.008919247
3004886,330.7589
3004887,5.573843
3004888,1295.6974
3004889,573.8632
3004890,321.29688
3004891,134.68098
3004892,59.0877
3004893,3173.7449
3004894,8.320134
3004895,0.74382126
3004896,18.777822
3004897,14.546958
3004898,0.07402535
3004899,269.2503
3004900,2.2568524
3004901,1.4315536
3004902,3.3087974
3004903,65.81048
3004904,1.4585679
3004905,234.37157
3004906,333.75067
3004907,1.5782323
3004908,4.1572094
3004909,160.66502
3004910,49.782387
3004911,1084.0883
3004912,1.1507823
3004913,6.0788813
3004914,2.272421
3004915,0
3004916,0.49558914
3004917,1048.0746
3004918,0
3004919,143.4694
3004920,2.4687405
3004921,571.7518
3004922,225.97372
3004923,145.02663
3004924,69.96515
3004925,28.452509
3004926,1853.091
3004927,2.956466
3004928,0.30033433
3004929,10.730668
3004930,8.263316
3004931,0
3004932,116.403915
3004933,0.6897414
3004934,0.2796914
3004935,1.7152643
3004936,28.365915
3004937,0.36305442
3004938,104.78023
3004939,149.68134
3004940,0.40154868
3004941,1.7135177
3004942,77.0986
3004943,24.26498
3004944,546.8493
3004945,0.35840136
3004946,2.1573386
3004947,1.413115
3004948,0
3004949,1.653554
3004950,1673.0463
3004951,0
3004952,284.26648
3004953,5.588385
3004954,535.27496
3004955,441.1139
3004956,146.07645
3004957,113.67933
3004958,61.740105
3004959,2673.881
3004960,10.816502
3004961,0.17832945
3004962,8.716648
3004963,6.859487
3004964,0
3004965,92.306
3004966,4.4799166
3004967,2.3230116
3004968,1.9060559
3004969,66.29911
3004970,1.527036
3004971,219.54631
3004972,161.15396
3004973,2.5154643
3004974,4.141192
3004975,217.28172
3004976,51.509068
3004977,1861.8243
3004978,0.4001653
3004979,11.539626
3004980,3.9159684
3004981,0
3004982,4.2358327
3004983,3135.8425
3004984,0
3004985,540.3172
3004986,12.863319
3004987,1101.0834
3004988,973.4244
3004989,271.57217
3004990,200.3834
3004991,170.85602
3004992,4062.9194
3004993,23.372536
3004994,0.5003971
3004995,19.75397
3004996,15.896572
3004997,0
3004998,185.19122
3004999,9.594254
3005000,11.472229
3005001,3.8626127
3005002,120.93374
3005003,4.438152
3005004,394.1953
3005005,304.42682
3005006,7.207218
3005007,10.208947
3005008,428.26572
3005009,135.02815
3005010,3323.199
3005011,0.96916986
3005012,25.235762
3005013,2.3758879
3005014,0
3005015,1.9618576
3005016,904.1431
3005017,0.016297257
3005018,154.66461
3005019,2.7002907
3005020,293.63678
3005021,210.86452
3005022,94.11386
3005023,70.52624
3005024,35.796436
3005025,1543.6522
3005026,5.4898353
3005027,0.21630964
3005028,6.3553915
3005029,6.1856275
3005030,0.07714063
3005031,28.830885
3005032,2.539196
3005033,2.1842604
3005034,2.0801148
3005035,51.53331
3005036,0.99415386
3005037,123.45973
3005038,96.32012
3005039,2.1459856
3005040,2.1411362
3005041,106.4035
3005042,31.349697
3005043,327.50745
3005044,0.3308098
3005045,4.421798
3005046,2.1915603
3005047,0
3005048,0.88091874
3005049,1103.0148
3005050,0
3005051,153.80692
3005052,2.2490747
3005053,409.0395
3005054,208.25099
3005055,101.6551
3005056,65.52583
3005057,27.393728
3005058,1851.3978
3005059,2.5775893
3005060,0.10438048
3005061,7.0884714
3005062,4.8960223
3005063,0
3005064,72.661896
3005065,0.7474799
3005066,0.57152486
3005067,2.0116968
3005068,33.75504
3005069,0.35423335
3005070,120.7725
3005071,109.18632
3005072,0.39766425
3005073,1.4359388
3005074,100.86356
3005075,22.98447
3005076,714.4913
3005077,0.14595927
3005078,1.8838038
3005079,3.173541
3005080,0.010289496
3005081,4.831191
3005082,2802.695
3005083,0.069793224
3005084,491.46802
3005085,11.195374
3005086,882.0417
3005087,862.20325
3005088,204.53363
3005089,165.99188
3005090,119.19598
3005091,4111.9766
3005092,18.548136
3005093,0.5782347
3005094,15.512606
3005095,13.038804
3005096,0.12097134
3005097,139.04358
3005098,8.838981
3005099,8.110385
3005100,4.164681
3005101,110.051
3005102,4.3928776
3005103,357.4565
3005104,233.21204
3005105,6.563015
3005106,9.079729
3005107,384.93222
3005108,96.97338
3005109,3860.8572
3005110,1.1093295
3005111,20.4371
3005112,3.4661884
3005113,0.069799915
3005114,1.2979417
3005115,2900.3347
3005116,0.099655256
3005117,351.7691
3005118,6.333647
3005119,1151.143
3005120,660.8964
3005121,250.35455
3005122,134.47424
3005123,66.26308
3005124,4249.779
3005125,4.604762
3005126,0.4768527
3005127,16.400513
3005128,12.352523
3005129,0.16060932
3005130,196.73395
3005131,1.6166825
3005132,0.984658
3005133,4.315797
3005134,60.577908
3005135,1.0165739
3005136,271.40756
3005137,269.72778
3005138,1.071846
3005139,4.224792
3005140,233.13097
3005141,54.793636
3005142,1211.4462
3005143,0.70710874
3005144,3.0657272
3005145,3.643732
3005146,0
3005147,1.9361763
3005148,2180.5146
3005149,0.014494057
3005150,344.98123
3005151,4.6330085
3005152,1340.7976
3005153,547.21564
3005154,314.41058
3005155,146.46732
3005156,56.598244
3005157,3511.0752
3005158,6.467014
3005159,0.62323844
3005160,14.480702
3005161,11.086545
3005162,0.00729773
3005163,230.80603
3005164,1.7049565
3005165,1.5575776
3005166,3.26263
3005167,102.17877
3005168,1.1821966
3005169,252.42116
3005170,325.33728
3005171,1.2440937
3005172,3.3603458
3005173,179.87184
3005174,45.108772
3005175,1010.196
3005176,0.9113393
3005177,4.684161
3005178,8.99043
3005179,0.14570612
3005180,10.96303
3005181,6232.729
3005182,0.26405436
3005183,1187.1191
3005184,29.974894
3005185,2205.2625
3005186,2099.6077
3005187,407.96747
3005188,311.5218
3005189,337.969
3005190,7595.464
3005191,52.77069
3005192,1.4444404
3005193,42.92526
3005194,34.904026
3005195,0.5448108
3005196,467.1715
3005197,26.216496
3005198,25.356525
3005199,9.852486
3005200,214.90703
3005201,14.936988
3005202,799.69995
3005203,504.91052
3005204,19.528915
3005205,25.250572
3005206,914.4795
3005207,269.4336
3005208,8781.579
3005209,3.31778
3005210,73.53248
3005211,1.0992935
3005212,0
3005213,0.6279272
3005214,1234.9698
3005215,0
3005216,149.72913
3005217,1.8903291
3005218,431.28708
3005219,208.7836
3005220,113.40067
3005221,71.50522
3005222,29.883764
3005223,1997.8228
3005224,1.8336608
3005225,0.12718093
3005226,6.478764
3005227,4.510966
3005228,0
3005229,78.86851
3005230,0.38745588
3005231,0.18050481
3005232,2.0267591
3005233,32.937897
3005234,0.23950122
3005235,127.10765
3005236,120.145386
3005237,0.19266844
3005238,1.1465576
3005239,102.23335
3005240,25.346304
3005241,525.9135
3005242,0.15772891
3005243,1.1581571
3005244,3.3751254
3005245,0.04785401
3005246,1.0407026
3005247,2544.8123
3005248,0.06899985
3005249,303.32053
3005250,6.028522
3005251,1059.0114
3005252,556.8912
3005253,233.43227
3005254,113.66298
3005255,49.409523
3005256,3826.1184
3005257,3.6012754
3005258,0.4067918
3005259,15.284592
3005260,11.548572
3005261,0.1610644
3005262,208.36568
3005263,1.3520002
3005264,0.6563951
3005265,4.4048433
3005266,41.28997
3005267,0.8732451
3005268,234.93668
3005269,250.36067
3005270,0.92673206
3005271,4.0024147
3005272,189.04657
3005273,42.31111
3005274,1028.5409
3005275,0.55821884
3005276,2.1740043
3005277,0.6813196
3005278,0
3005279,0.22645278
3005280,809.18164
3005281,0
3005282,104.09476
3005283,1.1205173
3005284,300.13312
3005285,133.2709
3005286,81.4117
3005287,50.683887
3005288,18.008808
3005289,1424.1617
3005290,0.9081718
3005291,0
3005292,4.2503057
3005293,2.9577773
3005294,0
3005295,59.465515
3005296,0.051767953
3005297,0
3005298,1.49735
3005299,22.698074
3005300,0.009544845
3005301,91.78008
3005302,85.354164
3005303,0
3005304,0.6326945
3005305,69.35178
3005306,14.735487
3005307,365.63123
3005308,0
3005309,0.5197706
3005310,2.6163008
3005311,0.03702507
3005312,0.80976903
3005313,1773.4681
3005314,0.03379598
3005315,213.19904
3005316,4.4246764
3005317,699.9876
3005318,340.18704
3005319,189.59462
3005320,88.923134
3005321,37.99086
3005322,2806.188
3005323,2.0942512
3005324,0.18388398
3005325,10.879248
3005326,8.174453
3005327,0.07400435
3005328,157.51259
3005329,0.77506495
3005330,0.25613266
3005331,3.4665504
3005332,33.610226
3005333,0.5086119
3005334,167.23758
3005335,193.98619
3005336,0.49752042
3005337,2.8746386
3005338,131.84937
3005339,32.646408
3005340,801.36676
3005341,0.29926625
3005342,1.1076968
3005343,3.9979692
3005344,0.09309932
3005345,1.4824548
3005346,2118.4658
3005347,0.10078087
3005348,284.13742
3005349,7.9339266
3005350,970.14764
3005351,515.3147
3005352,217.12544
3005353,94.2334
3005354,44.961983
3005355,3420.3572
3005356,4.218323
3005357,0.42384595
3005358,17.044971
3005359,13.355088
3005360,0.1948619
3005361,181.04825
3005362,1.8066819
3005363,0.76901186
3005364,4.9710236
3005365,38.742672
3005366,1.0712161
3005367,207.94809
3005368,231.67723
3005369,1.17327
3005370,5.6166143
3005371,156.66116
3005372,39.225292
3005373,845.69226
3005374,0.6638628
3005375,2.326044
3005376,0.90071654
3005377,0
3005378,0.4028537
3005379,1067.7877
3005380,0
3005381,122.79392
3005382,1.5031207
3005383,352.6734
3005384,160.32074
3005385,97.752815
3005386,60.65283
3005387,23.245256
3005388,1787.058
3005389,1.130636
3005390,0.053508103
3005391,5.2502446
3005392,3.674852
3005393,0
3005394,67.77578
3005395,0.1416977
3005396,0.017368777
3005397,1.7457535
3005398,27.661945
3005399,0.099844374
3005400,108.523155
3005401,101.282295
3005402,0.030388067
3005403,0.87841916
3005404,84.697556
3005405,19.005194
3005406,453.8258
3005407,0.0737274
3005408,0.6604785
3005409,3.1377797
3005410,0.010243415
3005411,1.2533879
3005412,2295.13
3005413,0.087937616
3005414,284.98712
3005415,4.021809
3005416,839.35004
3005417,454.79672
3005418,200.75673
3005419,121.39521
3005420,67.44871
3005421,3675.4521
3005422,3.596322
3005423,0.54414606
3005424,12.693378
3005425,9.457594
3005426,0.12123477
3005427,146.10773
3005428,0.97323024
3005429,0.8411375
3005430,3.700369
3005431,56.681797
3005432,0.79855096
3005433,231.98909
3005434,218.48575
3005435,0.7035034
3005436,2.6959455
3005437,202.2823
3005438,49.74604
3005439,1100.3301
3005440,0.71415854
3005441,2.3021615
3005442,3.2597241
3005443,0.00084913045
3005444,5.7577233
3005445,2410.6257
3005446,0.058943238
3005447,379.9574
3005448,14.102528
3005449,823.4358
3005450,660.4096
3005451,200.65044
3005452,154.73306
3005453,115.45272
3005454,3546.285
3005455,27.978565
3005456,0.5628357
3005457,18.225422
3005458,14.506604
3005459,0.18049371
3005460,198.61063
3005461,11.579356
3005462,10.811679
3005463,4.89433
3005464,105.98417
3005465,5.2441173
3005466,283.05167
3005467,216.77812
3005468,8.090109
3005469,11.456948
3005470,280.13486
3005471,99.287186
3005472,3458.8784
3005473,1.0152607
3005474,32.534122
3005475,3.1332755
3005476,0
3005477,4.529357
3005478,2107.182
3005479,0.041339934
3005480,328.33932
3005481,12.214842
3005482,799.5629
3005483,567.6608
3005484,178.70216
3005485,130.87375
3005486,87.16599
3005487,3129.3665
3005488,18.052887
3005489,0.4611295
3005490,20.172903
3005491,15.991615
3005492,0.16182937
3005493,202.37413
3005494,9.543508
3005495,7.3298817
3005496,4.1084223
3005497,91.505486
3005498,4.8641524
3005499,237.96541
3005500,191.1274
3005501,6.912147
3005502,9.859343
3005503,231.28091
3005504,76.29967
3005505,3400.0088
3005506,0.96945727
3005507,19.69742
3005508,3.4969993
3005509,0.028293272
3005510,3.6327667
3005511,2430.7239
3005512,0.06961563
3005513,341.13522
3005514,8.809562
3005515,1026.5344
3005516,634.72754
3005517,218.731
3005518,133.23346
3005519,79.02747
3005520,3574.3489
3005521,12.582476
3005522,0.6536914
3005523,22.457466
3005524,16.966177
3005525,0.23209599
3005526,235.00204
3005527,5.1023073
3005528,3.7919946
3005529,5.1741714
3005530,75.49008
3005531,2.1511097
3005532,258.9698
3005533,234.73065
3005534,3.1022105
3005535,6.4122357
3005536,224.75789
3005537,67.161896
3005538,1636.5159
3005539,0.9616842
3005540,11.308606
3005541,2.4959495
3005542,0
3005543,3.6402583
3005544,2407.091
3005545,0.017391425
3005546,458.01074
3005547,10.367181
3005548,794.71356
3005549,766.39636
3005550,190.50298
3005551,157.7564
3005552,105.95591
3005553,3691.982
3005554,18.131432
3005555,0.4193052
3005556,13.885974
3005557,11.37709
3005558,0.09663926
3005559,151.01877
3005560,8.893944
3005561,6.369053
3005562,3.0989861
3005563,101.540085
3005564,3.9906464
3005565,340.62073
3005566,217.45145
3005567,6.156593
3005568,8.374357
3005569,362.8773
3005570,85.54485
3005571,3215.7078
3005572,0.85422766
3005573,21.011324
3005574,2.978594
3005575,0.041775893
3005576,0.79797244
3005577,2287.8167
3005578,0.056989305
3005579,265.03775
3005580,5.402425
3005581,906.35046
3005582,456.91135
3005583,202.52498
3005584,101.51495
3005585,46.158318
3005586,3596.6426
3005587,3.0867991
3005588,0.32793194
3005589,13.206023
3005590,9.906165
3005591,0.09972147
3005592,167.69458
3005593,1.067713
3005594,0.45134124
3005595,2.3337283
3005596,38.95026
3005597,0.73595107
3005598,204.89294
3005599,215.82153
3005600,0.7192875
3005601,3.5831685
3005602,167.79291
3005603,39.44539
3005604,798.42615
3005605,0.5077915
3005606,1.8253686
3005607,2.9884324
3005608,0
3005609,4.4165373
3005610,2203.4675
3005611,0.0040792204
3005612,341.74527
3005613,10.058221
3005614,818.8045
3005615,577.61273
3005616,174.92726
3005617,123.26185
3005618,77.709335
3005619,3143.774
3005620,13.893216
3005621,0.4095963
3005622,17.976269
3005623,14.226698
3005624,0.038282372
3005625,159.03244
3005626,7.478695
3005627,6.535696
3005628,4.130209
3005629,76.94179
3005630,3.8742442
3005631,244.98206
3005632,190.6845
3005633,5.6949506
3005634,8.117636
3005635,237.85046
3005636,65.75848
3005637,2900.159
3005638,0.94476247
3005639,12.542535
3005640,3.7201319
3005641,0
3005642,3.3587823
3005643,1799.329
3005644,0
3005645,301.22308
3005646,8.67253
3005647,790.41266
3005648,373.4497
3005649,225.87471
3005650,164.44104
3005651,90.133224
3005652,2954.593
3005653,23.490326
3005654,0.8502872
3005655,13.885261
3005656,10.3918
3005657,0
3005658,156.78691
3005659,8.516061
3005660,5.060693
3005661,3.3149285
3005662,95.405106
3005663,3.2234955
3005664,247.19933
3005665,232.25398
3005666,4.6601987
3005667,6.9988174
3005668,209.52795
3005669,74.23921
3005670,1150.4437
3005671,1.4666767
3005672,19.696674
3005673,2.3979805
3005674,0.03165186
3005675,0.76122856
3005676,2165.8232
3005677,0.03759932
3005678,228.05527
3005679,3.8541327
3005680,722.9557
3005681,393.0877
3005682,177.18982
3005683,96.04685
3005684,39.95126
3005685,3410.563
3005686,2.0750046
3005687,0.19622973
3005688,9.797228
3005689,7.3946333
3005690,0.056990862
3005691,127.882614
3005692,0.7844652
3005693,0.30118105
3005694,2.8725328
3005695,39.6169
3005696,0.524166
3005697,186.12613
3005698,188.21027
3005699,0.5204179
3005700,2.521057
3005701,153.04883
3005702,33.19636
3005703,744.1567
3005704,0.32539332
3005705,1.2488482
3005706,11.401527
3005707,0.24097484
3005708,13.4054365
3005709,7830.7363
3005710,0.40133834
3005711,1483.3906
3005712,33.63892
3005713,2833.9905
3005714,2522.9177
3005715,494.73987
3005716,366.71198
3005717,408.28958
3005718,9137.545
3005719,53.28848
3005720,1.8797216
3005721,52.466045
3005722,42.828705
3005723,0.7501166
3005724,560.27405
3005725,29.821556
3005726,27.81753
3005727,12.076762
3005728,226.33267
3005729,18.634983
3005730,990.2382
3005731,630.9056
3005732,22.972784
3005733,28.905508
3005734,1132.7485
3005735,317.59427
3005736,9934.418
3005737,4.815028
3005738,70.342064
3005739,7.689622
3005740,0.1685359
3005741,9.077451
3005742,6763.404
3005743,0.2978936
3005744,1283.5859
3005745,26.779911
3005746,2335.6333
3005747,2172.2344
3005748,415.68994
3005749,318.60748
3005750,328.9887
3005751,8226.157
3005752,46.25725
3005753,1.4027915
3005754,38.921913
3005755,31.957851
3005756,0.57281077
3005757,433.93985
3005758,23.8444
3005759,20.988455
3005760,8.937014
3005761,190.21619
3005762,14.249343
3005763,880.41656
3005764,535.28723
3005765,17.903507
3005766,23.020449
3005767,1007.01764
3005768,254.73988
3005769,8409.412
3005770,3.2341938
3005771,62.242134
3005772,6.090141
3005773,0.12903754
3005774,5.9894257
3005775,5545.2656
3005776,0.23317085
3005777,943.47375
3005778,20.432793
3005779,1967.7499
3005780,1626.8839
3005781,330.5179
3005782,244.59529
3005783,198.29953
3005784,6940.307
3005785,27.628515
3005786,1.1138241
3005787,35.71734
3005788,28.508732
3005789,0.46875098
3005790,369.514
3005791,16.987692
3005792,12.525152
3005793,7.0246696
3005794,145.80157
3005795,9.731192
3005796,634.4654
3005797,403.96393
3005798,12.821116
3005799,17.42186
3005800,700.9074
3005801,154.85118
3005802,5775.8423
3005803,2.1872778
3005804,31.749119
3005805,7.3647747
3005806,0.1530341
3005807,8.464578
3005808,6384.8315
3005809,0.27221644
3005810,1187.3066
3005811,25.36066
3005812,2229.4912
3005813,2020.744
3005814,389.59637
3005815,294.0528
3005816,285.73074
3005817,7780.891
3005818,39.258533
3005819,1.3285296
3005820,38.936317
3005821,31.769405
3005822,0.5386462
3005823,432.30737
3005824,22.578045
3005825,18.996344
3005826,8.541592
3005827,178.13136
3005828,13.35695
3005829,808.8263
3005830,496.24344
3005831,16.993973
3005832,21.817514
3005833,921.438
3005834,220.62561
3005835,7660.8286
3005836,3.012137
3005837,50.180313
3005838,5.088311
3005839,0.095443375
3005840,4.59455
3005841,4931.297
3005842,0.18068203
3005843,826.1425
3005844,16.932562
3005845,1780.1439
3005846,1418.008
3005847,303.30963
3005848,219.8993
3005849,161.66129
3005850,6267.64
3005851,21.52648
3005852,0.92211854
3005853,31.190784
3005854,24.753473
3005855,0.3908518
3005856,331.244
3005857,13.258948
3005858,9.015983
3005859,5.9443536
3005860,123.399216
3005861,6.962018
3005862,559.7738
3005863,367.05896
3005864,9.582421
3005865,14.022853
3005866,610.8795
3005867,125.9399
3005868,4376.6855
3005869,1.7050135
3005870,23.573744
3005871,6.598749
3005872,0.08362959
3005873,7.910041
3005874,5812.4565
3005875,0.18205912
3005876,1170.2886
3005877,24.416862
3005878,2017.5372
3005879,2035.81
3005880,383.91534
3005881,302.87897
3005882,333.10385
3005883,7130.3193
3005884,46.625984
3005885,1.1496556
3005886,32.97542
3005887,27.383698
3005888,0.3829112
3005889,357.5972
3005890,21.60434
3005891,20.7358
3005892,5.442915
3005893,181.30104
3005894,12.50975
3005895,808.2276
3005896,486.78775
3005897,16.309483
3005898,20.90899
3005899,947.1238
3005900,252.43796
3005901,7298.8765
3005902,2.4973452
3005903,64.138115
3005904,3.1748137
3005905,0.025047407
3005906,3.651094
3005907,1937.109
3005908,0.06550733
3005909,285.8653
3005910,10.03042
3005911,886.0289
3005912,468.56662
3005913,199.28575
3005914,120.15723
3005915,77.429924
3005916,2857.8267
3005917,12.661349
3005918,0.49971166
3005919,23.28147
3005920,17.581406
3005921,0.20874897
3005922,224.6394
3005923,6.1927133
3005924,4.0297427
3005925,4.7991447
3005926,73.495705
3005927,2.4588208
3005928,204.26752
3005929,209.0189
3005930,3.813025
3005931,7.4967737
3005932,180.72093
3005933,69.69607
3005934,2474.8892
3005935,0.7636777
3005936,10.917905
3005937,5.480995
3005938,0.066654764
3005939,5.553479
3005940,3835.7625
3005941,0.12954597
3005942,599.6776
3005943,17.186396
3005944,1563.5796
3005945,1081.3535
3005946,267.19464
3005947,173.64485
3005948,124.45484
3005949,5107.3926
3005950,19.740509
3005951,0.73906434
3005952,32.89594
3005953,25.99242
3005954,0.2934861
3005955,340.4214
3005956,11.958536
3005957,8.2212
3005958,5.9916606
3005959,108.29126
3005960,6.873561
3005961,394.1827
3005962,303.90732
3005963,8.907505
3005964,13.916528
3005965,409.31644
3005966,102.813225
3005967,4553.704
3005968,1.680903
3005969,20.591644
3005970,4.3139315
3005971,0.08680669
3005972,7.184515
3005973,4428.25
3005974,0.16532296
3005975,811.08844
3005976,18.41497
3005977,1429.5037
3005978,1400.4827
3005979,291.51428
3005980,226.62457
3005981,202.87416
3005982,5906.4497
3005983,26.69352
3005984,0.7504232
3005985,23.662006
3005986,19.287333
3005987,0.25426757
3005988,217.89784
3005989,12.662173
3005990,12.053575
3005991,5.501859
3005992,149.56836
3005993,7.061263
3005994,572.2149
3005995,353.12497
3005996,9.303637
3005997,14.328432
3005998,646.5139
3005999,159.46646
3006000,7786.1396
3006001,1.5839036
3006002,33.909447
3006003,0.40747705
3006004,0
3006005,0.025582287
3006006,548.4724
3006007,0
3006008,57.96918
3006009,0.10442516
3006010,156.19237
3006011,64.16993
3006012,54.96067
3006013,37.717438
3006014,7.53493
3006015,1124.6666
3006016,0.62485254
3006017,0
3006018,1.3479633
3006019,0.9566921
3006020,0
3006021,12.255516
3006022,0
3006023,0
3006024,0.4928248
3006025,24.924717
3006026,0
3006027,45.87202
3006028,54.12493
3006029,0
3006030,0
3006031,35.55185
3006032,4.9476557
3006033,278.62796
3006034,0
3006035,0.5405755
3006036,1.673805
3006037,0
3006038,0.7875079
3006039,1460.5334
3006040,0
3006041,138.61665
3006042,1.8511283
3006043,462.95572
3006044,189.52411
3006045,116.60697
3006046,70.854
3006047,45.78137
3006048,2128.903
3006049,3.657711
3006050,0.25079006
3006051,7.6706448
3006052,5.4596972
3006053,0
3006054,83.149765
3006055,0.52021253
3006056,0.6224272
3006057,2.5023534
3006058,39.81069
3006059,0.35363317
3006060,107.32442
3006061,116.03417
3006062,0.30519846
3006063,1.2238755
3006064,92.13002
3006065,35.112038
3006066,1092.5768
3006067,0.34753093
3006068,2.51953
3006069,2.0079505
3006070,0
3006071,0.7142266
3006072,1479.0885
3006073,0
3006074,155.97253
3006075,2.1875813
3006076,532.1447
3006077,223.11974
3006078,130.45386
3006079,77.57044
3006080,38.65845
3006081,2250.7153
3006082,2.0679355
3006083,0.27639475
3006084,8.673107
3006085,6.3007984
3006086,0
3006087,118.264984
3006088,0.46963564
3006089,0.14557484
3006090,1.9965274
3006091,41.18313
3006092,0.35299712
3006093,125.15978
3006094,134.90315
3006095,0.2867692
3006096,1.4264731
3006097,105.38019
3006098,29.848309
3006099,816.6413
3006100,0.33803222
3006101,1.1957202
3006102,3.6756253
3006103,0.015724612
3006104,4.0789275
3006105,3706.6763
3006106,0.079824
3006107,641.7387
3006108,14.326082
3006109,1200.644
3006110,1131.0317
3006111,243.54135
3006112,193.62949
3006113,148.80466
3006114,5062.7344
3006115,25.654953
3006116,0.66349125
3006117,20.705095
3006118,16.798656
3006119,0.22105433
3006120,223.84375
3006121,12.281016
3006122,9.047448
3006123,4.618386
3006124,123.435524
3006125,5.8170342
3006126,452.66376
3006127,287.12378
3006128,8.592228
3006129,11.69488
3006130,496.02322
3006131,119.97324
3006132,4076.079
3006133,1.2569532
3006134,30.608253
3006135,3.4279594
3006136,0.008831137
3006137,5.9574957
3006138,2807.251
3006139,0.06399653
3006140,607.7362
3006141,15.657721
3006142,987.37616
3006143,1019.2345
3006144,227.09961
3006145,195.05116
3006146,165.97206
3006147,4251.7534
3006148,30.46717
3006149,0.55661
3006150,17.369497
3006151,14.517847
3006152,0.16057374
3006153,188.07722
3006154,13.022838
3006155,11.468563
3006156,4.0809927
3006157,138.8702
3006158,6.690466
3006159,454.0078
3006160,268.07953
3006161,9.279808
3006162,12.69667
3006163,502.46646
3006164,132.84013
3006165,4754.5005
3006166,1.2460854
3006167,41.643845
3006168,5.872331
3006169,0.032587364
3006170,6.8401427
3006171,4284.969
3006172,0.10760094
3006173,744.069
3006174,20.578964
3006175,1464.4127
3006176,1357.6473
3006177,284.75266
3006178,222.0638
3006179,191.9894
3006180,5514.6987
3006181,32.490265
3006182,0.9379147
3006183,30.440653
3006184,24.877266
3006185,0.2929529
3006186,302.89014
3006187,17.612371
3006188,16.571846
3006189,6.75914
3006190,150.5184
3006191,9.820083
3006192,517.94464
3006193,332.55518
3006194,13.414555
3006195,17.372356
3006196,576.7666
3006197,154.32405
3006198,5356.9927
3006199,1.9355476
3006200,39.24959
3006201,5.5945187
3006202,0.08459545
3006203,2.7420943
3006204,3448.7996
3006205,0.13343099
3006206,481.9078
3006207,11.7115345
3006208,1460.7112
3006209,931.37866
3006210,287.60504
3006211,161.76758
3006212,82.671745
3006213,4856.2227
3006214,9.956635
3006215,0.7908032
3006216,28.326546
3006217,22.234545
3006218,0.33329216
3006219,322.633
3006220,5.251972
3006221,3.096531
3006222,5.6452055
3006223,74.44935
3006224,2.8798633
3006225,358.0715
3006226,319.04108
3006227,3.6976738
3006228,8.835207
3006229,313.05765
3006230,67.69171
3006231,1761.3206
3006232,1.310967
3006233,7.8602448
3006234,3.798191
3006235,0
3006236,4.419374
3006237,2364.1025
3006238,0
3006239,383.79385
3006240,14.068524
3006241,713.871
3006242,648.56665
3006243,199.64937
3006244,151.19305
3006245,110.48612
3006246,3425.6013
3006247,20.055601
3006248,0.5349618
3006249,18.530987
3006250,15.318796
3006251,0.1004999
3006252,204.9659
3006253,11.883495
3006254,8.57526
3006255,3.7077084
3006256,130.49355
3006257,5.5982933
3006258,312.11905
3006259,203.58615
3006260,8.634007
3006261,11.630577
3006262,325.48825
3006263,87.39706
3006264,2592.7954
3006265,0.9037937
3006266,22.640509
3006267,2.3241978
3006268,0.015931126
3006269,0.6536938
3006270,1403.7195
3006271,0.0014503824
3006272,148.16414
3006273,3.543919
3006274,507.30322
3006275,201.59341
3006276,144.30682
3006277,66.86615
3006278,25.104597
3006279,2369.9324
3006280,2.0544288
3006281,0.2383113
3006282,10.219492
3006283,7.609173
3006284,0.13610889
3006285,149.32323
3006286,0.944337
3006287,0.17831507
3006288,2.8688157
3006289,27.071892
3006290,0.49002635
3006291,118.78111
3006292,134.46274
3006293,0.5920496
3006294,2.3307967
3006295,98.95195
3006296,20.003748
3006297,520.443
3006298,0.19308184
3006299,1.2299054
3006300,8.096112
3006301,0.16367152
3006302,2.9785922
3006303,4652.4624
3006304,0.2175518
3006305,496.2501
3006306,12.926275
3006307,1844.8729
3006308,837.70636
3006309,418.93747
3006310,156.43585
3006311,81.332245
3006312,6024.331
3006313,7.829277
3006314,1.0535676
3006315,30.835567
3006316,24.147593
3006317,0.49736232
3006318,414.2408
3006319,4.7537465
3006320,1.8761027
3006321,6.9693713
3006322,52.068718
3006323,2.5147555
3006324,348.80975
3006325,385.8007
3006326,3.1514516
3006327,9.385647
3006328,325.12976
3006329,64.52912
3006330,1501.7635
3006331,1.306701
3006332,5.2421584
3006333,3.0341272
3006334,0.020835599
3006335,0.70813584
3006336,1778.4427
3006337,0
3006338,199.35098
3006339,5.5330877
3006340,781.1779
3006341,273.00903
3006342,205.62804
3006343,76.85313
3006344,39.095284
3006345,2579.664
3006346,3.1986055
3006347,0.30133647
3006348,16.391886
3006349,12.111634
3006350,0.08868865
3006351,194.63196
3006352,1.2976382
3006353,0.3630007
3006354,4.0228605
3006355,35.741516
3006356,0.6469966
3006357,147.58792
3006358,181.26123
3006359,0.7307588
3006360,3.6356273
3006361,124.63288
3006362,34.266228
3006363,601.0127
3006364,0.3495505
3006365,1.6366215
3006366,2.436367
3006367,0.0225131
3006368,0.71466696
3006369,1519.6343
3006370,0
3006371,163.70248
3006372,4.9117746
3006373,607.62274
3006374,218.26598
3006375,161.78209
3006376,64.05576
3006377,31.235813
3006378,2352.8628
3006379,2.574988
3006380,0.19469768
3006381,13.128895
3006382,9.656323
3006383,0.083606675
3006384,160.17372
3006385,1.1777174
3006386,0.27417493
3006387,3.4116693
3006388,31.762684
3006389,0.5368345
3006390,122.512146
3006391,147.87898
3006392,0.6464113
3006393,3.2352772
3006394,100.1424
3006395,27.904188
3006396,503.3853
3006397,0.2226807
3006398,1.4474678
3006399,3.437685
3006400,0.018357368
3006401,0.6948757
3006402,1897.7728
3006403,0
3006404,221.10931
3006405,6.1373196
3006406,836.26263
3006407,301.01404
3006408,226.41335
3006409,82.04642
3006410,42.317383
3006411,2696.356
3006412,3.1012688
3006413,0.26225048
3006414,16.067406
3006415,12.059896
3006416,0.10104561
3006417,217.71088
3006418,1.2147212
3006419,0.30104735
3006420,4.1295915
3006421,40.296364
3006422,0.6030818
3006423,158.5254
3006424,204.34123
3006425,0.6833316
3006426,3.9242053
3006427,136.48186
3006428,37.578743
3006429,684.2771
3006430,0.28797704
3006431,1.6033766
3006432,3.3279285
3006433,0.007766959
3006434,1.118828
3006435,2129.4626
3006436,0.0003926929
3006437,224.79741
3006438,6.2000704
3006439,872.328
3006440,312.27094
3006441,216.9963
3006442,87.37173
3006443,44.467693
3006444,2978.7117
3006445,4.5567875
3006446,0.3888329
3006447,18.345314
3006448,13.425531
3006449,0.12432154
3006450,214.77066
3006451,1.8732424
3006452,0.70021
3006453,4.2870946
3006454,43.614407
3006455,0.8937967
3006456,166.99821
3006457,198.14696
3006458,1.0782468
3006459,4.0323563
3006460,147.59947
3006461,37.55794
3006462,743.95386
3006463,0.47845083
3006464,3.0114145
3006465,3.4290557
3006466,0.033469107
3006467,0.7667657
3006468,1251.4434
3006469,0
3006470,152.67128
3006471,4.018696
3006472,532.55646
3006473,201.1399
3006474,152.18251
3006475,61.33283
3006476,31.320194
3006477,1845.3871
3006478,2.6255822
3006479,0.114102185
3006480,11.889597
3006481,8.56108
3006482,0.1172572
3006483,174.75429
3006484,1.0155311
3006485,0.45631552
3006486,3.20463
3006487,36.0458
3006488,0.39456558
3006489,112.64125
3006490,137.33258
3006491,0.5425186
3006492,2.493002
3006493,94.388054
3006494,28.283464
3006495,634.54236
3006496,0.06678824
3006497,1.8369555
3006498,4.670414
3006499,0.06278292
3006500,2.0094793
3006501,3723.979
3006502,0.09057816
3006503,373.4838
3006504,7.1050234
3006505,1201.1558
3006506,614.188
3006507,308.94278
3006508,138.46468
3006509,79.80546
3006510,5047.8584
3006511,5.932238
3006512,0.67722094
3006513,20.720404
3006514,15.390583
3006515,0.30099657
3006516,278.7568
3006517,2.6851292
3006518,1.1704869
3006519,3.7251987
3006520,58.822968
3006521,1.4254451
3006522,278.9758
3006523,280.15015
3006524,1.7510421
3006525,4.8466086
3006526,273.25922
3006527,62.935642
3006528,1174.2988
3006529,0.77457523
3006530,4.4907346
3006531,3.0617442
3006532,0
3006533,1.5127025
3006534,1099.3086
3006535,0.040964536
3006536,116.528595
3006537,1.9786687
3006538,355.67783
3006539,178.61462
3006540,103.47609
3006541,49.73472
3006542,23.371994
3006543,1970.5964
3006544,5.3678074
3006545,0.33634436
3006546,8.029093
3006547,7.6009398
3006548,0.22607718
3006549,54.45948
3006550,1.8190894
3006551,1.5462732
3006552,2.633398
3006553,44.638424
3006554,0.5999185
3006555,88.34835
3006556,87.48988
3006557,1.4907255
3006558,1.5972481
3006559,76.52018
3006560,21.136732
3006561,354.46927
3006562,0.19775791
3006563,4.391661
3006564,3.5667377
3006565,0.037397396
3006566,1.1312838
3006567,1998.1554
3006568,0.033992346
3006569,206.24179
3006570,6.6455817
3006571,796.01874
3006572,296.2219
3006573,194.49646
3006574,77.16033
3006575,36.847572
3006576,3126.6301
3006577,4.395958
3006578,0.44992766
3006579,18.441633
3006580,13.870384
3006581,0.16823617
3006582,195.4647
3006583,2.3677053
3006584,0.80471957
3006585,4.1662993
3006586,34.05845
3006587,1.1286263
3006588,153.2
3006589,175.3272
3006590,1.4356289
3006591,4.670763
3006592,130.1711
3006593,31.306774
3006594,654.33026
3006595,0.5427133
3006596,2.754168
3006597,5.078073
3006598,0.0070656734
3006599,5.51993
3006600,4056.4753
3006601,0.06494108
3006602,654.2853
3006603,18.019888
3006604,1225.9902
3006605,1141.9452
3006606,291.38364
3006607,205.17323
3006608,172.98497
3006609,5356.1396
3006610,25.551445
3006611,0.8851459
3006612,25.832836
3006613,20.924442
3006614,0.28755763
3006615,296.9068
3006616,15.708904
3006617,10.034363
3006618,4.9885983
3006619,140.28633
3006620,7.4490814
3006621,505.8897
3006622,307.00864
3006623,11.251853
3006624,14.911156
3006625,553.7342
3006626,132.70273
3006627,3758.0378
3006628,1.4112704
3006629,30.087475
3006630,6.9184294
3006631,0
3006632,3.6191678
3006633,3005.6423
3006634,0.061085857
3006635,563.6798
3006636,8.092676
3006637,1859.4258
3006638,753.3435
3006639,624.45593
3006640,240.82758
3006641,76.52572
3006642,4509.6904
3006643,15.969244
3006644,1.1126244
3006645,24.436941
3006646,19.069784
3006647,0.23981011
3006648,312.12143
3006649,4.3359942
3006650,2.9822173
3006651,5.327216
3006652,91.99654
3006653,2.6606424
3006654,404.96368
3006655,518.1147
3006656,3.1637301
3006657,6.296542
3006658,332.39645
3006659,59.636036
3006660,1151.3484
3006661,1.5762825
3006662,11.171181
3006663,7.2954817
3006664,0.026690995
3006665,2.4704065
3006666,2549.2227
3006667,0.03987435
3006668,504.47095
3006669,8.614346
3006670,1787.5492
3006671,738.0646
3006672,625.61597
3006673,201.50427
3006674,83.2313
3006675,3485.2297
3006676,11.178396
3006677,1.0863748
3006678,28.099274
3006679,22.86621
3006680,0.21113738
3006681,358.6217
3006682,3.475731
3006683,1.8744106
3006684,5.075535
3006685,87.82847
3006686,2.177966
3006687,337.52625
3006688,524.6502
3006689,2.521248
3006690,6.576276
3006691,264.32272
3006692,69.72331
3006693,1129.8384
3006694,1.5531049
3006695,7.712699
3006696,3.7623158
3006697,0
3006698,0.75379956
3006699,1428.1238
3006700,0
3006701,210.05313
3006702,3.4767852
3006703,807.7184
3006704,286.9087
3006705,248.5516
3006706,98.00794
3006707,39.64852
3006708,2347.794
3006709,4.066002
3006710,0.45261958
3006711,15.236177
3006712,12.297267
3006713,0.049894758
3006714,146.70187
3006715,1.1515367
3006716,0.4545649
3006717,2.6303473
3006718,40.29977
3006719,0.6018932
3006720,145.32487
3006721,221.09914
3006722,0.7342781
3006723,2.504994
3006724,114.33868
3006725,33.52257
3006726,560.56903
3006727,0.51227164
3006728,2.8968413
3006729,2.2699857
3006730,0
3006731,2.0876954
3006732,2193.599
3006733,0
3006734,296.91888
3006735,8.158012
3006736,617.1683
3006737,464.4512
3006738,177.97537
3006739,118.27215
3006740,70.50152
3006741,3216.3643
3006742,12.340727
3006743,0.34910947
3006744,13.208692
3006745,10.331968
3006746,0.06831619
3006747,146.71884
3006748,6.6468306
3006749,2.778602
3006750,2.5825536
3006751,86.307274
3006752,2.2526414
3006753,255.05298
3006754,176.82831
3006755,3.8195057
3006756,6.1204367
3006757,247.45699
3006758,56.849133
3006759,1891.8625
3006760,0.55784833
3006761,12.134101
3006762,5.8914757
3006763,0
3006764,5.5875854
3006765,4158.039
3006766,0
3006767,704.80536
3006768,18.485926
3006769,1474.0277
3006770,1281.0281
3006771,404.69354
3006772,256.76572
3006773,230.30663
3006774,4878.9736
3006775,23.714811
3006776,0.84009266
3006777,30.05571
3006778,23.921251
3006779,0.12993512
3006780,285.40894
3006781,13.33138
3006782,11.461285
3006783,5.474649
3006784,148.08472
3006785,6.277504
3006786,554.60675
3006787,403.1861
3006788,9.883665
3006789,14.774331
3006790,596.9824
3006791,172.37238
3006792,3505.3992
3006793,1.2927682
3006794,25.452599
3006795,2.7335079
3006796,0.024991183
3006797,2.1710463
3006798,1049.6976
3006799,0.06049028
3006800,150.50122
3006801,4.013019
3006802,294.46997
3006803,199.0313
3006804,113.35993
3006805,74.758194
3006806,39.880737
3006807,1796.1194
3006808,6.197043
3006809,0.37223274
3006810,6.9805346
3006811,6.835415
3006812,0.21103114
3006813,37.196114
3006814,2.6367016
3006815,2.482644
3006816,2.4473631
3006817,82.84184
3006818,1.3966787
3006819,135.20703
3006820,101.73845
3006821,2.259536
3006822,3.1584048
3006823,117.87051
3006824,34.26983
3006825,299.33783
3006826,0.4236331
3006827,4.729298
3006828,2.898159
3006829,0.002997725
3006830,1.0745108
3006831,1384.6603
3006832,0.0035523986
3006833,155.6873
3006834,3.3824973
3006835,458.93356
3006836,207.19035
3006837,121.48448
3006838,67.32209
3006839,29.120564
3006840,2191.9128
3006841,3.1432133
3006842,0.22973716
3006843,10.810384
3006844,7.6045885
3006845,0.08726333
3006846,114.53833
3006847,1.3636692
3006848,0.70526695
3006849,2.6369522
3006850,42.825348
3006851,0.61750555
3006852,134.6934
3006853,118.770546
3006854,0.77543783
3006855,2.2590148
3006856,109.45366
3006857,24.137146
3006858,765.98157
3006859,0.23758183
3006860,2.1325262
3006861,4.8367324
3006862,0.04061507
3006863,5.5640764
3006864,3706.2732
3006865,0.10951108
3006866,566.35394
3006867,15.79162
3006868,1075.3356
3006869,997.3811
3006870,267.24374
3006871,190.6261
3006872,151.4307
3006873,4981.6143
3006874,20.005735
3006875,0.90971434
3006876,22.616882
3006877,18.577944
3006878,0.28918535
3006879,222.41231
3006880,12.245157
3006881,8.633369
3006882,4.935343
3006883,138.24792
3006884,6.078584
3006885,446.10532
3006886,279.98126
3006887,9.119088
3006888,12.861343
3006889,476.5224
3006890,117.156815
3006891,3938.7498
3006892,1.4002762
3006893,21.876846
3006894,5.625102
3006895,0.11880147
3006896,1.887353
3006897,3647.2905
3006898,0.14599997
3006899,391.97382
3006900,8.984313
3006901,1418.8723
3006902,647.96326
3006903,361.48322
3006904,141.41652
3006905,85.77991
3006906,4849.9966
3006907,5.333683
3006908,0.72459745
3006909,24.043724
3006910,18.386288
3006911,0.3350293
3006912,311.19336
3006913,2.621527
3006914,1.1357007
3006915,5.354526
3006916,72.37273
3006917,1.4710295
3006918,282.84085
3006919,314.43585
3006920,1.6983151
3006921,6.0653267
3006922,267.80637
3006923,70.057625
3006924,1373.2969
3006925,0.8968202
3006926,3.4082375
3006927,5.8720756
3006928,0.017149556
3006929,2.5820267
3006930,2604.1272
3006931,0.06510322
3006932,512.31665
3006933,7.6698074
3006934,1748.6061
3006935,686.90344
3006936,594.03735
3006937,212.99425
3006938,74.10816
3006939,3913.7126
3006940,9.276816
3006941,0.88901687
3006942,23.386822
3006943,18.330639
3006944,0.1577896
3006945,313.32028
3006946,2.8158696
3006947,1.9242585
3006948,4.6532073
3006949,112.583336
3006950,1.8489578
3006951,356.80383
3006952,490.61868
3006953,2.0920181
3006954,5.6976423
3006955,277.735
3006956,58.990334
3006957,1082.7465
3006958,1.2928355
3006959,6.230326
3006960,13.198448
3006961,0.19892853
3006962,15.095037
3006963,8114.202
3006964,0.3407754
3006965,1555.6157
3006966,38.921886
3006967,2904.6003
3006968,2735.753
3006969,604.5695
3006970,406.207
3006971,524.02924
3006972,9317.84
3006973,59.7476
3006974,2.2457435
3006975,61.715458
3006976,49.27157
3006977,0.8496605
3006978,686.1078
3006979,34.398018
3006980,27.0386
3006981,11.888113
3006982,264.23215
3006983,19.848728
3006984,1129.9828
3006985,682.24603
3006986,25.63035
3006987,32.911022
3006988,1299.6538
3006989,409.91577
3006990,8248.163
3006991,4.2220407
3006992,87.164566
3006993,1.6854267
3006994,0
3006995,0.74164045
3006996,1535.8815
3006997,0
3006998,158.0359
3006999,2.8426769
3007000,494.3382
3007001,199.85356
3007002,138.16693
3007003,72.74765
3007004,33.53865
3007005,2278.6064
3007006,2.226073
3007007,0.23300496
3007008,9.963228
3007009,7.076499
3007010,0.047469657
3007011,116.52787
3007012,0.78319466
3007013,0.29847553
3007014,2.481804
3007015,42.11399
3007016,0.42287415
3007017,125.619804
3007018,130.80226
3007019,0.44289488
3007020,1.808331
3007021,110.43924
3007022,27.991495
3007023,593.5453
3007024,0.22828372
3007025,1.317086
3007026,5.5673966
3007027,0.09384478
3007028,1.599551
3007029,3256.6997
3007030,0.108141795
3007031,335.42688
3007032,8.133503
3007033,1302.5415
3007034,537.83716
3007035,327.76334
3007036,121.57276
3007037,65.27507
3007038,4416.0005
3007039,4.4081497
3007040,0.6386281
3007041,22.028862
3007042,16.741152
3007043,0.32141638
3007044,326.11002
3007045,2.1394954
3007046,0.8636069
3007047,5.527215
3007048,49.49442
3007049,1.2105739
3007050,242.76726
3007051,295.52402
3007052,1.4145653
3007053,5.477629
3007054,219.77136
3007055,54.32506
3007056,1157.3213
3007057,0.70009446
3007058,2.610628
3007059,1.0503044
3007060,0
3007061,0.31369796
3007062,977.5899
3007063,0
3007064,105.61963
3007065,1.7923343
3007066,327.7395
3007067,125.10619
3007068,92.87844
3007069,51.05496
3007070,19.208933
3007071,1599.3748
3007072,1.1089599
3007073,0.060432278
3007074,6.447931
3007075,4.5461287
3007076,0.004603504
3007077,86.12969
3007078,0.3222226
3007079,0
3007080,1.8567665
3007081,29.825003
3007082,0.15651734
3007083,88.11391
3007084,89.063545
3007085,0.13766514
3007086,1.1121795
3007087,72.46438
3007088,15.701031
3007089,399.47525
3007090,0.022695836
3007091,0.58962107
3007092,4.3060937
3007093,0.087248586
3007094,0.92103827
3007095,2214.8062
3007096,0.07515694
3007097,237.00676
3007098,6.0098844
3007099,828.14307
3007100,331.6
3007101,252.01076
3007102,96.24006
3007103,50.669323
3007104,3171.6838
3007105,2.5422163
3007106,0.34268764
3007107,15.84701
3007108,11.998834
3007109,0.22116491
3007110,242.72192
3007111,1.3027067
3007112,0.40281042
3007113,4.0779734
3007114,45.28216
3007115,0.730518
3007116,174.66983
3007117,223.34117
3007118,0.82301795
3007119,3.9592
3007120,153.27899
3007121,42.528038
3007122,862.0061
3007123,0.39366627
3007124,1.330576
3007125,6.3091354
3007126,0.14927563
3007127,1.7098105
3007128,2685.152
3007129,0.14276077
3007130,311.87488
3007131,10.755757
3007132,1165.898
3007133,474.13684
3007134,318.66327
3007135,103.6483
3007136,56.354595
3007137,3975.599
3007138,4.9122667
3007139,0.6454495
3007140,23.994852
3007141,18.905197
3007142,0.36182767
3007143,289.07397
3007144,2.7703416
3007145,0.94633067
3007146,6.1630816
3007147,48.500313
3007148,1.4557178
3007149,212.14777
3007150,283.00534
3007151,1.7427309
3007152,7.5322857
3007153,179.3735
3007154,48.04131
3007155,960.7943
3007156,0.8068886
3007157,2.6171823
3007158,1.3602524
3007159,0.014546271
3007160,0.46744925
3007161,1287.197
3007162,0
3007163,127.74121
3007164,2.2625146
3007165,395.89023
3007166,155.08627
3007167,114.236374
3007168,63.378098
3007169,26.773275
3007170,1990.1544
3007171,1.3318608
3007172,0.12608625
3007173,7.9057636
3007174,5.60292
3007175,0.042523127
3007176,100.19103
3007177,0.4110274
3007178,0.13123852
3007179,2.0092297
3007180,37.29075
3007181,0.2337598
3007182,107.68281
3007183,110.30329
3007184,0.20517202
3007185,1.4016464
3007186,91.5222
3007187,21.68599
3007188,486.51917
3007189,0.13062192
3007190,0.7480824
3007191,4.5799727
3007192,0.115415335
3007193,1.5909793
3007194,2833.6362
3007195,0.21058145
3007196,337.95413
3007197,5.7930317
3007198,1067.696
3007199,474.9754
3007200,290.6188
3007201,140.74039
3007202,81.135475
3007203,4033.2285
3007204,3.900135
3007205,0.67147696
3007206,18.63318
3007207,13.9304285
3007208,0.27880543
3007209,211.62509
3007210,1.4545414
3007211,1.0140581
3007212,4.1762624
3007213,72.36433
3007214,1.0558636
3007215,268.8169
3007216,274.67407
3007217,1.024303
3007218,3.852951
3007219,255.31439
3007220,57.155827
3007221,1123.6017
3007222,0.873142
3007223,2.3881981
3007224,5.0869265
3007225,0.022203617
3007226,6.9761024
3007227,3196.2441
3007228,0.083778284
3007229,456.09653
3007230,19.120012
3007231,1057.7238
3007232,802.01434
3007233,261.66013
3007234,178.42056
3007235,132.36404
3007236,4324.219
3007237,28.74067
3007238,0.8357073
3007239,27.88974
3007240,21.859072
3007241,0.3063311
3007242,293.26456
3007243,15.708323
3007244,11.787765
3007245,6.075048
3007246,140.80414
3007247,7.0835
3007248,352.81476
3007249,265.59738
3007250,10.864747
3007251,15.605677
3007252,357.74258
3007253,108.044106
3007254,3504.2458
3007255,1.248328
3007256,31.704483
3007257,5.17605
3007258,0.018019482
3007259,5.568244
3007260,2753.7134
3007261,0.06289997
3007262,374.56445
3007263,16.997238
3007264,997.80347
3007265,648.5924
3007266,236.46591
3007267,148.76624
3007268,101.03522
3007269,3802.0474
3007270,20.639784
3007271,0.72353053
3007272,30.490002
3007273,23.919605
3007274,0.29365045
3007275,320.67783
3007276,13.624529
3007277,8.314297
3007278,5.446761
3007279,127.97452
3007280,6.6188946
3007281,288.73254
3007282,233.39067
3007283,9.724189
3007284,13.784985
3007285,280.046
3007286,84.95616
3007287,3471.5952
3007288,1.2325239
3007289,21.087187
3007290,5.7929964
3007291,0.0635195
3007292,4.2093444
3007293,3137.09
3007294,0.10139467
3007295,399.7484
3007296,11.828214
3007297,1332.7627
3007298,678.96594
3007299,321.77042
3007300,151.36813
3007301,91.53231
3007302,4228.739
3007303,14.587826
3007304,0.905545
3007305,33.421604
3007306,25.6255
3007307,0.36924317
3007308,350.23212
3007309,7.223936
3007310,4.2822313
3007311,6.682122
3007312,81.52704
3007313,2.7072747
3007314,288.7636
3007315,301.9084
3007316,4.233982
3007317,8.622523
3007318,275.35675
3007319,74.22845
3007320,1897.2015
3007321,1.10713
3007322,12.507599
3007323,4.0006485
3007324,0
3007325,4.513401
3007326,3243.374
3007327,0.044626076
3007328,510.04752
3007329,14.563243
3007330,944.4101
3007331,864.4866
3007332,237.00801
3007333,174.46172
3007334,131.43742
3007335,4549.2495
3007336,20.618738
3007337,0.7025914
3007338,20.573011
3007339,16.639875
3007340,0.23009053
3007341,236.97466
3007342,12.649765
3007343,7.4194613
3007344,3.9889045
3007345,125.50055
3007346,5.5441127
3007347,408.56818
3007348,250.62065
3007349,8.732834
3007350,11.844605
3007351,434.73737
3007352,102.11518
3007353,3165.185
3007354,1.1148529
3007355,22.907448
3007356,4.7721086
3007357,0.08845029
3007358,1.1937461
3007359,2920.9646
3007360,0.09651742
3007361,293.50995
3007362,7.3411055
3007363,1099.9069
3007364,439.83273
3007365,286.30774
3007366,109.301445
3007367,57.80657
3007368,4136.502
3007369,3.6770873
3007370,0.5085772
3007371,19.251204
3007372,14.715305
3007373,0.24871466
3007374,257.32483
3007375,1.7174518
3007376,0.6239277
3007377,3.5132933
3007378,47.440224
3007379,1.0128169
3007380,214.68929
3007381,254.45177
3007382,1.1186669
3007383,4.917724
3007384,194.7276
3007385,48.103096
3007386,889.8404
3007387,0.61560965
3007388,2.1277776
3007389,4.746855
3007390,0
3007391,5.0711083
3007392,2870.4038
3007393,0.034753595
3007394,402.0548
3007395,14.375447
3007396,1027.1019
3007397,670.9964
3007398,242.89247
3007399,145.52638
3007400,90.409195
3007401,3793.2551
3007402,15.446415
3007403,0.67833626
3007404,27.405537
3007405,21.489431
3007406,0.18736096
3007407,255.57462
3007408,10.546752
3007409,7.0084925
3007410,5.114293
3007411,97.3423
3007412,5.2196712
3007413,311.15497
3007414,241.01814
3007415,7.9444914
3007416,11.561003
3007417,298.25565
3007418,72.650764
3007419,3024.9932
3007420,1.1649983
3007421,13.50938
3007422,5.694446
3007423,0
3007424,4.724368
3007425,2408.9888
3007426,0
3007427,437.98972
3007428,12.009574
3007429,1195.8348
3007430,544.8891
3007431,364.8757
3007432,244.55243
3007433,118.13602
3007434,3614.521
3007435,29.118532
3007436,1.3621569
3007437,20.35982
3007438,15.736588
3007439,0.14139993
3007440,219.97379
3007441,10.998092
3007442,6.2492304
3007443,4.693066
3007444,132.61472
3007445,4.8640294
3007446,389.781
3007447,340.75287
3007448,6.5365386
3007449,10.05185
3007450,321.71133
3007451,96.03339
3007452,1197.0214
3007453,2.0985432
3007454,24.349596
3007455,3.8173323
3007456,0.08188546
3007457,0.879663
3007458,2683.394
3007459,0.083234034
3007460,249.70627
3007461,5.524122
3007462,855.4045
3007463,370.00177
3007464,245.99132
3007465,99.80027
3007466,51.59117
3007467,3810.5872
3007468,2.4089112
3007469,0.34214494
3007470,14.3073845
3007471,10.908992
3007472,0.19584759
3007473,206.39313
3007474,1.3636384
3007475,0.4355873
3007476,3.3975673
3007477,51.982296
3007478,0.7998458
3007479,191.22563
3007480,207.34627
3007481,0.8970455
3007482,3.6800733
3007483,172.7047
3007484,42.632484
3007485,848.96436
3007486,0.44098574
3007487,1.4043381
3007488,16.313877
3007489,0.33696908
3007490,18.042505
3007491,10026.304
3007492,0.53220797
3007493,1949.2897
3007494,43.034237
3007495,3781.3328
3007496,3255.9602
3007497,759.6802
3007498,483.71603
3007499,641.31134
3007500,11099.78
3007501,62.308876
3007502,2.8492763
3007503,74.023254
3007504,59.591644
3007505,1.1697288
3007506,834.894
3007507,37.57852
3007508,30.327017
3007509,14.87358
3007510,296.10754
3007511,23.201923
3007512,1405.1182
3007513,873.70874
3007514,28.68692
3007515,36.690224
3007516,1608.0696
3007517,493.04764
3007518,9174.126
3007519,6.157395
3007520,85.52753
3007521,11.290384
3007522,0.23304576
3007523,12.603654
3007524,8836.604
3007525,0.3878992
3007526,1635.5105
3007527,34.228504
3007528,3074.1057
3007529,2732.8118
3007530,625.88763
3007531,407.8575
3007532,496.57077
3007533,10058.15
3007534,53.21306
3007535,2.181835
3007536,55.248478
3007537,44.537983
3007538,0.8889588
3007539,661.2857
3007540,30.55474
3007541,23.151787
3007542,11.109839
3007543,245.43063
3007544,18.45592
3007545,1204.7261
3007546,721.6778
3007547,23.01233
3007548,29.334084
3007549,1367.1859
3007550,377.66473
3007551,7910.844
3007552,4.196907
3007553,74.058105
3007554,9.438072
3007555,0.18899746
3007556,8.594433
3007557,7181.5503
3007558,0.31032592
3007559,1172.6731
3007560,26.031776
3007561,2595.113
3007562,2002.5433
3007563,507.5464
3007564,295.41302
3007565,277.86234
3007566,8396.22
3007567,32.91229
3007568,1.7532325
3007569,49.78155
3007570,39.759632
3007571,0.72757494
3007572,560.83234
3007573,22.328756
3007574,14.439011
3007575,9.076589
3007576,178.55185
3007577,12.794537
3007578,851.3976
3007579,537.96954
3007580,17.06107
3007581,22.31957
3007582,927.8575
3007583,208.42818
3007584,5466.7197
3007585,2.9137743
3007586,36.98818
3007587,10.989365
3007588,0.21725586
3007589,11.826262
3007590,8311.784
3007591,0.3600401
3007592,1512.1372
3007593,32.33765
3007594,2945.018
3007595,2540.9658
3007596,602.3453
3007597,378.51706
3007598,431.14777
3007599,9496.165
3007600,45.73968
3007601,2.076124
3007602,55.03466
3007603,44.417747
3007604,0.8444413
3007605,655.47687
3007606,29.155693
3007607,21.09938
3007608,10.575149
3007609,222.08528
3007610,17.34794
3007611,1102.3685
3007612,671.79535
3007613,22.066772
3007614,27.824236
3007615,1256.924
3007616,324.7583
3007617,7156.4214
3007618,3.9416199
3007619,59.576447
3007620,8.059738
3007621,0.1455315
3007622,6.6763973
3007623,6411.2866
3007624,0.24236411
3007625,1003.686
3007626,21.975283
3007627,2343.4155
3007628,1719.8439
3007629,459.67896
3007630,263.7501
3007631,221.38538
3007632,7590.807
3007633,26.100933
3007634,1.4638553
3007635,43.738735
3007636,34.756462
3007637,0.61344457
3007638,505.5041
3007639,18.241446
3007640,10.590737
3007641,7.872573
3007642,149.95714
3007643,9.400418
3007644,736.43225
3007645,484.64746
3007646,13.276709
3007647,18.427927
3007648,794.8608
3007649,165.23268
3007650,4315.3354
3007651,2.2973363
3007652,27.519228
3007653,9.506248
3007654,0.12870365
3007655,10.799336
3007656,7713.4355
3007657,0.2509936
3007658,1488.4957
3007659,31.050503
3007660,2628.141
3007661,2575.2625
3007662,550.3584
3007663,377.4216
3007664,490.82687
3007665,8781.588
3007666,52.150887
3007667,1.8642366
3007668,46.73202
3007669,38.02406
3007670,0.66422915
3007671,531.97314
3007672,27.779058
3007673,22.421593
3007674,7.5958023
3007675,232.45885
3007676,16.816612
3007677,1097.2826
3007678,633.135
3007679,21.324623
3007680,26.79965
3007681,1281.4982
3007682,368.62198
3007683,6733.884
3007684,3.3431373
3007685,74.82357
3007686,5.4790177
3007687,0.04515479
3007688,4.2531657
3007689,2530.184
3007690,0.08164843
3007691,334.66974
3007692,13.93421
3007693,1126.4973
3007694,540.9962
3007695,296.24954
3007696,141.45094
3007697,83.74726
3007698,3458.565
3007699,14.559047
3007700,0.7270596
3007701,34.486298
3007702,26.397558
3007703,0.3348428
3007704,357.23062
3007705,9.005338
3007706,4.6415243
3007707,6.2361703
3007708,103.103516
3007709,3.3680787
3007710,252.786
3007711,265.20816
3007712,5.5300136
3007713,10.426642
3007714,223.11803
3007715,72.39057
3007716,2622.2605
3007717,0.9544276
3007718,12.290025
3007719,8.80464
3007720,0.10295631
3007721,6.3857837
3007722,4866.3315
3007723,0.1680586
3007724,727.7502
3007725,23.080864
3007726,2032.3477
3007727,1278.8579
3007728,405.4107
3007729,209.50175
3007730,163.19162
3007731,6100.928
3007732,23.560986
3007733,1.206348
3007734,46.922234
3007735,37.3593
3007736,0.49049908
3007737,539.074
3007738,17.154589
3007739,9.285722
3007740,7.9543114
3007741,144.4925
3007742,9.431793
3007743,535.2946
3007744,406.03714
3007745,12.67756
3007746,18.848078
3007747,546.4531
3007748,128.94461
3007749,4589.944
3007750,2.2774446
3007751,23.184677
3007752,6.603838
3007753,0.12060606
3007754,8.112068
3007755,5721.154
3007756,0.21295445
3007757,957.8417
3007758,26.164413
3007759,1784.989
3007760,1647.3779
3007761,407.93414
3007762,278.67825
3007763,282.14438
3007764,7024.3125
3007765,28.346249
3007766,1.1883283
3007767,33.903637
3007768,27.134258
3007769,0.45683953
3007770,370.00372
3007771,18.170898
3007772,12.359926
3007773,6.5140824
3007774,199.93814
3007775,10.173561
3007776,733.2141
3007777,449.27908
3007778,13.421945
3007779,20.590918
3007780,810.2509
3007781,217.09518
3007782,8312.562
3007783,2.0830297
3007784,36.806736
3007785,0.5154897
3007786,0
3007787,0.054390192
3007788,787.9082
3007789,0
3007790,81.42448
3007791,0.32153034
3007792,234.75652
3007793,90.53267
3007794,95.01768
3007795,56.283478
3007796,8.825937
3007797,1518.3319
3007798,0.8568753
3007799,0
3007800,2.006201
3007801,1.4083836
3007802,0
3007803,15.814018
3007804,0
3007805,0
3007806,0.55139863
3007807,43.129276
3007808,0
3007809,75.50737
3007810,76.65936
3007811,0
3007812,0.14775452
3007813,55.61403
3007814,5.6303043
3007815,302.42737
3007816,0
3007817,0.70783114
3007818,2.3044434
3007819,0.0062626386
3007820,0.95020807
3007821,1968.7847
3007822,0.025638085
3007823,182.1358
3007824,2.9012468
3007825,640.7768
3007826,260.73056
3007827,157.71075
3007828,82.27538
3007829,44.52004
3007830,2469.5857
3007831,3.9461603
3007832,0.31798643
3007833,11.830489
3007834,8.353045
3007835,0.02904757
3007836,112.40237
3007837,0.87702096
3007838,0.88433135
3007839,2.9196434
3007840,67.12479
3007841,0.52675295
3007842,154.77339
3007843,137.18985
3007844,0.5494071
3007845,1.9226756
3007846,125.42325
3007847,33.80091
3007848,1087.1287
3007849,0.43707114
3007850,2.7506359
3007851,3.0571141
3007852,0
3007853,1.00249
3007854,1857.2837
3007855,0.0024939382
3007856,186.51817
3007857,3.1808887
3007858,648.26166
3007859,248.25084
3007860,164.92715
3007861,81.65783
3007862,42.19779
3007863,2519.2678
3007864,2.670868
3007865,0.41119632
3007866,13.879619
3007867,10.246739
3007868,0.09728673
3007869,167.20694
3007870,0.90921664
3007871,0.40164027
3007872,2.6928205
3007873,56.25467
3007874,0.5372195
3007875,142.46254
3007876,151.12761
3007877,0.57004964
3007878,2.1197958
3007879,128.01486
3007880,31.52295
3007881,863.07465
3007882,0.43742236
3007883,1.6118879
3007884,5.889813
3007885,0.042373054
3007886,5.982349
3007887,4953.492
3007888,0.11401989
3007889,758.0471
3007890,19.601147
3007891,1521.4858
3007892,1360.4177
3007893,329.43005
3007894,223.51506
3007895,195.8122
3007896,6218.098
3007897,29.127012
3007898,1.058331
3007899,30.209349
3007900,24.294447
3007901,0.38069725
3007902,342.186
3007903,17.245232
3007904,10.404737
3007905,5.841991
3007906,150.5651
3007907,8.068194
3007908,577.36365
3007909,351.6428
3007910,12.127721
3007911,16.170546
3007912,631.264
3007913,151.33885
3007914,3995.6162
3007915,1.633291
3007916,34.017616
3007917,5.252704
3007918,0.029152429
3007919,7.203308
3007920,3805.2185
3007921,0.09137949
3007922,698.91113
3007923,21.037704
3007924,1199.6332
3007925,1199.023
3007926,290.18277
3007927,220.98564
3007928,218.29776
3007929,5277.81
3007930,32.826195
3007931,0.91196954
3007932,25.360258
3007933,20.749807
3007934,0.31312436
3007935,302.33984
3007936,18.140675
3007937,12.5825405
3007938,4.986099
3007939,179.02422
3007940,9.298612
3007941,548.34216
3007942,319.98785
3007943,12.878085
3007944,17.378082
3007945,612.8167
3007946,171.41893
3007947,4687.6724
3007948,1.6023738
3007949,45.377464
3007950,9.064154
3007951,0.067404814
3007952,9.725314
3007953,5730.012
3007954,0.15550835
3007955,949.87836
3007956,27.083988
3007957,1934.5747
3007958,1744.9973
3007959,405.1825
3007960,273.61282
3007961,271.88013
3007962,6867.53
3007963,36.187794
3007964,1.5006719
3007965,44.43878
3007966,35.863964
3007967,0.5076052
3007968,452.70615
3007969,23.948503
3007970,17.743338
3007971,8.188477
3007972,183.83293
3007973,13.399863
3007974,705.6965
3007975,437.4713
3007976,18.271576
3007977,23.15367
3007978,790.5693
3007979,208.19373
3007980,5186.012
3007981,2.5036104
3007982,43.732803
3007983,9.043944
3007984,0.13920012
3007985,4.1003036
3007986,4427.0635
3007987,0.1848139
3007988,557.2856
3007989,15.722145
3007990,1876.1141
3007991,978.7287
3007992,435.92874
3007993,179.12082
3007994,110.97189
3007995,5768.0244
3007996,11.887195
3007997,1.1804852
3007998,39.705093
3007999,31.369751
3008000,0.5149692
3008001,502.91534
3008002,7.6472435
3008003,3.5527287
3008004,7.46251
3008005,78.26627
3008006,3.725378
3008007,386.94077
3008008,400.57745
3008009,5.104033
3008010,11.675878
3008011,368.6315
3008012,88.1465
3008013,2015.8555
3008014,1.593149
3008015,8.838829
3008016,3.6946383
3008017,0
3008018,3.8271084
3008019,2507.5957
3008020,0
3008021,370.55148
3008022,10.416608
3008023,696.2785
3008024,699.6795
3008025,173.53813
3008026,136.57301
3008027,103.39178
3008028,3823.0977
3008029,21.27139
3008030,0.6682203
3008031,18.215015
3008032,14.760083
3008033,0.139635
3008034,177.94064
3008035,11.013469
3008036,7.459382
3008037,3.3715281
3008038,17.285046
3008039,4.4441204
3008040,273.62918
3008041,191.79237
3008042,7.648638
3008043,9.069463
3008044,301.5471
3008045,82.320305
3008046,1900.433
3008047,0.8760048
3008048,26.726593
3008049,2.674636
3008050,0.0057588
3008051,0.7091116
3008052,1626.7899
3008053,0.00594548
3008054,174.04163
3008055,2.5637214
3008056,609.5927
3008057,251.54393
3008058,151.88274
3008059,72.47349
3008060,33.36848
3008061,2823.7715
3008062,2.2678182
3008063,0.34978834
3008064,9.283757
3008065,6.9316406
3008066,0.12860572
3008067,128.24843
3008068,0.7759315
3008069,0.13450328
3008070,2.9189498
3008071,5.9746885
3008072,0.41088834
3008073,125.76546
3008074,158.77174
3008075,0.4919697
3008076,1.8379779
3008077,108.471306
3008078,25.000977
3008079,321.9039
3008080,0.3055281
3008081,1.5487306
3008082,8.562124
3008083,0.19548309
3008084,3.23111
3008085,5696.4814
3008086,0.26600018
3008087,632.6381
3008088,10.536178
3008089,2231.4438
3008090,1035.5005
3008091,460.02924
3008092,186.74883
3008093,112.391716
3008094,7908.2563
3008095,8.592974
3008096,1.2253764
3008097,30.018925
3008098,22.889706
3008099,0.51811254
3008100,369.39655
3008101,4.1563797
3008102,1.4883959
3008103,6.4798236
3008104,14.433917
3008105,2.2316186
3008106,408.8446
3008107,486.8466
3008108,2.745329
3008109,8.02778
3008110,393.0535
3008111,82.87719
3008112,1133.7355
3008113,1.4784932
3008114,6.3323126
3008115,3.5656185
3008116,0.034370687
3008117,1.0406513
3008118,1955.8243
3008119,0.018428888
3008120,223.692
3008121,4.189359
3008122,858.7801
3008123,332.30728
3008124,193.32707
3008125,76.53796
3008126,47.525105
3008127,2927.5442
3008128,3.0197678
3008129,0.36785743
3008130,16.40899
3008131,12.051025
3008132,0.06078836
3008133,167.66748
3008134,1.1086926
3008135,0.16444539
3008136,4.206788
3008137,10.815377
3008138,0.6089747
3008139,141.93036
3008140,196.50563
3008141,0.68033874
3008142,2.9050026
3008143,124.0077
3008144,37.73512
3008145,387.43478
3008146,0.4699644
3008147,1.6044436
3008148,2.8276684
3008149,0.042923953
3008150,0.7618345
3008151,1722.0616
3008152,0.019333752
3008153,187.0966
3008154,3.525453
3008155,709.1305
3008156,277.52173
3008157,156.54512
3008158,64.37713
3008159,39.61119
3008160,2804.5688
3008161,2.5777361
3008162,0.277404
3008163,12.355152
3008164,9.016675
3008165,0.060640734
3008166,133.0888
3008167,0.9238056
3008168,0.12017711
3008169,3.593524
3008170,10.282371
3008171,0.43121225
3008172,122.43496
3008173,162.91978
3008174,0.5218153
3008175,2.4440105
3008176,104.26604
3008177,33.16502
3008178,306.2901
3008179,0.31253397
3008180,1.5383761
3008181,3.9577603
3008182,0.041054767
3008183,0.9894204
3008184,2221.1938
3008185,0.023170134
3008186,251.68222
3008187,4.5152955
3008188,957.92126
3008189,382.54745
3008190,216.26459
3008191,82.809784
3008192,53.759514
3008193,3207.2185
3008194,3.140245
3008195,0.35902256
3008196,15.931221
3008197,11.801873
3008198,0.08421686
3008199,187.39955
3008200,1.038919
3008201,0.14195484
3008202,4.335746
3008203,11.013529
3008204,0.5550027
3008205,157.40884
3008206,229.60257
3008207,0.61881745
3008208,3.1618743
3008209,140.37764
3008210,44.45138
3008211,446.63733
3008212,0.43405235
3008213,1.6778147
3008214,3.8799791
3008215,0.024014844
3008216,1.5391767
3008217,2347.31
3008218,0.03149671
3008219,234.94962
3008220,4.707774
3008221,951.9436
3008222,366.15378
3008223,193.20203
3008224,81.42424
3008225,49.689075
3008226,3461.4531
3008227,4.2376995
3008228,0.49679196
3008229,17.651823
3008230,12.724242
3008231,0.11576653
3008232,200.05862
3008233,1.698787
3008234,0.4171539
3008235,3.202814
3008236,11.762034
3008237,0.8937483
3008238,152.58565
3008239,202.31963
3008240,1.063771
3008241,3.3079333
3008242,139.09735
3008243,39.265236
3008244,515.1993
3008245,0.6354873
3008246,3.0767035
3008247,4.005507
3008248,0.04217272
3008249,0.71924543
3008250,1521.7473
3008251,0
3008252,168.59137
3008253,2.6441844
3008254,613.0125
3008255,239.317
3008256,153.40263
3008257,62.58773
3008258,37.163017
3008259,2358.522
3008260,2.207794
3008261,0.22550203
3008262,11.347757
3008263,8.196276
3008264,0.11659432
3008265,148.98378
3008266,0.78212094
3008267,0.22596496
3008268,3.390635
3008269,11.744882
3008270,0.26980382
3008271,110.121506
3008272,155.5316
3008273,0.3986498
3008274,1.8085461
3008275,95.74297
3008276,31.001183
3008277,369.51187
3008278,0.1409929
3008279,1.5964589
3008280,5.117313
3008281,0.07680756
3008282,2.3654833
3008283,4411.205
3008284,0.12165562
3008285,470.00024
3008286,5.502239
3008287,1467.3469
3008288,772.58887
3008289,325.9918
3008290,156.22302
3008291,99.60057
3008292,6427.12
3008293,6.3449364
3008294,0.83075786
3008295,19.975924
3008296,14.647108
3008297,0.31753686
3008298,266.08078
3008299,2.4136033
3008300,0.9640124
3008301,4.096735
3008302,11.87277
3008303,1.3363519
3008304,317.53046
3008305,343.8479
3008306,1.6248128
3008307,4.057155
3008308,320.5507
3008309,72.488976
3008310,879.382
3008311,0.9441402
3008312,5.376555
3008313,3.0679798
3008314,0
3008315,1.2427413
3008316,1251.6757
3008317,0.053535137
3008318,125.28612
3008319,0.7869909
3008320,395.52118
3008321,187.26422
3008322,110.67186
3008323,56.84946
3008324,34.517353
3008325,2332.242
3008326,6.0199523
3008327,0.4504031
3008328,13.102018
3008329,10.680124
3008330,0.27964965
3008331,74.46262
3008332,3.014976
3008333,1.0736637
3008334,2.4225602
3008335,9.604213
3008336,0.13390683
3008337,92.27352
3008338,110.304565
3008339,2.3994358
3008340,0.63528395
3008341,83.947205
3008342,26.981369
3008343,460.01648
3008344,0.09668893
3008345,5.639832
3008346,4.05991
3008347,0.06270646
3008348,1.5094259
3008349,2295.9534
3008350,0.07654436
3008351,233.26698
3008352,5.154529
3008353,912.5146
3008354,365.6015
3008355,188.49748
3008356,78.48409
3008357,47.29808
3008358,3724.6433
3008359,4.544237
3008360,0.57848525
3008361,18.148293
3008362,13.447253
3008363,0.16291161
3008364,169.5975
3008365,1.9349837
3008366,0.51969004
3008367,4.5354443
3008368,10.963675
3008369,1.0027909
3008370,152.92467
3008371,195.19649
3008372,1.23651
3008373,3.7131114
3008374,133.93141
3008375,37.28281
3008376,437.02997
3008377,0.7288295
3008378,3.0555525
3008379,4.9154787
3008380,0.037800588
3008381,5.1161313
3008382,4569.068
3008383,0.11720712
3008384,712.8637
3008385,13.939569
3008386,1333.29
3008387,1310.2882
3008388,275.509
3008389,205.4995
3008390,178.60194
3008391,6436.8438
3008392,30.141533
3008393,1.0477571
3008394,26.186098
3008395,20.812845
3008396,0.33705074
3008397,270.7279
3008398,15.19898
3008399,9.360555
3008400,4.809082
3008401,21.977858
3008402,5.949568
3008403,508.42157
3008404,321.70285
3008405,10.370974
3008406,12.157618
3008407,584.96747
3008408,137.7229
3008409,2891.3672
3008410,1.3307173
3008411,38.551968
3008412,7.602646
3008413,0.00463554
3008414,4.2647777
3008415,3167.801
3008416,0.09237161
3008417,524.4144
3008418,6.740183
3008419,1925.8394
3008420,730.9517
3008421,460.62912
3008422,186.6315
3008423,69.54184
3008424,5495.249
3008425,15.6012745
3008426,1.19118
3008427,22.367256
3008428,17.652214
3008429,0.25116813
3008430,357.53445
3008431,4.163366
3008432,3.6741242
3008433,5.8737893
3008434,11.534159
3008435,2.2716627
3008436,331.54117
3008437,441.2155
3008438,2.9336045
3008439,5.3414106
3008440,271.956
3008441,48.910675
3008442,1178.9647
3008443,1.4099841
3008444,12.308234
3008445,7.5594063
3008446,0.012050023
3008447,2.711086
3008448,2647.2688
3008449,0.04627293
3008450,562.8194
3008451,9.021481
3008452,1818.4004
3008453,817.0707
3008454,539.97144
3008455,173.63428
3008456,86.76098
3008457,3874.8372
3008458,10.685207
3008459,1.2797055
3008460,27.709642
3008461,22.60309
3008462,0.24156182
3008463,385.28647
3008464,3.5117207
3008465,1.9302683
3008466,5.374576
3008467,39.40274
3008468,2.3624141
3008469,323.57263
3008470,533.1381
3008471,2.6289809
3008472,6.868308
3008473,252.29927
3008474,61.75498
3008475,1178.3235
3008476,1.6331196
3008477,7.4089775
3008478,4.21105
3008479,0
3008480,0.91051114
3008481,1484.02
3008482,0
3008483,219.77579
3008484,4.1937757
3008485,873.04584
3008486,317.2194
3008487,219.4089
3008488,81.18977
3008489,40.864597
3008490,2474.7688
3008491,3.6368012
3008492,0.64695513
3008493,15.852615
3008494,12.8624935
3008495,0.09475035
3008496,162.79016
3008497,1.2483096
3008498,0.49810833
3008499,2.9830909
3008500,8.332947
3008501,0.811496
3008502,128.85263
3008503,222.0238
3008504,0.90881884
3008505,3.0651913
3008506,103.59841
3008507,30.38934
3008508,517.81177
3008509,0.69704473
3008510,2.6100647
3008511,2.3524213
3008512,0
3008513,1.9082689
3008514,2402.759
3008515,0.013711229
3008516,300.60287
3008517,5.55741
3008518,653.3545
3008519,538.92566
3008520,152.74025
3008521,107.56166
3008522,73.75493
3008523,3648.7034
3008524,13.643122
3008525,0.43749353
3008526,12.570166
3008527,9.544943
3008528,0.095882304
3008529,130.48715
3008530,5.3865724
3008531,2.1127872
3008532,2.3180885
3008533,14.574924
3008534,1.624104
3008535,227.08818
3008536,167.71269
3008537,2.914996
3008538,4.1838417
3008539,234.23985
3008540,60.115486
3008541,1271.488
3008542,0.5262805
3008543,14.836515
3008544,5.8641305
3008545,0
3008546,5.438445
3008547,4595.854
3008548,0.031566404
3008549,661.7106
3008550,14.092941
3008551,1429.6407
3008552,1305.9354
3008553,337.77332
3008554,221.7031
3008555,185.51262
3008556,5597.798
3008557,25.171177
3008558,0.92503643
3008559,31.531971
3008560,24.265642
3008561,0.10988424
3008562,289.2569
3008563,12.426578
3008564,10.071884
3008565,5.22511
3008566,28.497942
3008567,5.3637776
3008568,464.0796
3008569,366.95703
3008570,8.947736
3008571,11.88399
3008572,527.2133
3008573,148.51321
3008574,2920.2373
3008575,1.32904
3008576,30.375093
3008577,2.4769368
3008578,0.00542096
3008579,1.5775704
3008580,1125.0155
3008581,0.055305436
3008582,139.51201
3008583,2.1602118
3008584,290.26428
3008585,206.22449
3008586,100.869156
3008587,69.71006
3008588,44.45941
3008589,1983.8619
3008590,5.978285
3008591,0.4309284
3008592,10.174265
3008593,8.348995
3008594,0.1940409
3008595,44.90033
3008596,3.3500848
3008597,1.5918899
3008598,2.0820422
3008599,18.325754
3008600,0.730677
3008601,113.42179
3008602,104.11696
3008603,2.8322642
3008604,1.7021949
3008605,104.75143
3008606,37.353695
3008607,387.4359
3008608,0.34042802
3008609,5.0282936
3008610,2.980282
3008611,0
3008612,0.9151226
3008613,1484.9055
3008614,0.0063242526
3008615,158.95355
3008616,2.1891503
3008617,493.74994
3008618,232.18593
3008619,114.55634
3008620,65.096596
3008621,31.679031
3008622,2428.092
3008623,2.549849
3008624,0.29056668
3008625,10.055066
3008626,6.93075
3008627,0.05886546
3008628,104.03053
3008629,1.0289762
3008630,0.37741113
3008631,2.39785
3008632,11.081829
3008633,0.46994847
3008634,117.180595
3008635,121.137695
3008636,0.6050017
3008637,1.5541983
3008638,101.377884
3008639,25.549837
3008640,453.67404
3008641,0.27409944
3008642,2.0061626
3008643,4.86855
3008644,0.070528954
3008645,5.0220704
3008646,4247.404
3008647,0.16102263
3008648,606.1274
3008649,11.821123
3008650,1169.0354
3008651,1163.7766
3008652,245.98695
3008653,182.81383
3008654,152.6512
3008655,6035.564
3008656,22.854906
3008657,1.0334299
3008658,22.889414
3008659,18.197634
3008660,0.30712208
3008661,219.75958
3008662,11.374804
3008663,7.9080935
3008664,4.8921113
3008665,26.48353
3008666,4.8205085
3008667,432.60873
3008668,281.32227
3008669,8.164895
3008670,10.13641
3008671,490.6257
3008672,119.128136
3008673,2903.7622
3008674,1.3586786
3008675,27.88784
3008676,6.241816
3008677,0.13548796
3008678,2.2677562
3008679,4652.7065
3008680,0.17295618
3008681,503.4777
3008682,7.0027075
3008683,1768.2855
3008684,865.45154
3008685,369.24414
3008686,155.73386
3008687,103.3554
3008688,6546.962
3008689,5.335121
3008690,0.8268477
3008691,24.254574
3008692,18.233025
3008693,0.30324954
3008694,305.49942
3008695,2.2869465
3008696,0.8739085
3008697,4.8617005
3008698,20.010744
3008699,1.3689821
3008700,318.7395
3008701,377.56744
3008702,1.5501323
3008703,5.0946636
3008704,315.26782
3008705,80.18418
3008706,1086.8994
3008707,1.0397451
3008708,3.6505651
3008709,6.886498
3008710,0.018447252
3008711,3.185254
3008712,2665.9453
3008713,0.08621011
3008714,473.82812
3008715,6.904432
3008716,1695.1516
3008717,660.6181
3008718,436.7439
3008719,163.16681
3008720,65.84441
3008721,4680.992
3008722,9.572483
3008723,0.9999217
3008724,21.888727
3008725,17.562746
3008726,0.13269243
3008727,373.01108
3008728,2.7421951
3008729,2.351348
3008730,5.4002824
3008731,16.991123
3008732,1.7974083
3008733,293.36252
3008734,414.74603
3008735,2.0579228
3008736,5.2080045
3008737,227.65837
3008738,46.291897
3008739,1134.149
3008740,1.2980406
3008741,6.968019
3008742,12.374809
3008743,0.2724083
3008744,12.811129
3008745,9874.489
3008746,0.44107845
3008747,1721.5475
3008748,31.733532
3008749,3234.5278
3008750,2974.6948
3008751,667.4273
3008752,462.66046
3008753,551.03345
3008754,11991.554
3008755,72.45797
3008756,2.437984
3008757,62.04098
3008758,49.70977
3008759,0.87758875
3008760,699.38153
3008761,36.094303
3008762,30.140501
3008763,12.219029
3008764,48.481552
3008765,19.4128
3008766,1207.0413
3008767,793.8076
3008768,27.113752
3008769,29.468197
3008770,1414.876
3008771,430.12833
3008772,6901.597
3008773,3.9049492
3008774,108.05476
3008775,2.0543852
3008776,0
3008777,0.69657016
3008778,1731.8585
3008779,0
3008780,169.10648
3008781,2.056292
3008782,569.0242
3008783,242.248
3008784,126.050354
3008785,69.00857
3008786,36.997128
3008787,2601.5396
3008788,1.8821368
3008789,0.27427226
3008790,9.507078
3008791,6.716703
3008792,0
3008793,114.74169
3008794,0.6789007
3008795,0.120312616
3008796,2.5398676
3008797,11.469853
3008798,0.3983639
3008799,119.40111
3008800,133.47536
3008801,0.4145934
3008802,1.4351816
3008803,108.84004
3008804,29.464231
3008805,381.20248
3008806,0.3120061
3008807,1.251215
3008808,6.1412787
3008809,0.12100368
3008810,1.9261103
3008811,4146.311
3008812,0.14820363
3008813,428.26694
3008814,6.301244
3008815,1600.7749
3008816,707.404
3008817,354.74365
3008818,136.99513
3008819,82.93869
3008820,5953.333
3008821,4.628553
3008822,0.7874601
3008823,22.008512
3008824,16.451952
3008825,0.3203782
3008826,298.30048
3008827,1.8954475
3008828,0.6868832
3008829,6.3860583
3008830,14.337143
3008831,1.1316993
3008832,271.33432
3008833,371.82556
3008834,1.2920542
3008835,4.6684394
3008836,255.3606
3008837,65.03747
3008838,871.4273
3008839,0.88603747
3008840,2.8487558
3008841,1.3226826
3008842,0
3008843,0.29649892
3008844,1096.511
3008845,0
3008846,111.24747
3008847,1.2880085
3008848,372.71
3008849,147.61995
3008850,88.87319
3008851,49.719032
3008852,22.68864
3008853,1828.7502
3008854,1.004446
3008855,0.10211229
3008856,5.9381013
3008857,4.2466846
3008858,0
3008859,78.73939
3008860,0.23604606
3008861,0
3008862,1.859189
3008863,8.444321
3008864,0.10793268
3008865,83.6122
3008866,93.88904
3008867,0.087189324
3008868,0.85454774
3008869,71.71892
3008870,17.219536
3008871,241.50934
3008872,0.08259571
3008873,0.62590337
3008874,4.858568
3008875,0.09351702
3008876,1.0537477
3008877,2941.9924
3008878,0.090051666
3008879,297.32346
3008880,4.5218835
3008881,1085.106
3008882,457.90964
3008883,258.9108
3008884,101.65481
3008885,60.842003
3008886,4504.549
3008887,2.6706264
3008888,0.46762055
3008889,15.374544
3008890,11.683235
3008891,0.1976022
3008892,212.69191
3008893,1.1171725
3008894,0.293737
3008895,4.9082
3008896,13.522179
3008897,0.66378987
3008898,193.91516
3008899,267.67346
3008900,0.72753596
3008901,3.3513036
3008902,176.8413
3008903,49.116104
3008904,582.4407
3008905,0.54424155
3008906,1.3586318
3008907,6.7826624
3008908,0.18301527
3008909,1.7554219
3008910,3392.2302
3008911,0.17951757
3008912,389.05588
3008913,8.160174
3008914,1405.1564
3008915,619.0919
3008916,318.94418
3008917,116.342125
3008918,74.01059
3008919,5261.0825
3008920,4.8220153
3008921,0.7845911
3008922,24.043528
3008923,18.460678
3008924,0.34602454
3008925,245.10043
3008926,2.3126957
3008927,0.62768877
3008928,6.5853076
3008929,15.388472
3008930,1.3090119
3008931,231.77211
3008932,334.92017
3008933,1.5145047
3008934,6.09079
3008935,205.9113
3008936,59.085438
3008937,667.8973
3008938,1.0079398
3008939,2.5961244
3008940,1.6963248
3008941,0
3008942,0.41457608
3008943,1496.3761
3008944,0
3008945,135.8437
3008946,1.7321744
3008947,466.54483
3008948,186.13515
3008949,105.50947
3008950,59.17845
3008951,29.670095
3008952,2386.8228
3008953,1.0759919
3008954,0.17772517
3008955,7.598344
3008956,5.440189
3008957,0
3008958,98.1571
3008959,0.34156376
3008960,0
3008961,2.1515207
3008962,11.621222
3008963,0.20901844
3008964,102.15713
3008965,112.65046
3008966,0.17451958
3008967,1.1703019
3008968,90.41974
3008969,22.80244
3008970,304.37338
3008971,0.20943557
3008972,0.640744
3008973,5.374556
3008974,0.08042049
3008975,2.0038822
3008976,3718.9946
3008977,0.17773175
3008978,396.0998
3008979,5.3045053
3008980,1361.2009
3008981,608.06256
3008982,286.90198
3008983,139.24286
3008984,90.57388
3008985,5704.0444
3008986,3.0911489
3008987,0.7265116
3008988,18.336937
3008989,13.8063545
3008990,0.21471003
3008991,258.96448
3008992,1.3471832
3008993,0.6377207
3008994,4.3686504
3008995,22.588076
3008996,0.9987087
3008997,280.56577
3008998,301.28622
3008999,0.9605006
3009000,3.7958694
3009001,273.34686
3009002,61.417297
3009003,870.0136
3009004,0.83783853
3009005,1.9619582
3009006,4.9229593
3009007,0.046984047
3009008,5.89759
3009009,3595.6716
3009010,0.1292871
3009011,422.22928
3009012,14.72436
3009013,1038.3691
3009014,826.9945
3009015,230.68735
3009016,154.73358
3009017,114.89417
3009018,5082.311
3009019,29.332508
3009020,1.0392039
3009021,30.003471
3009022,22.293837
3009023,0.3768988
3009024,279.9424
3009025,15.963808
3009026,9.856831
3009027,5.4748387
3009028,25.615631
3009029,5.9309244
3009030,297.31406
3009031,252.34952
3009032,10.311915
3009033,12.716866
3009034,315.61096
3009035,95.52222
3009036,2553.81
3009037,1.2981133
3009038,35.151115
3009039,5.0098414
3009040,0.05100687
3009041,4.3402424
3009042,3111.1287
3009043,0.11123959
3009044,373.6499
3009045,13.160092
3009046,1024.7897
3009047,712.1992
3009048,216.70316
3009049,135.53418
3009050,100.88314
3009051,4469.8613
3009052,20.211601
3009053,0.8498107
3009054,31.235104
3009055,24.31461
3009056,0.32805592
3009057,282.72122
3009058,12.789943
3009059,6.5713644
3009060,4.6955304
3009061,21.257702
3009062,5.2861323
3009063,261.64972
3009064,235.68826
3009065,8.874732
3009066,11.193763
3009067,271.46744
3009068,83.04434
3009069,2285.0757
3009070,1.1403165
3009071,23.516926
3009072,6.021673
3009073,0.079209976
3009074,3.872507
3009075,3708.6995
3009076,0.1330493
3009077,395.18118
3009078,9.745985
3009079,1409.8235
3009080,727.3767
3009081,299.77222
3009082,146.52802
3009083,91.70101
3009084,5321.4146
3009085,13.820421
3009086,1.0757592
3009087,35.97221
3009088,26.205889
3009089,0.38931596
3009090,346.78317
3009091,7.1030293
3009092,3.2617893
3009093,6.7399983
3009094,20.677889
3009095,2.5279927
3009096,258.84277
3009097,308.3948
3009098,4.026791
3009099,7.1098204
3009100,253.07721
3009101,70.8553
3009102,1381.0435
3009103,1.2837322
3009104,13.900788
3009105,3.8871284
3009106,0.015421494
3009107,4.0250635
3009108,3653.4087
3009109,0.08513337
3009110,554.0427
3009111,10.846176
3009112,1045.4352
3009113,1021.3266
3009114,223.82779
3009115,171.9258
3009116,137.79562
3009117,5406.0347
3009118,24.0426
3009119,0.84862614
3009120,20.439947
3009121,16.147161
3009122,0.2790378
3009123,211.23672
3009124,11.707883
3009125,6.5954022
3009126,3.7620125
3009127,19.624756
3009128,4.159538
3009129,406.24722
3009130,257.50153
3009131,7.6036243
3009132,9.16003
3009133,456.2849
3009134,107.10439
3009135,2337.6965
3009136,1.0419235
3009137,29.290361
3009138,5.430606
3009139,0.10356057
3009140,1.5486877
3009141,3711.5874
3009142,0.122634575
3009143,376.36728
3009144,5.7806306
3009145,1407.6515
3009146,595.51575
3009147,297.41934
3009148,118.366196
3009149,71.59655
3009150,5519.482
3009151,3.6724782
3009152,0.6346934
3009153,18.722116
3009154,14.149193
3009155,0.22814947
3009156,238.52829
3009157,1.5479691
3009158,0.41690922
3009159,4.148579
3009160,13.726051
3009161,0.97729874
3009162,242.50552
3009163,308.73166
3009164,1.050765
3009165,4.26011
3009166,228.16505
3009167,57.18656
3009168,635.37054
3009169,0.7818054
3009170,2.2043772
3009171,4.824298
3009172,0.014467723
3009173,4.1071143
3009174,3172.1165
3009175,0.072909184
3009176,393.68872
3009177,11.04264
3009178,1052.8683
3009179,727.19305
3009180,216.24014
3009181,132.21584
3009182,91.40594
3009183,4413.221
3009184,15.35869
3009185,0.76983345
3009186,27.772095
3009187,21.319359
3009188,0.18409279
3009189,236.81924
3009190,9.71798
3009191,5.5288587
3009192,4.7528124
3009193,21.15583
3009194,4.096572
3009195,274.65054
3009196,234.79407
3009197,7.12451
3009198,9.222921
3009199,279.95422
3009200,72.963394
3009201,1980.5842
3009202,1.1182892
3009203,15.263336
3009204,5.2750473
3009205,0
3009206,4.2888827
3009207,2496.9473
3009208,0
3009209,386.6717
3009210,11.020658
3009211,1168.5479
3009212,519.29425
3009213,285.90854
3009214,188.32243
3009215,94.44119
3009216,4008.1719
3009217,24.44872
3009218,1.5452936
3009219,17.687155
3009220,13.737726
3009221,0.16236722
3009222,227.0672
3009223,10.801805
3009224,5.9979396
3009225,4.430711
3009226,59.09068
3009227,4.2010646
3009228,301.6029
3009229,292.00232
3009230,5.9041023
3009231,8.972838
3009232,262.1538
3009233,75.49256
3009234,1334.1957
3009235,1.995604
3009236,20.566269
3009237,4.4007096
3009238,0.09706389
3009239,0.95759296
3009240,3549.6763
3009241,0.11169105
3009242,327.42645
3009243,4.261052
3009244,1159.5095
3009245,537.17395
3009246,250.64742
3009247,110.3431
3009248,66.204346
3009249,5333.366
3009250,2.4219198
3009251,0.45190394
3009252,13.963781
3009253,10.579286
3009254,0.17144369
3009255,189.98163
3009256,1.159476
3009257,0.30865514
3009258,4.0539703
3009259,14.664233
3009260,0.72342527
3009261,222.8778
3009262,257.49585
3009263,0.7903731
3009264,3.1507602
3009265,212.02594
3009266,51.927956
3009267,606.6165
3009268,0.5616431
3009269,1.424967
3009270,15.379921
3009271,0.42094183
3009272,15.4641075
3009273,12108.676
3009274,0.6418896
3009275,2140.3696
3009276,36.369953
3009277,4167.0005
3009278,3447.0596
3009279,896.7366
3009280,586.8462
3009281,680.6781
3009282,14142.233
3009283,75.93393
3009284,3.0395708
3009285,74.27679
3009286,59.779182
3009287,1.182199
3009288,894.124
3009289,40.65065
3009290,33.674614
3009291,14.971724
3009292,49.525093
3009293,23.275234
3009294,1525.0066
3009295,1080.5276
3009296,31.041157
3009297,33.98457
3009298,1735.5502
3009299,526.9346
3009300,7833.336
3009301,5.7065125
3009302,112.35733
3009303,10.9365225
3009304,0.30932415
3009305,11.1142235
3009306,10266.141
3009307,0.4948133
3009308,1809.4045
3009309,28.737896
3009310,3320.084
3009311,2922.2397
3009312,712.4295
3009313,490.59686
3009314,545.8095
3009315,12604.877
3009316,66.93456
3009317,2.3780947
3009318,55.927258
3009319,44.99797
3009320,0.9365485
3009321,674.97894
3009322,32.80913
3009323,24.767046
3009324,11.095571
3009325,40.270615
3009326,17.896389
3009327,1313.0454
3009328,866.404
3009329,24.502773
3009330,26.868593
3009331,1491.7736
3009332,418.7717
3009333,6502.1978
3009334,3.848155
3009335,100.07091
3009336,9.5031185
3009337,0.2510199
3009338,8.062093
3009339,8417.862
3009340,0.39815965
3009341,1331.2994
3009342,22.715229
3009343,2843.7483
3009344,2215.3936
3009345,567.1591
3009346,353.18576
3009347,318.42725
3009348,10505.069
3009349,38.135345
3009350,1.9374754
3009351,50.991543
3009352,40.54136
3009353,0.7701932
3009354,550.51514
3009355,24.376724
3009356,12.906981
3009357,8.625789
3009358,27.276451
3009359,11.632047
3009360,939.1077
3009361,662.3837
3009362,17.826704
3009363,20.686562
3009364,1047.8345
3009365,237.58354
3009366,4434.0283
3009367,2.757456
3009368,50.55696
3009369,10.690228
3009370,0.29066458
3009371,10.488376
3009372,9643.13
3009373,0.46054623
3009374,1664.7675
3009375,27.567865
3009376,3187.0916
3009377,2719.8328
3009378,668.95514
3009379,447.32303
3009380,472.16824
3009381,11860.113
3009382,56.614944
3009383,2.264989
3009384,56.297
3009385,45.120953
3009386,0.87671876
3009387,650.41003
3009388,31.411026
3009389,21.958708
3009390,10.557929
3009391,35.99234
3009392,16.606892
3009393,1194.4757
3009394,799.5236
3009395,23.30753
3009396,25.60113
3009397,1365.0634
3009398,357.7383
3009399,5899.5244
3009400,3.6230836
3009401,81.12365
3009402,8.221451
3009403,0.20479201
3009404,6.422123
3009405,7344.9897
3009406,0.32465106
3009407,1135.8651
3009408,19.287172
3009409,2534.6018
3009410,1904.492
3009411,502.41028
3009412,307.21182
3009413,252.41862
3009414,9305.255
3009415,29.312237
3009416,1.6401663
3009417,44.85102
3009418,35.280045
3009419,0.65199435
3009420,483.01437
3009421,19.51009
3009422,8.739565
3009423,7.5496836
3009424,22.732119
3009425,8.117668
3009426,799.0153
3009427,580.9608
3009428,13.432973
3009429,16.932417
3009430,885.5485
3009431,187.78075
3009432,3437.599
3009433,2.2322106
3009434,37.05455
3009435,9.18896
3009436,0.19761421
3009437,9.584319
3009438,8592.116
3009439,0.34616315
3009440,1583.9846
3009441,26.525126
3009442,2780.1406
3009443,2646.539
3009444,589.6954
3009445,428.3949
3009446,487.67358
3009447,10692.113
3009448,65.90204
3009449,2.0563238
3009450,47.681587
3009451,38.603497
3009452,0.7084583
3009453,554.7739
3009454,30.116774
3009455,23.697718
3009456,7.2715473
3009457,35.469963
3009458,16.47701
3009459,1137.6587
3009460,721.8122
3009461,22.742062
3009462,24.859997
3009463,1330.7234
3009464,374.76938
3009465,6037.9707
3009466,3.126474
3009467,98.9439
3009468,5.453123
3009469,0.08005687
3009470,3.4714613
3009471,2818.5408
3009472,0.12628894
3009473,331.67517
3009474,10.7316885
3009475,1130.3162
3009476,584.06067
3009477,259.00116
3009478,122.749954
3009479,78.525
3009480,3978.323
3009481,12.152985
3009482,0.87346745
3009483,36.85585
3009484,27.304268
3009485,0.37776765
3009486,332.3893
3009487,7.9958706
3009488,3.2349734
3009489,5.626208
3009490,21.609196
3009491,2.6124885
3009492,220.01141
3009493,271.8696
3009494,4.68069
3009495,8.053731
3009496,205.01521
3009497,67.42329
3009498,1796.6903
3009499,0.9681026
3009500,11.551681
3009501,9.004994
3009502,0.17282756
3009503,6.1447325
3009504,5769.549
3009505,0.25519082
3009506,791.4073
3009507,19.74718
3009508,2179.8281
3009509,1443.989
3009510,408.75803
3009511,218.02501
3009512,177.6
3009513,7514.7427
3009514,24.932648
3009515,1.3397672
3009516,47.63676
3009517,38.3057
3009518,0.5166085
3009519,495.54803
3009520,17.614132
3009521,7.4532986
3009522,7.35122
3009523,22.374376
3009524,8.148906
3009525,530.3184
3009526,454.69458
3009527,12.591611
3009528,16.994392
3009529,578.4847
3009530,138.19992
3009531,3377.48
3009532,2.1366005
3009533,28.988209
3009534,6.4027658
3009535,0.16747394
3009536,7.351099
3009537,6808.7705
3009538,0.2798895
3009539,1079.2916
3009540,18.236267
3009541,2011.9825
3009542,1941.4481
3009543,397.29697
3009544,283.04352
3009545,300.09982
3009546,8814.288
3009547,33.216824
3009548,1.2897823
3009549,35.404087
3009550,27.688828
3009551,0.46821702
3009552,388.22705
3009553,16.495771
3009554,12.013905
3009555,6.4926567
3009556,42.673748
3009557,8.157781
3009558,768.9063
3009559,474.03104
3009560,12.1339445
3009561,15.664724
3009562,892.44006
3009563,231.08551
3009564,5491.6807
3009565,1.8813694
3009566,46.08938
3009567,0.7984961
3009568,0
3009569,0.22492193
3009570,725.8727
3009571,0
3009572,64.71399
3009573,0.3129212
3009574,210.4352
3009575,76.19749
3009576,63.418907
3009577,41.229027
3009578,6.08877
3009579,1426.9086
3009580,0.7222645
3009581,0
3009582,2.395014
3009583,1.7226944
3009584,0
3009585,15.750921
3009586,0
3009587,0.03269674
3009588,0.84761083
3009589,9.908781
3009590,0
3009591,52.461014
3009592,60.365776
3009593,0
3009594,0.16258486
3009595,41.547207
3009596,3.6788068
3009597,265.88254
3009598,0
3009599,0.5934808
3009600,2.9354637
3009601,0
3009602,1.3316698
3009603,1757.2965
3009604,0
3009605,158.62355
3009606,2.4957545
3009607,550.64215
3009608,243.11751
3009609,108.54138
3009610,58.688393
3009611,38.727306
3009612,2574.2456
3009613,2.2946513
3009614,0.3803232
3009615,12.426664
3009616,9.0291395
3009617,0
3009618,145.21481
3009619,0.73128486
3009620,0.47712222
3009621,2.3271022
3009622,19.683006
3009623,0.5614978
3009624,114.158646
3009625,112.00389
3009626,0.5192616
3009627,1.7530112
3009628,102.0731
3009629,28.38526
3009630,766.23834
3009631,0.4772348
3009632,1.6821423
3009633,3.7544165
3009634,0.0019542275
3009635,1.411797
3009636,2081.971
3009637,0.021943076
3009638,182.62425
3009639,2.6866748
3009640,678.0244
3009641,264.66138
3009642,140.14236
3009643,71.30321
3009644,36.99678
3009645,2969.0076
3009646,1.9995451
3009647,0.5252043
3009648,13.81254
3009649,10.419929
3009650,0.0864067
3009651,184.68018
3009652,0.8377842
3009653,0.15789612
3009654,3.2498307
3009655,11.151921
3009656,0.55316865
3009657,127.7204
3009658,144.64186
3009659,0.56648195
3009660,1.9234474
3009661,118.03284
3009662,27.048336
3009663,641.80066
3009664,0.5440731
3009665,1.2680533
3009666,5.8163114
3009667,0.081537984
3009668,5.6523485
3009669,5690.084
3009670,0.17685841
3009671,845.5538
3009672,15.519577
3009673,1678.7491
3009674,1557.8411
3009675,331.9937
3009676,236.67516
3009677,213.20589
3009678,7644.938
3009679,34.049923
3009680,1.2363341
3009681,31.095848
3009682,24.483244
3009683,0.44419995
3009684,321.48828
3009685,17.27334
3009686,9.374424
3009687,5.5882516
3009688,23.797762
3009689,6.557182
3009690,600.1576
3009691,389.19968
3009692,11.554108
3009693,13.553523
3009694,688.53265
3009695,164.67812
3009696,3140.1711
3009697,1.5483432
3009698,44.264763
3009699,4.9185596
3009700,0.060529646
3009701,6.599523
3009702,4465.4253
3009703,0.14165148
3009704,786.23486
3009705,15.569632
3009706,1342.9261
3009707,1433.9984
3009708,280.94357
3009709,224.4026
3009710,230.11081
3009711,6444.0312
3009712,38.822205
3009713,1.0719233
3009714,25.455986
3009715,20.726183
3009716,0.36150974
3009717,285.56152
3009718,17.050789
3009719,13.021877
3009720,4.8855352
3009721,29.899105
3009722,7.5579147
3009723,569.2588
3009724,332.1271
3009725,11.682897
3009726,13.763835
3009727,670.7289
3009728,179.83536
3009729,3691.1755
3009730,1.4700232
3009731,54.360188
3009732,8.721852
3009733,0.11991495
3009734,8.614048
3009735,6662.845
3009736,0.23169598
3009737,1011.8961
3009738,22.463959
3009739,2069.3418
3009740,1889.2775
3009741,410.6936
3009742,283.11966
3009743,273.9813
3009744,8417.349
3009745,41.718018
3009746,1.6735492
3009747,45.807884
3009748,36.92208
3009749,0.53717184
3009750,437.44727
3009751,25.023323
3009752,17.875216
3009753,8.060735
3009754,28.552153
3009755,12.476082
3009756,702.63556
3009757,476.83807
3009758,18.775318
3009759,20.745514
3009760,820.4503
3009761,211.54956
3009762,4277.0996
3009763,2.3518238
3009764,55.66572
3009765,9.40745
3009766,0.17935675
3009767,4.3235435
3009768,5529.3096
3009769,0.23959574
3009770,665.7853
3009771,13.505119
3009772,2173.665
3009773,1145.9459
3009774,460.46097
3009775,209.82832
3009776,137.144
3009777,7637.533
3009778,12.813361
3009779,1.3359897
3009780,40.37692
3009781,31.261578
3009782,0.5227798
3009783,453.10117
3009784,7.3082857
3009785,2.7674959
3009786,7.9909687
3009787,18.114092
3009788,3.223249
3009789,435.22656
3009790,483.3346
3009791,4.5839763
3009792,10.312802
3009793,429.36752
3009794,102.06484
3009795,1571.3292
3009796,1.7358947
3009797,10.712977
3009798,2.2664917
3009799,0
3009800,2.7825975
3009801,1659.9507
3009802,0
3009803,295.8304
3009804,8.43528
3009805,539.9075
3009806,508.68106
3009807,154.66698
3009808,124.889305
3009809,79.417656
3009810,2587.3838
3009811,14.437546
3009812,0.32656857
3009813,12.921598
3009814,10.48444
3009815,0.03040044
3009816,150.0887
3009817,7.926265
3009818,4.9126034
3009819,2.5463157
3009820,59.697712
3009821,3.0064368
3009822,226.32347
3009823,167.8363
3009824,5.2153296
3009825,6.761934
3009826,233.87311
3009827,65.872246
3009828,1780.6808
3009829,0.5369353
3009830,18.420294
3009831,1.4489055
3009832,0
3009833,0.48917347
3009834,1057.276
3009835,0
3009836,169.29597
3009837,2.043771
3009838,476.41992
3009839,190.94069
3009840,137.9372
3009841,69.12517
3009842,23.245707
3009843,1911.6798
3009844,1.5906296
3009845,0.14178799
3009846,6.524195
3009847,4.7986846
3009848,0.07070106
3009849,102.864174
3009850,0.45684603
3009851,0
3009852,2.1788611
3009853,14.179092
3009854,0.25307283
3009855,118.33581
3009856,146.71356
3009857,0.27777764
3009858,1.3657355
3009859,90.4463
3009860,18.871569
3009861,288.39853
3009862,0.091493845
3009863,0.95380557
3009864,5.289585
3009865,0.11927298
3009866,1.8456354
3009867,3420.9412
3009868,0.18162754
3009869,515.44916
3009870,9.052128
3009871,1369.4928
3009872,688.5402
3009873,314.68097
3009874,152.85707
3009875,68.74577
3009876,5076.623
3009877,5.940641
3009878,0.72672284
3009879,23.409916
3009880,17.992151
3009881,0.37733656
3009882,304.91467
3009883,2.692368
3009884,1.1950514
3009885,3.7375846
3009886,33.248295
3009887,1.5217149
3009888,302.17773
3009889,341.1339
3009890,1.790204
3009891,6.4635983
3009892,259.9247
3009893,54.493233
3009894,999.30865
3009895,0.93680465
3009896,4.2029085
3009897,1.9767156
3009898,0.002094552
3009899,0.37884825
3009900,1416.481
3009901,0
3009902,231.36899
3009903,3.3264647
3009904,687.12885
3009905,279.79282
3009906,166.50795
3009907,72.49896
3009908,35.59849
3009909,2199.5688
3009910,2.3434885
3009911,0.20646793
3009912,10.651068
3009913,7.7588797
3009914,0.0131185595
3009915,138.76492
3009916,0.5527818
3009917,0.09529168
3009918,3.4326377
3009919,20.210579
3009920,0.36447704
3009921,138.57458
3009922,174.78714
3009923,0.31248623
3009924,2.114318
3009925,108.51083
3009926,30.412735
3009927,358.43863
3009928,0.27552158
3009929,1.1603882
3009930,1.5628238
3009931,0.007587673
3009932,0.60174584
3009933,1213.3787
3009934,0
3009935,187.81009
3009936,2.8859918
3009937,571.8575
3009938,221.0986
3009939,140.21689
3009940,61.476498
3009941,29.166157
3009942,2013.8898
3009943,1.953764
3009944,0.11611431
3009945,8.402769
3009946,6.0895066
3009947,0.018422453
3009948,114.9092
3009949,0.46421492
3009950,0.029041342
3009951,2.8928316
3009952,17.813673
3009953,0.25067756
3009954,119.02307
3009955,151.53162
3009956,0.23557395
3009957,1.8294914
3009958,90.06233
3009959,25.986996
3009960,289.95944
3009961,0.15186578
3009962,1.0636632
3009963,2.1558177
3009964,0.006128132
3009965,0.33682346
3009966,1527.624
3009967,0
3009968,244.90746
3009969,3.659515
3009970,743.5266
3009971,305.5101
3009972,193.70728
3009973,82.58461
3009974,37.672405
3009975,2301.6008
3009976,2.2815883
3009977,0.16251135
3009978,10.683425
3009979,7.784892
3009980,0.026851954
3009981,151.43332
3009982,0.5516708
3009983,0.042000648
3009984,3.4415917
3009985,20.553501
3009986,0.33778578
3009987,151.7105
3009988,207.46254
3009989,0.30446976
3009990,2.3527508
3009991,121.119934
3009992,32.859276
3009993,394.83334
3009994,0.21798442
3009995,1.145937
3009996,2.1464841
3009997,0
3009998,0.6754725
3009999,1595.703
3010000,0.00090580457
3010001,239.5815
3010002,3.7299585
3010003,753.86774
3010004,308.32562
3010005,169.61955
3010006,80.86322
3010007,38.65349
3010008,2445.3115
3010009,3.0561643
3010010,0.27152947
3010011,12.033363
3010012,8.712719
3010013,0.05601443
3010014,164.09729
3010015,0.9847355
3010016,0.3113994
3010017,1.8660762
3010018,24.652752
3010019,0.58732116
3010020,149.97505
3010021,182.2518
3010022,0.6022477
3010023,2.4155676
3010024,123.18159
3010025,32.28701
3010026,456.96353
3010027,0.37449953
3010028,2.135176
3010029,3.2771153
3010030,0.018996438
3010031,0.5854231
3010032,1050.6294
3010033,0
3010034,169.49016
3010035,2.0696108
3010036,497.2612
3010037,186.47784
3010038,140.62405
3010039,57.353466
3010040,25.519472
3010041,1644.6685
3010042,1.761668
3010043,0.042447347
3010044,7.316354
3010045,5.3471007
3010046,0.06618061
3010047,119.77469
3010048,0.4346666
3010049,0.11802446
3010050,2.9201396
3010051,18.666674
3010052,0.15305328
3010053,101.34752
3010054,148.25948
3010055,0.2025579
3010056,1.3441539
3010057,78.095276
3010058,22.821085
3010059,330.8556
3010060,0
3010061,1.1580296
3010062,2.9534616
3010063,0.03649664
3010064,1.2406845
3010065,2764.553
3010066,0.0729793
3010067,405.19916
3010068,4.360094
3010069,992.55646
3010070,563.0786
3010071,249.49977
3010072,144.22044
3010073,64.057655
3010074,4215.1104
3010075,4.0770545
3010076,0.4726803
3010077,14.447538
3010078,10.430171
3010079,0.2171769
3010080,209.69516
3010081,1.4892256
3010082,0.67992604
3010083,2.4126089
3010084,32.59977
3010085,0.89629495
3010086,260.85202
3010087,271.3595
3010088,1.0170505
3010089,2.9706416
3010090,238.18726
3010091,48.915733
3010092,777.6876
3010093,0.5466385
3010094,3.4417272
3010095,2.222095
3010096,0
3010097,0.94196486
3010098,891.422
3010099,0.0004276951
3010100,151.11868
3010101,0.7126906
3010102,359.06818
3010103,152.76738
3010104,90.999695
3010105,50.9964
3010106,22.976597
3010107,1548.8802
3010108,4.2384276
3010109,0.16810481
3010110,8.672863
3010111,7.6502523
3010112,0.16938436
3010113,61.324417
3010114,1.9259386
3010115,0.67568517
3010116,1.755136
3010117,25.664246
3010118,0.011152892
3010119,85.50669
3010120,93.58212
3010121,1.464936
3010122,0.5102061
3010123,66.62717
3010124,20.13354
3010125,280.71497
3010126,0
3010127,4.036147
3010128,2.3410456
3010129,0.017220948
3010130,0.68722975
3010131,1525.4344
3010132,0.029269967
3010133,227.57814
3010134,4.4552464
3010135,688.64185
3010136,280.86023
3010137,155.32513
3010138,73.322235
3010139,34.973274
3010140,2547.8926
3010141,3.3516612
3010142,0.32247812
3010143,12.6955
3010144,9.344068
3010145,0.09496655
3010146,143.28229
3010147,1.212467
3010148,0.40861443
3010149,3.4190269
3010150,22.479483
3010151,0.6697488
3010152,144.67305
3010153,163.75002
3010154,0.74634814
3010155,2.9573452
3010156,112.10885
3010157,29.652084
3010158,393.89523
3010159,0.44134378
3010160,2.157551
3010161,2.967796
3010162,0
3010163,3.4020696
3010164,2892.737
3010165,0.05146517
3010166,505.1523
3010167,11.097206
3010168,922.0461
3010169,925.8157
3010170,213.99106
3010171,167.06247
3010172,118.589294
3010173,4218.96
3010174,19.220837
3010175,0.58109164
3010176,18.56368
3010177,14.692092
3010178,0.19758902
3010179,229.2423
3010180,10.183046
3010181,6.0730324
3010182,3.549518
3010183,69.50801
3010184,4.0176625
3010185,363.65894
3010186,245.2838
3010187,6.601471
3010188,8.90528
3010189,398.10324
3010190,95.03022
3010191,2920.194
3010192,0.8596425
3010193,24.480698
3010194,4.639488
3010195,0
3010196,2.478629
3010197,2605.735
3010198,0.02804716
3010199,531.0681
3010200,5.356384
3010201,1543.5742
3010202,574.47675
3010203,357.04993
3010204,168.34781
3010205,58.179714
3010206,4196.279
3010207,11.203922
3010208,0.74432683
3010209,16.54751
3010210,12.761693
3010211,0.09707292
3010212,307.5087
3010213,2.5808535
3010214,2.0094864
3010215,3.7309194
3010216,42.186687
3010217,1.7093482
3010218,279.95703
3010219,374.27533
3010220,1.8523211
3010221,4.0435405
3010222,217.8874
3010223,43.425217
3010224,1037.9594
3010225,1.0691683
3010226,8.249253
3010227,4.51845
3010228,0
3010229,1.6713502
3010230,2161.7664
3010231,0.014657864
3010232,538.8016
3010233,6.017588
3010234,1416.6818
3010235,574.6302
3010236,371.5702
3010237,142.0282
3010238,64.91883
3010239,3295.3394
3010240,8.30501
3010241,0.8550613
3010242,21.08192
3010243,16.325762
3010244,0.11592471
3010245,301.64432
3010246,2.1223128
3010247,1.3115094
3010248,3.4428043
3010249,52.401802
3010250,1.4669077
3010251,250.60674
3010252,388.17563
3010253,1.4647026
3010254,4.2941737
3010255,185.17427
3010256,51.64686
3010257,937.9801
3010258,1.1668646
3010259,5.6812677
3010260,2.4527261
3010261,0
3010262,0.47749418
3010263,1116.6973
3010264,0
3010265,188.5611
3010266,2.756976
3010267,640.1611
3010268,226.7844
3010269,161.73445
3010270,70.411804
3010271,32.13078
3010272,1986.4521
3010273,2.8013816
3010274,0.3916301
3010275,11.645981
3010276,9.116508
3010277,0.025557837
3010278,127.653946
3010279,0.68606985
3010280,0.25527352
3010281,1.7898841
3010282,17.994545
3010283,0.36115414
3010284,106.419075
3010285,172.56023
3010286,0.40924412
3010287,1.8344934
3010288,82.70423
3010289,26.342463
3010290,393.74557
3010291,0.33839512
3010292,2.0424323
3010293,1.2883706
3010294,0
3010295,1.4145825
3010296,1614.0916
3010297,0
3010298,255.03687
3010299,4.434077
3010300,516.2923
3010301,414.52505
3010302,141.51237
3010303,106.05571
3010304,54.99978
3010305,2527.7605
3010306,8.980959
3010307,0.2090593
3010308,8.698935
3010309,6.443681
3010310,0.011784141
3010311,103.92411
3010312,3.56399
3010313,1.504225
3010314,1.7395284
3010315,41.99825
3010316,1.0406723
3010317,196.24605
3010318,154.12836
3010319,1.7676709
3010320,3.0547423
3010321,191.44446
3010322,46.12672
3010323,1158.3087
3010324,0.31891212
3010325,10.419256
3010326,3.681045
3010327,0
3010328,3.934997
3010329,3207.1816
3010330,0
3010331,513.59125
3010332,11.420488
3010333,1085.979
3010334,968.10345
3010335,268.26382
3010336,185.07832
3010337,151.07518
3010338,4011.5955
3010339,18.533617
3010340,0.5107715
3010341,21.885777
3010342,17.090141
3010343,0
3010344,237.81175
3010345,9.1034355
3010346,7.536976
3010347,3.5196338
3010348,80.956215
3010349,3.6022005
3010350,362.3374
3010351,295.25363
3010352,6.244603
3010353,8.807958
3010354,391.7024
3010355,124.267685
3010356,2668.551
3010357,0.8724685
3010358,22.104816
3010359,2.150218
3010360,0
3010361,1.499691
3010362,860.6245
3010363,0.02912941
3010364,138.46188
3010365,1.7534661
3010366,278.9555
3010367,182.6239
3010368,91.0122
3010369,65.08878
3010370,32.405846
3010371,1448.4097
3010372,4.2516193
3010373,0.21108006
3010374,7.2105904
3010375,6.5321517
3010376,0.115906075
3010377,37.564102
3010378,2.5171864
3010379,1.3468728
3010380,1.8359315
3010381,40.74165
3010382,0.4059102
3010383,110.41251
3010384,95.85384
3010385,2.1205628
3010386,1.2481606
3010387,93.80812
3010388,28.513193
3010389,223.42729
3010390,0.13429335
3010391,3.6881766
3010392,0.961164
3010393,0
3010394,0.820526
3010395,1074.7855
3010396,0
3010397,152.85487
3010398,1.617269
3010399,432.65628
3010400,201.24652
3010401,107.30366
3010402,63.686424
3010403,25.545818
3010404,1778.0753
3010405,1.9805129
3010406,0.11936101
3010407,6.5969887
3010408,4.4365897
3010409,0.005870414
3010410,82.09772
3010411,0.49639654
3010412,0.36789736
3010413,2.0448463
3010414,23.412546
3010415,0.23735861
3010416,113.736984
3010417,114.86301
3010418,0.25189176
3010419,1.0157411
3010420,91.82969
3010421,21.544876
3010422,413.46597
3010423,0.10996109
3010424,1.5035653
3010425,2.9643645
3010426,0.022072325
3010427,3.478881
3010428,2722.012
3010429,0.09266679
3010430,440.4661
3010431,9.541687
3010432,820.6944
3010433,824.34045
3010434,195.44391
3010435,152.31514
3010436,106.36828
3010437,4001.0398
3010438,15.138079
3010439,0.60031354
3010440,16.240679
3010441,12.8921385
3010442,0.17544177
3010443,176.8039
3010444,7.7462425
3010445,5.4905376
3010446,3.7518597
3010447,68.42432
3010448,3.2949028
3010449,316.5859
3010450,220.59866
3010451,5.2751517
3010452,7.514084
3010453,341.32404
3010454,86.87832
3010455,2730.3738
3010456,0.94968367
3010457,18.425327
3010458,3.5737371
3010459,0.08929579
3010460,1.1478958
3010461,2838.4548
3010462,0.12566292
3010463,466.70718
3010464,5.670933
3010465,1176.1772
3010466,591.48865
3010467,282.09457
3010468,143.79893
3010469,68.90049
3010470,4253.4126
3010471,3.8018255
3010472,0.4817864
3010473,16.9872
3010474,12.601572
3010475,0.20850518
3010476,232.54713
3010477,1.3167174
3010478,0.7483319
3010479,4.534146
3010480,37.89912
3010481,0.87891424
3010482,261.42825
3010483,301.1146
3010484,0.8934585
3010485,3.7511358
3010486,233.70909
3010487,55.32333
3010488,914.7218
3010489,0.6371069
3010490,2.5455995
3010491,3.9340901
3010492,0
3010493,1.7968757
3010494,2179.4558
3010495,0.036931973
3010496,473.00266
3010497,4.9418774
3010498,1357.2444
3010499,505.05386
3010500,324.18546
3010501,141.79268
3010502,54.161743
3010503,3588.5066
3010504,6.2093754
3010505,0.6640749
3010506,15.510071
3010507,11.903963
3010508,0.035818566
3010509,300.8082
3010510,1.5304091
3010511,1.3934262
3010512,3.3392167
3010513,48.829693
3010514,1.1952531
3010515,242.31203
3010516,332.69467
3010517,1.1304643
3010518,3.5259752
3010519,180.91418
3010520,40.826088
3010521,963.8334
3010522,0.92838204
3010523,4.358718
3010524,8.11701
3010525,0.1584764
3010526,9.199146
3010527,6074.195
3010528,0.29336184
3010529,1114.0894
3010530,28.105124
3010531,2010.3726
3010532,2056.737
3010533,411.68402
3010534,302.5003
3010535,325.33945
3010536,7735.265
3010537,47.978645
3010538,1.4709351
3010539,46.91169
3010540,37.16521
3010541,0.6203631
3010542,608.3522
3010543,27.549421
3010544,19.34414
3010545,8.965061
3010546,142.70053
3010547,13.602255
3010548,767.4781
3010549,500.09677
3010550,18.94231
3010551,23.500546
3010552,891.76465
3010553,257.79248
3010554,7360.8047
3010555,2.5605307
3010556,68.012375
3010557,1.0887251
3010558,0
3010559,0.29223213
3010560,1225.2433
3010561,0
3010562,174.61346
3010563,1.4906337
3010564,481.05197
3010565,202.56361
3010566,124.79701
3010567,71.63713
3010568,28.309118
3010569,1942.0697
3010570,1.4697511
3010571,0.12816112
3010572,6.1386433
3010573,4.172407
3010574,0
3010575,91.6425
3010576,0.28173503
3010577,0.06691446
3010578,2.1070447
3010579,21.026936
3010580,0.20651904
3010581,119.52771
3010582,130.68353
3010583,0.14135015
3010584,0.9445493
3010585,98.94142
3010586,23.506575
3010587,347.7405
3010588,0.15117036
3010589,0.9070116
3010590,3.5589733
3010591,0.065335445
3010592,0.97524476
3010593,2500.4824
3010594,0.089563034
3010595,405.3803
3010596,5.1836677
3010597,1062.9298
3010598,478.4021
3010599,274.7176
3010600,124.78471
3010601,53.31283
3010602,3803.8647
3010603,3.361041
3010604,0.41335598
3010605,15.5673065
3010606,11.587078
3010607,0.21361044
3010608,229.4756
3010609,1.195498
3010610,0.5141666
3010611,4.712317
3010612,27.094
3010613,0.7855022
3010614,226.69579
3010615,294.26263
3010616,0.8305913
3010617,3.5806155
3010618,189.87738
3010619,44.17391
3010620,738.0977
3010621,0.4934984
3010622,1.9040351
3010623,0.66323483
3010624,0
3010625,0.22193784
3010626,814.9117
3010627,0
3010628,120.47024
3010629,0.9269587
3010630,345.50394
3010631,128.42456
3010632,90.04262
3010633,49.597504
3010634,16.937826
3010635,1393.8823
3010636,0.78896105
3010637,0
3010638,3.8825078
3010639,2.6848733
3010640,0
3010641,65.00693
3010642,0.0066691763
3010643,0
3010644,1.6083415
3010645,14.24771
3010646,0
3010647,84.01249
3010648,95.72171
3010649,0
3010650,0.5453763
3010651,64.78368
3010652,13.781009
3010653,234.50955
3010654,0
3010655,0.38817576
3010656,2.676535
3010657,0.053955726
3010658,0.8482208
3010659,1750.4783
3010660,0.054165844
3010661,263.9264
3010662,3.788001
3010663,743.8814
3010664,298.82785
3010665,223.0522
3010666,96.0574
3010667,40.023407
3010668,2803.0496
3010669,2.011555
3010670,0.19072038
3010671,10.556502
3010672,7.9032803
3010673,0.1231704
3010674,164.9475
3010675,0.6725006
3010676,0.16138178
3010677,3.8426032
3010678,21.343456
3010679,0.4508964
3010680,164.45627
3010681,236.2899
3010682,0.43665233
3010683,2.6011925
3010684,132.15976
3010685,34.269836
3010686,495.19562
3010687,0.26249343
3010688,0.9243845
3010689,4.0210133
3010690,0.11892213
3010691,1.4901063
3010692,2006.6576
3010693,0.12738158
3010694,390.50186
3010695,6.8420067
3010696,962.111
3010697,412.11362
3010698,249.92776
3010699,105.96632
3010700,51.762505
3010701,3316.8235
3010702,3.926149
3010703,0.4350905
3010704,17.155693
3010705,13.213086
3010706,0.25123847
3010707,195.80919
3010708,1.4394143
3010709,0.55291927
3010710,5.162042
3010711,27.012428
3010712,0.87742805
3010713,198.90057
3010714,270.87747
3010715,0.9348234
3010716,4.750875
3010717,158.77136
3010718,44.236355
3010719,569.82007
3010720,0.5967338
3010721,1.9539359
3010722,0.86481667
3010723,0
3010724,0.37337223
3010725,1040.954
3010726,0
3010727,138.10802
3010728,1.2516255
3010729,400.93588
3010730,153.29576
3010731,106.57916
3010732,58.93192
3010733,21.879921
3010734,1722.0715
3010735,0.91787136
3010736,0.04961388
3010737,4.7465973
3010738,3.303987
3010739,0
3010740,76.424126
3010741,0.073934875
3010742,0
3010743,1.8705645
3010744,17.390882
3010745,0.08031887
3010746,99.184235
3010747,113.33981
3010748,0
3010749,0.7653017
3010750,79.13909
3010751,17.858763
3010752,286.33502
3010753,0.07051048
3010754,0.46233332
3010755,3.1166835
3010756,0.033259492
3010757,1.0179794
3010758,2292.7136
3010759,0.13114847
3010760,368.19766
3010761,3.874867
3010762,927.9274
3010763,442.48737
3010764,214.01843
3010765,112.90773
3010766,62.64154
3010767,3604.7832
3010768,2.732566
3010769,0.4881286
3010770,12.356809
3010771,9.232305
3010772,0.1458734
3010773,190.81882
3010774,0.7061559
3010775,0.6492808
3010776,3.7138958
3010777,33.109505
3010778,0.6918863
3010779,221.72699
3010780,233.97908
3010781,0.53287077
3010782,2.6603196
3010783,200.42029
3010784,45.67465
3010785,812.888
3010786,0.6461761
3010787,1.7453039
3010788,3.100677
3010789,0.010902835
3010790,3.6144037
3010791,2309.5627
3010792,0.0758361
3010793,329.50302
3010794,11.864514
3010795,770.4516
3010796,576.454
3010797,178.60417
3010798,126.20894
3010799,95.153984
3010800,3289.2148
3010801,23.197515
3010802,0.6001215
3010803,19.938429
3010804,15.119728
3010805,0.23556522
3010806,231.3485
3010807,10.63116
3010808,7.5289927
3010809,4.3120756
3010810,67.5379
3010811,3.840516
3010812,237.76552
3010813,194.76222
3010814,6.557755
3010815,9.1819515
3010816,235.12924
3010817,83.361534
3010818,2519.645
3010819,0.86082387
3010820,27.94689
3010821,2.8891952
3010822,0.007075697
3010823,3.5314107
3010824,1998.7742
3010825,0.057527598
3010826,299.1779
3010827,10.460509
3010828,759.6308
3010829,505.37537
3010830,172.0534
3010831,115.28914
3010832,76.62863
3010833,2913.6868
3010834,14.711859
3010835,0.50322044
3010836,22.257113
3010837,16.958473
3010838,0.21993025
3010839,243.05338
3010840,8.268083
3010841,4.984709
3010842,3.713725
3010843,59.983906
3010844,3.4547563
3010845,213.8153
3010846,188.05199
3010847,5.4684725
3010848,8.15618
3010849,207.49107
3010850,67.02244
3010851,2388.1643
3010852,0.71939015
3010853,17.313986
3010854,3.6011639
3010855,0.039314542
3010856,2.566961
3010857,2303.2825
3010858,0.0841179
3010859,389.52094
3010860,7.025858
3010861,1000.57587
3010862,516.8224
3010863,222.42903
3010864,123.025955
3010865,74.141685
3010866,3365.5767
3010867,10.162881
3010868,0.67884696
3010869,24.598186
3010870,17.858952
3010871,0.27698183
3010872,283.84296
3010873,4.136735
3010874,2.8453522
3010875,5.1581635
3010876,49.23482
3010877,1.7410312
3010878,219.76642
3010879,238.5813
3010880,2.4468338
3010881,4.8377957
3010882,200.2659
3010883,61.269703
3010884,1249.2087
3010885,0.84749866
3010886,9.830249
3010887,2.3024065
3010888,0
3010889,2.9382524
3010890,2299.2732
3010891,0.03246963
3010892,406.73065
3010893,8.578402
3010894,740.4447
3010895,722.13763
3010896,184.23544
3010897,146.37537
3010898,93.21325
3010899,3537.578
3010900,15.33633
3010901,0.45775288
3010902,14.338986
3010903,11.184188
3010904,0.15337023
3010905,176.19873
3010906,7.727537
3010907,4.3452816
3010908,2.7774336
3010909,60.719246
3010910,2.8092484
3010911,301.524
3010912,205.90656
3010913,4.788907
3010914,6.7007093
3010915,320.45227
3010916,75.428246
3010917,2305.1414
3010918,0.6675576
3010919,18.934057
3010920,3.0514393
3010921,0.05827438
3010922,0.67897666
3010923,2275.6138
3010924,0.077942215
3010925,343.71588
3010926,4.6762047
3010927,966.2937
3010928,413.04208
3010929,236.02585
3010930,109.72196
3010931,48.85121
3010932,3548.5286
3010933,2.7629273
3010934,0.33894658
3010935,13.106232
3010936,9.739684
3010937,0.15016945
3010938,186.0983
3010939,0.9100455
3010940,0.31110102
3010941,2.351342
3010942,24.913729
3010943,0.645185
3010944,206.34923
3010945,253.21112
3010946,0.6203736
3010947,3.1716728
3010948,173.99289
3010949,41.171795
3010950,541.1187
3010951,0.45410353
3010952,1.5548863
3010953,2.7756047
3010954,0
3010955,3.5260391
3010956,2092.456
3010957,0.018202005
3010958,307.2646
3010959,8.866644
3010960,777.3056
3010961,517.3266
3010962,170.24406
3010963,111.17069
3010964,71.167015
3010965,2983.9492
3010966,11.127672
3010967,0.43388057
3010968,19.511415
3010969,14.7078285
3010970,0.08349983
3010971,198.00941
3010972,6.518665
3010973,4.525132
3010974,3.8341522
3010975,53.67409
3010976,2.865266
3010977,219.64624
3010978,185.37793
3010979,4.609036
3010980,6.906439
3010981,210.53825
3010982,60.49475
3010983,1924.5305
3010984,0.7718878
3010985,10.951342
3010986,3.6457796
3010987,0
3010988,3.2453575
3010989,1979.8586
3010990,0
3010991,330.8304
3010992,8.935446
3010993,903.22424
3010994,418.2618
3010995,244.02083
3010996,167.3013
3010997,86.37445
3010998,3122.9546
3010999,21.253212
3011000,0.93982553
3011001,14.6440525
3011002,10.935623
3011003,0.01787485
3011004,175.09512
3011005,9.083897
3011006,4.9186597
3011007,3.2084432
3011008,88.271225
3011009,3.0913033
3011010,258.48767
3011011,252.0128
3011012,4.673895
3011013,7.0302944
3011014,221.19034
3011015,69.2128
3011016,1046.1489
3011017,1.4558072
3011018,17.45051
3011019,2.3898013
3011020,0.05169776
3011021,0.7604946
3011022,2170.6267
3011023,0.0658528
3011024,302.80594
3011025,3.459434
3011026,791.7505
3011027,342.47348
3011028,208.67848
3011029,103.10302
3011030,41.701054
3011031,3479.0115
3011032,1.7968624
3011033,0.186617
3011034,9.6574335
3011035,7.171235
3011036,0.103129916
3011037,143.66429
3011038,0.6533593
3011039,0.18462701
3011040,3.1630335
3011041,24.1541
3011042,0.45692092
3011043,179.70012
3011044,223.56325
3011045,0.4424838
3011046,2.3303528
3011047,151.97061
3011048,34.310863
3011049,498.76144
3011050,0.28222337
3011051,0.97862315
3011052,10.387164
3011053,0.26127386
3011054,11.236233
3011055,7691.8506
3011056,0.4431327
3011057,1431.596
3011058,32.55698
3011059,2637.801
3011060,2466.6895
3011061,517.25745
3011062,363.72293
3011063,403.06314
3011064,9365.883
3011065,47.537624
3011066,1.9057255
3011067,56.715473
3011068,45.191998
3011069,0.83674157
3011070,768.8146
3011071,31.701466
3011072,21.065449
3011073,10.96629
3011074,155.97911
3011075,17.369978
3011076,986.297
3011077,647.6038
3011078,22.438402
3011079,27.82313
3011080,1142.4347
3011081,308.70642
3011082,8386.136
3011083,3.9226255
3011084,64.755615
3011085,7.157074
3011086,0.18549752
3011087,7.789791
3011088,6587.4956
3011089,0.33393863
3011090,1243.9719
3011091,25.14115
3011092,2185.2935
3011093,2149.4827
3011094,431.64734
3011095,316.30786
3011096,322.53455
3011097,8378.804
3011098,40.73754
3011099,1.445199
3011100,41.953125
3011101,33.525154
3011102,0.6549021
3011103,579.05585
3011104,24.482279
3011105,15.336945
3011106,5.44632
3011107,125.47118
3011108,12.823653
3011109,869.2879
3011110,539.7347
3011111,16.87416
3011112,21.395767
3011113,1002.08234
3011114,245.94374
3011115,6943.757
3011116,2.5554392
3011117,56.643715
3011118,5.9781017
3011119,0.14750406
3011120,5.3350577
3011121,5368.5996
3011122,0.2672826
3011123,894.2525
3011124,19.13015
3011125,1839.4493
3011126,1597.9606
3011127,348.67734
3011128,239.01535
3011129,184.82162
3011130,6919.354
3011131,23.074657
3011132,1.1720014
3011133,37.89137
3011134,30.04687
3011135,0.5493618
3011136,479.71124
3011137,17.146778
3011138,8.740806
3011139,6.5083375
3011140,89.02177
3011141,8.254856
3011142,614.0528
3011143,414.14044
3011144,11.714514
3011145,16.127949
3011146,680.8104
3011147,141.6259
3011148,4647.7563
3011149,1.7943451
3011150,28.580624
3011151,6.9042563
3011152,0.17117275
3011153,7.28049
3011154,6191.8022
3011155,0.30816147
3011156,1136.1312
3011157,23.815613
3011158,2074.2134
3011159,1986.3896
3011160,408.5498
3011161,292.84012
3011162,277.98325
3011163,7874.386
3011164,34.369724
3011165,1.3789151
3011166,42.08039
3011167,33.480965
3011168,0.6218264
3011169,562.106
3011170,23.235725
3011171,13.85752
3011172,7.792528
3011173,114.2727
3011174,11.935798
3011175,788.73663
3011176,504.1748
3011177,15.962122
3011178,20.262482
3011179,905.34766
3011180,211.34361
3011181,6338.183
3011182,2.3786554
3011183,45.897305
3011184,5.0562944
3011185,0.11432089
3011186,4.1408305
3011187,4757.6807
3011188,0.21227854
3011189,779.0779
3011190,15.732677
3011191,1668.7509
3011192,1398.237
3011193,321.8369
3011194,216.1518
3011195,150.12184
3011196,6202.182
3011197,17.680603
3011198,0.98585105
3011199,33.443623
3011200,26.02218
3011201,0.4698595
3011202,417.68402
3011203,12.8624735
3011204,6.185408
3011205,3.8731031
3011206,74.95996
3011207,5.5783005
3011208,534.68353
3011209,378.06943
3011210,8.501261
3011211,12.828523
3011212,583.622
3011213,115.58457
3011214,3500.9812
3011215,1.418529
3011216,21.297415
3011217,6.069271
3011218,0.09804629
3011219,6.901573
3011220,5745.829
3011221,0.2125546
3011222,1123.8215
3011223,22.92618
3011224,1939.207
3011225,2040.1239
3011226,391.3582
3011227,296.18378
3011228,312.8813
3011229,7207.8193
3011230,41.41764
3011231,1.1949561
3011232,35.56665
3011233,28.895813
3011234,0.46293882
3011235,473.68753
3011236,22.575932
3011237,14.6754
3011238,4.9333014
3011239,121.962234
3011240,11.287753
3011241,784.6213
3011242,482.50436
3011243,15.603516
3011244,19.425842
3011245,927.84375
3011246,237.50175
3011247,6337.5483
3011248,2.0370317
3011249,58.39516
3011250,3.142119
3011251,0.037992686
3011252,3.1614933
3011253,1861.8491
3011254,0.080347456
3011255,277.73856
3011256,8.138095
3011257,866.77344
3011258,436.50143
3011259,198.30353
3011260,105.31665
3011261,68.255135
3011262,2649.185
3011263,9.75301
3011264,0.53021204
3011265,24.583069
3011266,17.909178
3011267,0.26147646
3011268,275.99133
3011269,4.688731
3011270,2.9090798
3011271,4.696435
3011272,51.38951
3011273,1.6567194
3011274,187.49498
3011275,214.40602
3011276,2.6792183
3011277,5.519198
3011278,164.12068
3011279,61.970047
3011280,1776.2134
3011281,0.60654676
3011282,9.02546
3011283,5.391427
3011284,0.088413924
3011285,3.8168445
3011286,3624.548
3011287,0.15971205
3011288,557.4738
3011289,16.699892
3011290,1444.2673
3011291,1010.90454
3011292,286.94714
3011293,168.91377
3011294,116.55511
3011295,4927.93
3011296,16.22055
3011297,0.79268944
3011298,35.662037
3011299,27.949871
3011300,0.37039497
3011301,434.86374
3011302,11.5819
3011303,5.5378
3011304,5.623777
3011305,71.44816
3011306,5.591595
3011307,374.14258
3011308,319.7423
3011309,7.9884872
3011310,13.206467
3011311,389.41965
3011312,95.40345
3011313,3505.2622
3011314,1.3021507
3011315,18.423456
3011316,3.8091984
3011317,0.10263992
3011318,5.4560714
3011319,4357.4775
3011320,0.1944944
3011321,759.8249
3011322,15.823626
3011323,1365.3402
3011324,1398.4685
3011325,285.4633
3011326,212.62926
3011327,187.8608
3011328,5924.9517
3011329,22.703901
3011330,0.77273166
3011331,25.693624
3011332,19.861502
3011333,0.31469044
3011334,310.65613
3011335,11.468581
3011336,8.565786
3011337,4.999209
3011338,95.58027
3011339,5.501131
3011340,529.479
3011341,337.25583
3011342,7.8027678
3011343,12.296985
3011344,603.5762
3011345,148.23158
3011346,5522.252
3011347,1.2542953
3011348,31.25077
3011349,0.38768062
3011350,0
3011351,0
3011352,536.8399
3011353,0
3011354,56.412113
3011355,0.08744915
3011356,164.88467
3011357,63.961494
3011358,53.18565
3011359,36.499153
3011360,6.199684
3011361,1127.2471
3011362,0.5145736
3011363,0
3011364,1.4723291
3011365,1.0126715
3011366,0
3011367,14.883623
3011368,0
3011369,0
3011370,0.45218012
3011371,15.033602
3011372,0
3011373,45.07743
3011374,52.847435
3011375,0
3011376,0
3011377,35.517773
3011378,3.7426171
3011379,212.73532
3011380,0
3011381,0.445138
3011382,1.5735991
3011383,0
3011384,0.6129104
3011385,1409.327
3011386,0
3011387,138.52354
3011388,1.6552858
3011389,500.05975
3011390,198.34486
3011391,103.03841
3011392,56.302494
3011393,39.302742
3011394,1949.4431
3011395,2.509399
3011396,0.23060583
3011397,7.934988
3011398,5.5762415
3011399,0
3011400,103.59437
3011401,0.32263267
3011402,0.4594714
3011403,2.4812965
3011404,27.776033
3011405,0.2904251
3011406,101.77274
3011407,106.16108
3011408,0.1834592
3011409,1.0978937
3011410,87.31634
3011411,31.102818
3011412,740.8783
3011413,0.31307295
3011414,1.6910086
3011415,2.0551972
3011416,0
3011417,0.6199999
3011418,1470.1208
3011419,0
3011420,186.68178
3011421,2.078064
3011422,594.59546
3011423,221.11641
3011424,136.88023
3011425,69.97557
3011426,30.49881
3011427,2164.0923
3011428,1.6092823
3011429,0.27471888
3011430,8.803191
3011431,6.3920517
3011432,0.0074661844
3011433,140.85994
3011434,0.39626274
3011435,0.046968136
3011436,1.9148197
3011437,23.517282
3011438,0.33170184
3011439,120.07828
3011440,145.55637
3011441,0.25281945
3011442,1.4185016
3011443,101.29595
3011444,23.629782
3011445,556.1819
3011446,0.30232123
3011447,0.8691369
3011448,3.505199
3011449,0.026198477
3011450,3.675342
3011451,3605.9595
3011452,0.10015896
3011453,584.24457
3011454,12.440039
3011455,1129.6265
3011456,1109.0902
3011457,241.75288
3011458,182.75179
3011459,134.81984
3011460,4982.736
3011461,21.469547
3011462,0.7050055
3011463,22.166359
3011464,17.379204
3011465,0.28468087
3011466,273.06482
3011467,11.325372
3011468,6.1787558
3011469,4.1422157
3011470,75.37145
3011471,4.4298835
3011472,415.7132
3011473,280.00244
3011474,7.2046814
3011475,9.963207
3011476,457.98975
3011477,108.12561
3011478,3165.4326
3011479,1.011219
3011480,27.375957
3011481,3.021833
3011482,0.01749393
3011483,4.5284753
3011484,2781.719
3011485,0.080838524
3011486,551.6611
3011487,13.079161
3011488,925.5651
3011489,1000.8433
3011490,222.17274
3011491,181.35025
3011492,148.73988
3011493,4189.5474
3011494,26.36733
3011495,0.59455884
3011496,18.356613
3011497,14.806153
3011498,0.22095664
3011499,235.91714
3011500,12.175843
3011501,8.163125
3011502,3.5961223
3011503,85.104126
3011504,5.0327163
3011505,403.90485
3011506,254.60944
3011507,7.733983
3011508,10.464748
3011509,452.14185
3011510,119.019295
3011511,3649.6084
3011512,0.93502486
3011513,36.955894
3011514,5.4450016
3011515,0.041379105
3011516,6.0431547
3011517,4230.6836
3011518,0.12739818
3011519,694.96844
3011520,18.740421
3011521,1371.7158
3011522,1332.5916
3011523,290.19278
3011524,210.38217
3011525,176.67728
3011526,5492.8755
3011527,27.91907
3011528,0.97955656
3011529,33.466137
3011530,26.916233
3011531,0.35873798
3011532,384.2734
3011533,17.679756
3011534,11.756404
3011535,6.1071343
3011536,96.43797
3011537,8.43485
3011538,482.6187
3011539,334.79703
3011540,12.407596
3011541,15.689762
3011542,539.5142
3011543,141.87605
3011544,4452.6606
3011545,1.514826
3011546,35.602726
3011547,5.760229
3011548,0.10198358
3011549,2.5797257
3011550,3246.0732
3011551,0.15505074
3011552,546.1246
3011553,11.140182
3011554,1324.5103
3011555,752.4685
3011556,317.43417
3011557,168.05203
3011558,86.07985
3011559,4762.6846
3011560,8.489218
3011561,0.8216598
3011562,30.385674
3011563,23.616879
3011564,0.3925445
3011565,387.5096
3011566,4.59217
3011567,2.2388625
3011568,5.757
3011569,48.727863
3011570,2.1829958
3011571,318.73294
3011572,340.3517
3011573,2.9328628
3011574,8.097527
3011575,291.70782
3011576,67.984146
3011577,1445.8057
3011578,1.0889084
3011579,7.0740004
3011580,2.4200366
3011581,0
3011582,3.0221992
3011583,2007.0051
3011584,0
3011585,349.47107
3011586,7.3152533
3011587,635.70746
3011588,610.0759
3011589,164.47916
3011590,135.31468
3011591,94.96421
3011592,3032.2134
3011593,17.999474
3011594,0.36260715
3011595,11.748225
3011596,9.663343
3011597,0
3011598,139.12013
3011599,7.097784
3011600,6.1001773
3011601,2.9455547
3011602,56.280254
3011603,2.7562647
3011604,255.76703
3011605,185.2041
3011606,4.695875
3011607,5.844363
3011608,274.67764
3011609,77.253525
3011610,1790.9963
3011611,0.56902313
3011612,21.375689
3011613,1.5625675
3011614,0
3011615,0.4361065
3011616,1256.5264
3011617,0
3011618,178.03522
3011619,2.112469
3011620,514.6209
3011621,224.18034
3011622,140.82585
3011623,77.31926
3011624,26.2888
3011625,2192.5352
3011626,1.6152093
3011627,0.11522792
3011628,6.131016
3011629,4.5960565
3011630,0
3011631,100.616486
3011632,0.44250286
3011633,0.016433911
3011634,2.2084758
3011635,12.356611
3011636,0.2586008
3011637,131.98785
3011638,155.6551
3011639,0.27563438
3011640,1.3933365
3011641,106.746315
3011642,20.391518
3011643,312.31857
3011644,0.08464006
3011645,0.99601734
3011646,5.3219233
3011647,0.08781594
3011648,1.9020393
3011649,3941.704
3011650,0.12671912
3011651,566.24713
3011652,8.317448
3011653,1586.7108
3011654,779.98456
3011655,349.37283
3011656,180.61058
3011657,80.2181
3011658,5225.877
3011659,6.371513
3011660,0.7543081
3011661,20.394073
3011662,15.822823
3011663,0.30613652
3011664,287.71667
3011665,2.3671076
3011666,1.2789216
3011667,5.8067346
3011668,30.35651
3011669,1.5623896
3011670,359.9289
3011671,390.81952
3011672,1.7205698
3011673,6.1154456
3011674,321.37326
3011675,62.203304
3011676,1020.55615
3011677,0.9753349
3011678,4.4295974
3011679,2.1755471
3011680,0
3011681,0.7412555
3011682,1565.5938
3011683,0
3011684,233.67418
3011685,3.4752707
3011686,745.0971
3011687,312.73212
3011688,175.46724
3011689,80.85979
3011690,39.50095
3011691,2339.158
3011692,2.4322968
3011693,0.15808792
3011694,10.049656
3011695,7.3721733
3011696,0
3011697,133.7573
3011698,0.5749825
3011699,0.1367172
3011700,3.6092844
3011701,18.481802
3011702,0.3796415
3011703,154.05359
3011704,190.1202
3011705,0.33715713
3011706,2.2842457
3011707,126.23648
3011708,32.92802
3011709,369.80917
3011710,0.24472381
3011711,1.1783631
3011712,1.708483
3011713,0
3011714,0.50829005
3011715,1356.0979
3011716,0
3011717,196.65628
3011718,3.0517888
3011719,614.7198
3011720,258.32254
3011721,144.82608
3011722,68.27429
3011723,33.395153
3011724,2196.5227
3011725,1.9341223
3011726,0.06568775
3011727,7.8727417
3011728,5.7621293
3011729,0
3011730,109.948105
3011731,0.47074497
3011732,0.049890224
3011733,2.9564168
3011734,17.00128
3011735,0.25709647
3011736,133.75446
3011737,163.69417
3011738,0.24817109
3011739,1.9700222
3011740,107.55638
3011741,28.754776
3011742,310.2124
3011743,0.109247565
3011744,1.0629957
3011745,2.329376
3011746,0
3011747,0.41883287
3011748,1682.6294
3011749,0
3011750,248.39351
3011751,3.7173214
3011752,784.5924
3011753,337.51672
3011754,196.53162
3011755,89.97019
3011756,42.52481
3011757,2443.4739
3011758,2.3366802
3011759,0.12438664
3011760,9.79038
3011761,7.195012
3011762,0
3011763,146.9394
3011764,0.5385418
3011765,0.09116463
3011766,3.6075912
3011767,19.218933
3011768,0.33986983
3011769,166.85416
3011770,218.73645
3011771,0.30760264
3011772,2.42075
3011773,140.24753
3011774,36.314682
3011775,417.16568
3011776,0.1893392
3011777,1.1911836
3011778,2.2954526
3011779,0
3011780,0.78582454
3011781,1781.5756
3011782,0
3011783,249.9408
3011784,3.5837226
3011785,816.7458
3011786,345.77402
3011787,185.31645
3011788,93.74865
3011789,43.615215
3011790,2651.1118
3011791,3.4243379
3011792,0.25033486
3011793,11.178788
3011794,7.9000797
3011795,0
3011796,157.274
3011797,0.90140593
3011798,0.40086877
3011799,3.7010765
3011800,22.203482
3011801,0.5930896
3011802,172.99567
3011803,203.77304
3011804,0.58487535
3011805,2.3599367
3011806,147.08804
3011807,35.37778
3011808,479.6922
3011809,0.36757386
3011810,2.3119376
3011811,3.028617
3011812,0
3011813,0.52093196
3011814,1163.4324
3011815,0
3011816,176.66118
3011817,2.1572416
3011818,518.7584
3011819,220.25456
3011820,145.14218
3011821,68.34756
3011822,29.99537
3011823,1828.2565
3011824,1.7733772
3011825,0.013824618
3011826,6.8692837
3011827,5.0227613
3011828,0
3011829,123.48751
3011830,0.4069259
3011831,0.14669509
3011832,2.8010535
3011833,18.151155
3011834,0.15619825
3011835,116.89675
3011836,158.13542
3011837,0.19632544
3011838,1.3723652
3011839,94.2334
3011840,26.215664
3011841,366.8514
3011842,0
3011843,1.2391245
3011844,3.0563474
3011845,0.011035977
3011846,1.3169785
3011847,3142.068
3011848,0.03222704
3011849,425.21667
3011850,4.1114326
3011851,1093.7278
3011852,619.29865
3011853,264.773
3011854,162.01022
3011855,75.10963
3011856,4419.5654
3011857,4.5911713
3011858,0.4855222
3011859,12.65495
3011860,9.255688
3011861,0.14861661
3011862,198.75774
3011863,1.3540864
3011864,0.8016529
3011865,2.6528857
3011866,29.221205
3011867,0.9234693
3011868,294.06644
3011869,298.26978
3011870,0.99609053
3011871,2.8645437
3011872,279.7812
3011873,57.36404
3011874,823.96826
3011875,0.587057
3011876,3.6967149
3011877,2.1443486
3011878,0
3011879,0.901054
3011880,984.3607
3011881,0
3011882,137.26842
3011883,0.8199953
3011884,363.0585
3011885,178.73122
3011886,87.68606
3011887,55.89586
3011888,25.371786
3011889,1788.0098
3011890,4.651958
3011891,0.2060647
3011892,7.9207582
3011893,6.9163985
3011894,0.122196734
3011895,59.179142
3011896,2.0020356
3011897,0.83845663
3011898,1.8762212
3011899,23.041143
3011900,0.06838332
3011901,92.04356
3011902,92.52707
3011903,1.4643846
3011904,0.58820164
3011905,76.02456
3011906,22.330175
3011907,307.03552
3011908,0
3011909,4.3633256
3011910,2.5209956
3011911,0
3011912,1.0116172
3011913,1733.76
3011914,0
3011915,241.956
3011916,4.3014097
3011917,759.38275
3011918,324.9785
3011919,167.64078
3011920,82.438545
3011921,39.51015
3011922,2801.4133
3011923,3.499587
3011924,0.29282287
3011925,11.713668
3011926,8.61728
3011927,0.023224853
3011928,138.49234
3011929,1.128073
3011930,0.4514079
3011931,3.611102
3011932,20.184032
3011933,0.7028005
3011934,164.49272
3011935,184.23492
3011936,0.7495886
3011937,2.9688888
3011938,134.42625
3011939,32.56766
3011940,399.55563
3011941,0.4402473
3011942,2.2354345
3011943,3.030837
3011944,0
3011945,4.158245
3011946,3320.3533
3011947,0.020179294
3011948,596.4449
3011949,9.469588
3011950,1076.7114
3011951,1033.4637
3011952,232.47787
3011953,184.4342
3011954,146.87805
3011955,4532.755
3011956,23.78999
3011957,0.6373148
3011958,16.706657
3011959,13.227648
3011960,0.15205617
3011961,207.15521
3011962,8.998539
3011963,7.2462463
3011964,4.085072
3011965,67.25618
3011966,3.5485744
3011967,419.0973
3011968,279.59512
3011969,5.748028
3011970,7.4824295
3011971,466.78726
3011972,115.97782
3011973,2917.7688
3011974,0.91640484
3011975,28.468279
3011976,4.57674
3011977,0
3011978,2.6399763
3011979,2380.328
3011980,0.010924978
3011981,433.72192
3011982,5.016611
3011983,1418.3375
3011984,528.8124
3011985,357.37003
3011986,179.53036
3011987,50.23496
3011988,3756.1348
3011989,10.042219
3011990,0.80941105
3011991,14.728316
3011992,11.651424
3011993,0.06473894
3011994,279.90704
3011995,2.4961379
3011996,2.157152
3011997,3.835956
3011998,41.042183
3011999,1.6955192
3012000,267.39587
3012001,375.7772
3012002,1.8431737
3012003,3.825243
3012004,204.5304
3012005,38.656826
3012006,1084.1033
3012007,1.1112597
3012008,7.3625994
3012009,4.6341553
3012010,0
3012011,1.833245
3012012,1855.0255
3012013,0
3012014,384.26535
3012015,6.16418
3012016,1216.2948
3012017,456.92795
3012018,329.24402
3012019,142.52153
3012020,54.69651
3012021,2796.8284
3012022,7.661586
3012023,0.8722881
3012024,19.137644
3012025,15.21077
3012026,0.1106169
3012027,279.12283
3012028,2.3690882
3012029,1.352438
3012030,3.677824
3012031,50.312378
3012032,1.5513935
3012033,214.39421
3012034,342.64337
3012035,1.6501787
3012036,4.4596677
3012037,157.01105
3012038,45.81022
3012039,921.56866
3012040,1.2008226
3012041,5.5136576
3012042,2.533049
3012043,0
3012044,0.54128957
3012045,946.3456
3012046,0
3012047,145.27995
3012048,2.698412
3012049,524.8024
3012050,179.33017
3012051,136.98724
3012052,67.4197
3012053,28.15164
3012054,1657.6404
3012055,2.675521
3012056,0.36800578
3012057,10.774042
3012058,8.369097
3012059,0.008288977
3012060,117.05269
3012061,0.7221695
3012062,0.3054156
3012063,2.013454
3012064,18.240963
3012065,0.4113573
3012066,92.06751
3012067,143.77151
3012068,0.448208
3012069,1.8205369
3012070,71.374886
3012071,23.995972
3012072,369.47498
3012073,0.35194612
3012074,2.0885644
3012075,1.3771825
3012076,0
3012077,1.4623251
3012078,1889.6578
3012079,0
3012080,299.18375
3012081,3.802414
3012082,591.18616
3012083,484.406
3012084,149.71396
3012085,113.34014
3012086,66.25163
3012087,2882.2993
3012088,10.562311
3012089,0.20871481
3012090,7.84249
3012091,5.778895
3012092,0
3012093,94.29954
3012094,3.173338
3012095,1.7459245
3012096,1.9767351
3012097,37.306545
3012098,1.0240197
3012099,223.37369
3012100,170.15018
3012101,1.586154
3012102,2.6691601
3012103,227.95961
3012104,54.56279
3012105,1168.3059
3012106,0.30387673
3012107,11.381293
3012108,3.9728951
3012109,0
3012110,3.9962025
3012111,3379.878
3012112,0
3012113,601.52795
3012114,9.91508
3012115,1210.5613
3012116,1086.36
3012117,308.26886
3012118,218.41711
3012119,192.77356
3012120,4165.9155
3012121,22.577568
3012122,0.53350115
3012123,20.119335
3012124,15.600637
3012125,0
3012126,210.7611
3012127,8.209184
3012128,8.693014
3012129,3.9204874
3012130,71.13712
3012131,3.4100246
3012132,423.03748
3012133,352.77545
3012134,5.7279596
3012135,7.7508316
3012136,466.95615
3012137,150.96674
3012138,2624.7634
3012139,0.91689336
3012140,24.885683
3012141,2.1437826
3012142,0
3012143,1.4286215
3012144,990.8093
3012145,0
3012146,152.68153
3012147,2.7275531
3012148,301.3028
3012149,216.94662
3012150,92.561905
3012151,67.89463
3012152,39.76563
3012153,1667.9198
3012154,4.921446
3012155,0.19955374
3012156,6.4831767
3012157,5.881403
3012158,0.049784515
3012159,37.413578
3012160,2.510814
3012161,1.4316356
3012162,1.9749696
3012163,36.34288
3012164,0.49662763
3012165,117.04549
3012166,98.77762
3012167,1.9885073
3012168,2.3647604
3012169,106.828445
3012170,34.384106
3012171,244.22795
3012172,0.16883822
3012173,4.090908
3012174,2.2349455
3012175,0
3012176,0.74087477
3012177,1238.9645
3012178,0
3012179,166.41348
3012180,1.6956859
3012181,463.97318
3012182,229.36101
3012183,112.43774
3012184,68.13032
3012185,29.02869
3012186,2044.8284
3012187,2.0914822
3012188,0.09101848
3012189,5.976395
3012190,4.062223
3012191,0
3012192,76.0818
3012193,0.48319197
3012194,0.37333012
3012195,2.1182802
3012196,20.93514
3012197,0.256072
3012198,124.81525
3012199,121.659065
3012200,0.26305544
3012201,1.0803163
3012202,106.35287
3012203,23.506605
3012204,420.965
3012205,0.08211553
3012206,1.5213993
3012207,3.069243
3012208,0.0009218379
3012209,4.134432
3012210,3111.9211
3012211,0.053611655
3012212,526.0563
3012213,8.205853
3012214,966.66736
3012215,937.7594
3012216,217.49051
3012217,171.70998
3012218,132.83163
3012219,4319.046
3012220,18.623367
3012221,0.6399827
3012222,14.813704
3012223,11.676333
3012224,0.121284746
3012225,152.84659
3012226,6.990909
3012227,6.3541236
3012228,4.3094115
3012229,66.74914
3012230,3.0505729
3012231,372.02347
3012232,255.54562
3012233,4.7292247
3012234,6.4513693
3012235,410.6475
3012236,105.79991
3012237,2643.5486
3012238,0.99590456
3012239,21.058126
3012240,3.7665381
3012241,0.056120444
3012242,1.268496
3012243,3188.9924
3012244,0.07067237
3012245,459.86066
3012246,5.4998307
3012247,1293.4308
3012248,651.19916
3012249,302.27142
3012250,166.1485
3012251,81.2398
3012252,4463.7217
3012253,4.155223
3012254,0.47870672
3012255,14.596938
3012256,10.976097
3012257,0.1338916
3012258,211.35313
3012259,1.240197
3012260,0.8399435
3012261,4.845673
3012262,35.752197
3012263,0.9249306
3012264,294.1275
3012265,333.98044
3012266,0.9110348
3012267,3.7413669
3012268,272.31207
3012269,64.15377
3012270,915.22894
3012271,0.6573477
3012272,2.6787295
3012273,4.0927677
3012274,0
3012275,2.0647676
3012276,1993.6562
3012277,0.010923442
3012278,382.88028
3012279,4.742294
3012280,1262.6858
3012281,462.54773
3012282,320.20728
3012283,154.47833
3012284,48.264145
3012285,3178.9294
3012286,6.076588
3012287,0.69735444
3012288,14.221983
3012289,11.2283325
3012290,0.0035323156
3012291,274.69788
3012292,1.6862605
3012293,1.5457239
3012294,3.5905557
3012295,55.142952
3012296,1.234788
3012297,229.30368
3012298,326.71967
3012299,1.2482867
3012300,3.448421
3012301,170.41496
3012302,37.72132
3012303,995.16034
3012304,0.9624772
3012305,4.3700843
3012306,7.757287
3012307,0.12966384
3012308,8.257608
3012309,6363.0425
3012310,0.23498502
3012311,1234.806
3012312,24.961395
3012313,2246.815
3012314,2146.7117
3012315,464.4623
3012316,348.95258
3012317,408.36725
3012318,7488.6978
3012319,57.90589
3012320,1.5915694
3012321,43.34364
3012322,34.67718
3012323,0.5888262
3012324,556.2002
3012325,24.577896
3012326,23.54199
3012327,10.036592
3012328,141.64902
3012329,11.60641
3012330,844.5347
3012331,579.26416
3012332,16.938938
3012333,20.794302
3012334,970.6507
3012335,326.79828
3012336,6702.479
3012337,2.5775826
3012338,80.28156
3012339,1.2486453
3012340,0
3012341,0.56103873
3012342,1384.5995
3012343,0
3012344,173.91222
3012345,1.5781376
3012346,507.12048
3012347,229.78815
3012348,127.68916
3012349,79.948845
3012350,33.253857
3012351,2127.1172
3012352,1.6258376
3012353,0.09243717
3012354,5.7719936
3012355,4.0228295
3012356,0
3012357,84.435524
3012358,0.2912828
3012359,0.11299281
3012360,2.1818016
3012361,19.639715
3012362,0.2104978
3012363,130.50615
3012364,138.14278
3012365,0.15068075
3012366,0.999264
3012367,113.34827
3012368,26.670347
3012369,374.07516
3012370,0.114726074
3012371,0.9695084
3012372,3.660386
3012373,0.037584864
3012374,1.0497026
3012375,2851.3806
3012376,0.04243477
3012377,396.81067
3012378,5.075856
3012379,1184.478
3012380,541.5082
3012381,287.39853
3012382,138.91168
3012383,60.517273
3012384,4060.8232
3012385,3.5057235
3012386,0.4198502
3012387,13.656348
3012388,10.352962
3012389,0.13995641
3012390,220.18811
3012391,1.1172636
3012392,0.59260774
3012393,4.9260206
3012394,24.50338
3012395,0.79698634
3012396,254.12334
3012397,315.75064
3012398,0.8202101
3012399,3.5162535
3012400,220.97134
3012401,48.91233
3012402,758.5178
3012403,0.52322865
3012404,2.0212984
3012405,0.77370787
3012406,0
3012407,0.18972047
3012408,911.2374
3012409,0
3012410,121.20638
3012411,0.9879925
3012412,352.16193
3012413,145.96
3012414,92.06867
3012415,56.048943
3012416,19.683243
3012417,1532.8695
3012418,0.8318069
3012419,0
3012420,3.717039
3012421,2.6437647
3012422,0
3012423,61.19326
3012424,0.011659659
3012425,0
3012426,1.5896308
3012427,13.71636
3012428,0
3012429,91.94157
3012430,99.31402
3012431,0
3012432,0.5735885
3012433,74.95515
3012434,15.146957
3012435,258.54916
3012436,0
3012437,0.43223494
3012438,2.869942
3012439,0.019598354
3012440,0.8133466
3012441,2005.7273
3012442,0
3012443,270.37802
3012444,3.9389758
3012445,801.7552
3012446,342.89957
3012447,227.58456
3012448,108.0061
3012449,47.22022
3012450,3043.211
3012451,2.1133945
3012452,0.17444408
3012453,9.610857
3012454,7.390875
3012455,0.0390847
3012456,161.70543
3012457,0.6608435
3012458,0.23521806
3012459,3.8843327
3012460,19.78146
3012461,0.4597175
3012462,183.28572
3012463,245.704
3012464,0.4424292
3012465,2.6727502
3012466,153.86723
3012467,39.334923
3012468,517.68463
3012469,0.26971158
3012470,1.0200574
3012471,4.239853
3012472,0.08258762
3012473,1.3947444
3012474,2308.9524
3012475,0.067137346
3012476,386.54953
3012477,6.776332
3012478,1075.4628
3012479,487.47253
3012480,264.487
3012481,117.85135
3012482,57.184093
3012483,3638.6165
3012484,3.9416304
3012485,0.42134264
3012486,14.996761
3012487,11.703075
3012488,0.16649796
3012489,189.42628
3012490,1.3743563
3012491,0.5979513
3012492,5.4288626
3012493,24.92934
3012494,0.9174653
3012495,224.92676
3012496,293.29626
3012497,0.9494324
3012498,4.849888
3012499,186.25717
3012500,47.440063
3012501,572.8874
3012502,0.60481656
3012503,1.975955
3012504,0.99773276
3012505,0
3012506,0.3441881
3012507,1189.1707
3012508,0
3012509,143.33162
3012510,1.3422942
3012511,415.9193
3012512,174.44348
3012513,112.061295
3012514,68.06432
3012515,26.446835
3012516,1918.7346
3012517,0.98549247
3012518,0.006124488
3012519,4.6649604
3012520,3.3545437
3012521,0
3012522,71.90536
3012523,0.082848586
3012524,0
3012525,1.8567739
3012526,16.968405
3012527,0.07154569
3012528,109.881676
3012529,119.5707
3012530,0
3012531,0.8025732
3012532,93.0675
3012533,20.556343
3012534,312.27853
3012535,0.03487959
3012536,0.51174164
3012537,3.4326105
3012538,0
3012539,1.1996667
3012540,2444.1384
3012541,0.046835005
3012542,371.6805
3012543,3.882069
3012544,992.4532
3012545,479.1257
3012546,253.05406
3012547,150.67831
3012548,77.43624
3012549,3703.354
3012550,3.1934934
3012551,0.49182767
3012552,11.558295
3012553,8.983166
3012554,0.053114682
3012555,162.09856
3012556,0.76231456
3012557,0.7915659
3012558,4.0926948
3012559,34.71077
3012560,0.6964568
3012561,259.13547
3012562,282.7602
3012563,0.5667001
3012564,2.6557443
3012565,238.65991
3012566,53.055546
3012567,765.8082
3012568,0.6165407
3012569,1.9386652
3012570,3.1551642
3012571,0
3012572,4.922505
3012573,2649.7312
3012574,0.03211856
3012575,406.51663
3012576,10.549511
3012577,910.99304
3012578,702.8671
3012579,209.28255
3012580,152.04619
3012581,113.56756
3012582,3710.5007
3012583,26.687315
3012584,0.66699255
3012585,17.682568
3012586,13.387413
3012587,0.1918822
3012588,214.6895
3012589,9.744996
3012590,8.542051
3012591,4.822536
3012592,68.88806
3012593,3.5168252
3012594,287.77518
3012595,234.82655
3012596,5.9901123
3012597,8.176698
3012598,292.73352
3012599,96.20246
3012600,2606.6462
3012601,0.91524386
3012602,30.343004
3012603,4.5862494
3012604,0
3012605,3.6226711
3012606,2317.9592
3012607,0.018036745
3012608,346.17276
3012609,9.17042
3012610,874.7889
3012611,598.1415
3012612,186.63069
3012613,127.71451
3012614,90.16686
3012615,3328.9832
3012616,17.980104
3012617,0.536054
3012618,20.06044
3012619,15.371538
3012620,0.1655821
3012621,219.07767
3012622,7.6265736
3012623,5.708207
3012624,4.167713
3012625,57.902687
3012626,3.2176986
3012627,240.5571
3012628,207.95467
3012629,5.0138135
3012630,7.1352224
3012631,242.15187
3012632,77.34694
3012633,2405.4736
3012634,0.74969196
3012635,19.755325
3012636,3.7176895
3012637,0.013369617
3012638,3.3496003
3012639,2642.7683
3012640,0.042164817
3012641,423.5269
3012642,6.29977
3012643,1159.1216
3012644,618.82526
3012645,257.3278
3012646,155.32498
3012647,83.32726
3012648,3788.3118
3012649,11.567983
3012650,0.72692335
3012651,22.190569
3012652,15.777094
3012653,0.22067408
3012654,265.47638
3012655,3.683002
3012656,3.0335326
3012657,5.5447273
3012658,46.158756
3012659,1.747555
3012660,269.24603
3012661,283.14783
3012662,2.2665894
3012663,4.414257
3012664,247.66345
3012665,67.45237
3012666,1274.8035
3012667,0.91142964
3012668,10.660711
3012669,2.3772821
3012670,0
3012671,3.142981
3012672,2725.2717
3012673,0.0013163402
3012674,481.20532
3012675,7.2954063
3012676,870.1482
3012677,824.87787
3012678,199.1771
3012679,160.07922
3012680,115.252884
3012681,3916.79
3012682,18.910873
3012683,0.503425
3012684,12.853278
3012685,9.969333
3012686,0.10598462
3012687,157.93
3012688,6.891977
3012689,5.1302443
3012690,3.192109
3012691,58.74859
3012692,2.5758233
3012693,348.33768
3012694,232.17548
3012695,4.2045727
3012696,5.6581464
3012697,378.78552
3012698,91.95837
3012699,2307.377
3012700,0.709589
3012701,21.94674
3012702,3.265812
3012703,0.027673917
3012704,0.782941
3012705,2549.3748
3012706,0.027493693
3012707,339.408
3012708,4.7258873
3012709,1040.3176
3012710,455.7216
3012711,252.13698
3012712,125.21129
3012713,57.36994
3012714,3740.1062
3012715,2.9476259
3012716,0.31880325
3012717,11.736456
3012718,8.842829
3012719,0.06899655
3012720,179.63689
3012721,0.8752612
3012722,0.38158715
3012723,4.293599
3012724,23.69668
3012725,0.6643505
3012726,227.60233
3012727,277.4374
3012728,0.62561023
3012729,3.2323318
3012730,200.34634
3012731,46.683784
3012732,562.87506
3012733,0.46059343
3012734,1.6400459
3012735,2.912942
3012736,0
3012737,3.6116772
3012738,2437.461
3012739,0
3012740,367.6096
3012741,7.7082834
3012742,909.8535
3012743,628.978
3012744,189.81241
3012745,125.69608
3012746,83.58202
3012747,3342.772
3012748,13.377201
3012749,0.44705635
3012750,17.787832
3012751,13.495267
3012752,0.032542635
3012753,174.52489
3012754,5.965974
3012755,4.9340878
3012756,4.274893
3012757,49.02749
3012758,2.751397
3012759,253.6469
3012760,210.832
3012761,4.1923084
3012762,6.0672655
3012763,254.88956
3012764,68.727516
3012765,1860.709
3012766,0.7957492
3012767,12.466948
3012768,3.7266207
3012769,0
3012770,3.2732391
3012771,1773.6078
3012772,0
3012773,306.53726
3012774,8.880344
3012775,818.59186
3012776,385.6882
3012777,228.30026
3012778,160.07477
3012779,79.13856
3012780,2813.5798
3012781,19.473042
3012782,0.9845624
3012783,12.881203
3012784,9.806324
3012785,0.028687833
3012786,166.84831
3012787,8.616728
3012788,4.8623323
3012789,3.351272
3012790,80.22511
3012791,3.479889
3012792,241.15044
3012793,237.25113
3012794,4.8322825
3012795,7.256278
3012796,205.87706
3012797,63.209267
3012798,1021.9327
3012799,1.51298
3012800,16.125618
3012801,2.5948915
3012802,0.013779102
3012803,0.73630285
3012804,2447.3572
3012805,0.0014408021
3012806,300.45364
3012807,3.5755086
3012808,842.49066
3012809,396.35645
3012810,212.4184
3012811,115.84085
3012812,50.514977
3012813,3633.937
3012814,1.9259651
3012815,0.1638857
3012816,8.696792
3012817,6.693855
3012818,0.012402551
3012819,134.4005
3012820,0.64767826
3012821,0.25716272
3012822,3.2026305
3012823,22.863081
3012824,0.4691749
3012825,203.6316
3012826,237.12392
3012827,0.4528225
3012828,2.3923383
3012829,180.3131
3012830,40.65758
3012831,509.97345
3012832,0.28267953
3012833,1.0952196
3012834,9.80746
3012835,0.2193145
3012836,9.973625
3012837,7781.092
3012838,0.36373684
3012839,1513.1766
3012840,29.107187
3012841,2827.8286
3012842,2521.7795
3012843,569.83777
3012844,414.16302
3012845,486.62262
3012846,8789.791
3012847,59.146725
3012848,2.048368
3012849,53.07607
3012850,42.858955
3012851,0.817055
3012852,695.39966
3012853,28.850714
3012854,26.086561
3012855,12.37384
3012856,153.32535
3012857,15.315903
3012858,1037.2853
3012859,723.3804
3012860,20.669977
3012861,25.059538
3012862,1187.3503
3012863,381.26608
3012864,7551.89
3012865,3.631618
3012866,78.12624
3012867,6.828965
3012868,0.1496233
3012869,7.0146255
3012870,6807.6343
3012871,0.26655507
3012872,1324.1677
3012873,22.25932
3012874,2354.7358
3012875,2190.4421
3012876,476.09018
3012877,357.9248
3012878,389.69492
3012879,7979.821
3012880,51.04122
3012881,1.5634367
3012882,38.759647
3012883,31.228489
3012884,0.6275703
3012885,527.4907
3012886,21.533167
3012887,18.890234
3012888,9.367555
3012889,123.096054
3012890,10.805818
3012891,919.7444
3012892,609.77734
3012893,14.905986
3012894,18.772957
3012895,1052.0399
3012896,303.0706
3012897,6421.3296
3012898,2.5102148
3012899,68.091034
3012900,5.7469273
3012901,0.11337105
3012902,4.9502316
3012903,5748.515
3012904,0.20526922
3012905,989.57434
3012906,16.623762
3012907,2038.4525
3012908,1675.3612
3012909,382.41782
3012910,270.68268
3012911,229.52199
3012912,6803.83
3012913,29.473385
3012914,1.2669585
3012915,34.696068
3012916,27.29221
3012917,0.50596774
3012918,439.21808
3012919,14.574661
3012920,10.207659
3012921,7.3232565
3012922,87.841515
3012923,6.757296
3012924,674.6422
3012925,471.6478
3012926,9.755879
3012927,13.74264
3012928,749.0262
3012929,175.53584
3012930,4538.4746
3012931,1.8210473
3012932,34.363728
3012933,6.6052794
3012934,0.13661745
3012935,6.602377
3012936,6479.705
3012937,0.24324137
3012938,1230.2035
3012939,21.05646
3012940,2274.38
3012941,2048.6697
3012942,450.0512
3012943,331.0718
3012944,340.08505
3012945,7592.219
3012946,43.28778
3012947,1.4915996
3012948,38.967503
3012949,31.15171
3012950,0.58729756
3012951,515.50604
3012952,20.323854
3012953,16.86604
3012954,8.83604
3012955,112.86852
3012956,9.966488
3012957,848.3923
3012958,573.2846
3012959,13.950736
3012960,17.70908
3012961,966.6651
3012962,262.0415
3012963,5985.72
3012964,2.3549051
3012965,55.397182
3012966,4.919621
3012967,0.082499705
3012968,3.939145
3012969,5158.079
3012970,0.15598516
3012971,875.02026
3012972,13.378904
3012973,1874.9894
3012974,1471.4037
3012975,350.86392
3012976,243.62158
3012977,186.0834
3012978,6204.5664
3012979,22.478039
3012980,1.0625393
3012981,30.14546
3012982,23.209997
3012983,0.41746023
3012984,385.61224
3012985,10.74429
3012986,7.01768
3012987,6.299265
3012988,71.72207
3012989,4.6165776
3012990,596.5631
3012991,429.65308
3012992,6.811234
3012993,10.552816
3012994,652.6432
3012995,141.58836
3012996,3485.2498
3012997,1.463597
3012998,25.246523
3012999,5.9271
3013000,0.073211595
3013001,6.3270106
3013002,5922.8105
3013003,0.16292024
3013004,1212.3518
3013005,20.310411
3013006,2078.4065
3013007,2071.7983
3013008,429.83362
3013009,331.73846
3013010,381.50385
3013011,6983.1494
3013012,50.66659
3013013,1.3003564
3013014,32.754307
3013015,26.655983
3013016,0.4278044
3013017,428.2299
3013018,20.040846
3013019,18.185156
3013020,5.0867844
3013021,116.09502
3013022,9.4564295
3013023,842.56067
3013024,543.8749
3013025,13.74279
3013026,17.076195
3013027,984.8471
3013028,293.0142
3013029,5836.991
3013030,2.0575583
3013031,68.85431
3013032,5.8878927
3013033,0.011984983
3013034,3.1504364
3013035,2164.0735
3013036,0.037942573
3013037,317.1842
3013038,7.3995523
3013039,977.87787
3013040,515.4159
3013041,217.0881
3013042,120.0411
3013043,78.43813
3013044,3068.1406
3013045,11.187119
3013046,0.56608665
3013047,22.23225
3013048,16.029736
3013049,0.20908004
3013050,254.16458
3013051,4.246052
3013052,3.0052943
3013053,5.0255504
3013054,50.01957
3013055,1.6022708
3013056,212.76091
3013057,240.74745
3013058,2.3883963
3013059,5.0258694
3013060,194.18694
3013061,69.1883
3013062,1769.0356
3013063,0.6400831
3013064,9.960371
3013065,5.170128
3013066,0.05633094
3013067,4.614757
3013068,4017.9373
3013069,0.10531803
3013070,644.0519
3013071,14.154192
3013072,1667.1465
3013073,1125.8267
3013074,306.20087
3013075,184.91753
3013076,142.8288
3013077,5099.0635
3013078,20.456
3013079,0.84099114
3013080,32.059586
3013081,25.087015
3013082,0.3099972
3013083,397.67148
3013084,9.706763
3013085,6.3250265
3013086,6.3213773
3013087,66.76923
3013088,4.7573857
3013089,423.69574
3013090,358.8579
3013091,6.5973363
3013092,11.005478
3013093,447.8606
3013094,114.18984
3013095,3481.8137
3013096,1.3485794
3013097,21.624424
3013098,3.8162174
3013099,0.071763724
3013100,5.911774
3013101,4790.994
3013102,0.13900797
3013103,865.83875
3013104,13.032978
3013105,1560.0719
3013106,1496.2546
3013107,322.3367
3013108,244.30304
3013109,239.60043
3013110,6036.2837
3013111,27.426193
3013112,0.8193879
3013113,23.081856
3013114,17.946974
3013115,0.2626761
3013116,253.06497
3013117,10.059012
3013118,9.833524
3013119,5.7361007
3013120,95.892876
3013121,4.943209
3013122,603.4136
3013123,396.6034
3013124,6.909816
3013125,10.121488
3013126,687.0189
3013127,188.06181
3013128,5238.5186
3013129,1.3023331
3013130,35.456615
3013131,0.46396276
3013132,0
3013133,0.061054345
3013134,479.30408
3013135,0
3013136,54.937622
3013137,0.057165828
3013138,150.3083
3013139,61.373474
3013140,52.030144
3013141,35.49837
3013142,6.7345862
3013143,980.7199
3013144,0.59214294
3013145,0
3013146,1.413986
3013147,0.9946209
3013148,0
3013149,13.237981
3013150,0
3013151,0
3013152,0.5423759
3013153,18.14
3013154,0
3013155,43.445854
3013156,50.811447
3013157,0
3013158,0
3013159,33.295296
3013160,4.2534075
3013161,203.07132
3013162,0
3013163,0.52545536
3013164,1.7981279
3013165,0
3013166,1.0531998
3013167,1606.992
3013168,0
3013169,163.44635
3013170,1.6538606
3013171,560.0391
3013172,223.44902
3013173,125.95782
3013174,69.25781
3013175,42.557377
3013176,2166.835
3013177,2.7382998
3013178,0.19895121
3013179,7.2299366
3013180,5.2767215
3013181,0
3013182,88.65434
3013183,0.38121995
3013184,0.48036972
3013185,2.353787
3013186,29.85796
3013187,0.28274915
3013188,116.44943
3013189,133.71219
3013190,0.21384865
3013191,1.1058621
3013192,102.40066
3013193,31.116692
3013194,767.21796
3013195,0.25447217
3013196,1.8622973
3013197,2.1984065
3013198,0
3013199,0.74261177
3013200,1617.2468
3013201,0
3013202,190.0004
3013203,2.0292249
3013204,632.6215
3013205,246.36906
3013206,148.90477
3013207,83.36121
3013208,35.938942
3013209,2322.442
3013210,1.9942534
3013211,0.26475132
3013212,8.032785
3013213,5.9828434
3013214,0
3013215,129.54773
3013216,0.40395376
3013217,0.1376634
3013218,2.1419232
3013219,22.373468
3013220,0.34510332
3013221,132.34077
3013222,165.3625
3013223,0.26071647
3013224,1.3779554
3013225,117.23516
3013226,26.111584
3013227,613.56494
3013228,0.31211776
3013229,1.1412578
3013230,3.5076628
3013231,0.0049879258
3013232,3.5429778
3013233,4025.4143
3013234,0.061154258
3013235,676.6287
3013236,10.581149
3013237,1297.8899
3013238,1205.8955
3013239,264.9312
3013240,204.00772
3013241,167.8594
3013242,5190.476
3013243,26.65113
3013244,0.7747965
3013245,19.977129
3013246,15.485708
3013247,0.24025646
3013248,251.35326
3013249,9.909388
3013250,7.298194
3013251,4.7745934
3013252,72.3353
3013253,3.828875
3013254,476.69388
3013255,321.45184
3013256,6.1219697
3013257,8.286712
3013258,530.57745
3013259,132.68979
3013260,3153.091
3013261,1.0746295
3013262,31.67347
3013263,3.095201
3013264,0
3013265,4.982047
3013266,3170.6006
3013267,0.044179894
3013268,652.13934
3013269,11.256373
3013270,1085.0226
3013271,1115.8059
3013272,241.3809
3013273,200.1219
3013274,186.5314
3013275,4525.078
3013276,31.685173
3013277,0.6553658
3013278,16.440613
3013279,13.413403
3013280,0.17510608
3013281,206.69775
3013282,10.768626
3013283,10.023692
3013284,4.12246
3013285,85.309006
3013286,4.4617953
3013287,465.6557
3013288,291.17456
3013289,6.891089
3013290,8.909204
3013291,524.5913
3013292,149.23953
3013293,3515.459
3013294,0.9987649
3013295,42.935345
3013296,5.355496
3013297,0.02391011
3013298,5.6521044
3013299,4609.108
3013300,0.08992023
3013301,801.72
3013302,16.564428
3013303,1576.8872
3013304,1448.8485
3013305,317.89154
3013306,234.5665
3013307,220.27515
3013308,5623.6416
3013309,34.407356
3013310,1.068979
3013311,31.105705
3013312,24.883318
3013313,0.31565836
3013314,353.7334
3013315,15.677237
3013316,14.1948395
3013317,6.850002
3013318,92.33959
3013319,7.173805
3013320,543.17096
3013321,379.5848
3013322,10.94102
3013323,13.667017
3013324,614.8132
3013325,174.15826
3013326,4322.5864
3013327,1.6037581
3013328,41.6282
3013329,5.800828
3013330,0.07538547
3013331,3.058908
3013332,3792.8967
3013333,0.10853653
3013334,599.0767
3013335,9.740251
3013336,1596.2361
3013337,872.60205
3013338,342.9893
3013339,194.05807
3013340,101.16872
3013341,5056.4556
3013342,9.67692
3013343,0.87018144
3013344,26.597612
3013345,20.522896
3013346,0.32916376
3013347,359.3387
3013348,3.8131409
3013349,2.4050846
3013350,6.1729217
3013351,44.910255
3013352,2.207809
3013353,373.20782
3013354,388.1823
3013355,2.660706
3013356,7.242137
3013357,353.12717
3013358,78.86626
3013359,1457.0614
3013360,1.1839268
3013361,7.7196436
3013362,2.4928987
3013363,0
3013364,3.0850039
3013365,1787.2405
3013366,0
3013367,313.11847
3013368,8.214394
3013369,568.246
3013370,536.5043
3013371,146.67004
3013372,121.30496
3013373,85.988625
3013374,2789.503
3013375,17.490421
3013376,0.3708653
3013377,12.027275
3013378,10.10632
3013379,0.032967627
3013380,133.46362
3013381,7.491975
3013382,6.283206
3013383,2.8561683
3013384,51.910168
3013385,3.0993886
3013386,233.03319
3013387,165.874
3013388,5.202887
3013389,6.6853757
3013390,245.93738
3013391,71.11827
3013392,1710.2007
3013393,0.5687225
3013394,20.719398
3013395,1.5044491
3013396,0
3013397,0.45190492
3013398,1148.2688
3013399,0
3013400,154.68703
3013401,2.1882167
3013402,487.49606
3013403,198.09854
3013404,124.212685
3013405,66.447624
3013406,22.311527
3013407,2072.4626
3013408,1.5227361
3013409,0.1683709
3013410,6.4169574
3013411,4.8178277
3013412,0.059810475
3013413,96.83379
3013414,0.44386157
3013415,0
3013416,2.1384714
3013417,11.79621
3013418,0.24056758
3013419,119.460884
3013420,136.80228
3013421,0.26725787
3013422,1.4088972
3013423,93.94407
3013424,18.03784
3013425,346.25272
3013426,0.076951094
3013427,0.93101203
3013428,5.1113853
3013429,0.11315031
3013430,1.9768541
3013431,3793.6604
3013432,0.16702117
3013433,456.62277
3013434,8.905743
3013435,1541.8502
3013436,728.81256
3013437,309.46494
3013438,150.75854
3013439,65.781654
3013440,5496.67
3013441,6.1714854
3013442,0.7767892
3013443,21.371527
3013444,16.610708
3013445,0.35914847
3013446,277.12
3013447,2.5488386
3013448,1.2976642
3013449,5.6536474
3013450,27.869284
3013451,1.6408198
3013452,309.57687
3013453,341.6085
3013454,1.8475757
3013455,6.509084
3013456,265.96402
3013457,54.04697
3013458,1190.029
3013459,0.9545115
3013460,4.282642
3013461,2.0593529
3013462,0.0021818802
3013463,0.49890572
3013464,1492.0006
3013465,0
3013466,201.84068
3013467,3.6238265
3013468,719.0536
3013469,277.68527
3013470,153.65536
3013471,69.35362
3013472,33.9827
3013473,2278.8652
3013474,2.3278272
3013475,0.2113582
3013476,10.413361
3013477,7.5880117
3013478,0.0012393518
3013479,129.63933
3013480,0.6095942
3013481,0.118491895
3013482,3.427701
3013483,17.948305
3013484,0.38573015
3013485,138.77365
3013486,166.50188
3013487,0.3505875
3013488,2.3508682
3013489,110.94243
3013490,29.754839
3013491,417.9936
3013492,0.25991392
3013493,1.1464434
3013494,1.6508434
3013495,0.0058748364
3013496,0.52798307
3013497,1292.8717
3013498,0
3013499,168.43124
3013500,3.1801095
3013501,583.6295
3013502,228.90758
3013503,127.684875
3013504,58.91549
3013505,27.76344
3013506,2126.2793
3013507,1.8741083
3013508,0.121487714
3013509,8.32673
3013510,6.0950513
3013511,0
3013512,107.238144
3013513,0.4962156
3013514,0.03989727
3013515,2.80874
3013516,16.040945
3013517,0.2619615
3013518,119.67844
3013519,140.7389
3013520,0.2585021
3013521,2.0327997
3013522,93.7796
3013523,24.815027
3013524,330.68552
3013525,0.124117136
3013526,1.0306993
3013527,2.2026002
3013528,0.005768392
3013529,0.44113216
3013530,1608.0051
3013531,0
3013532,210.9299
3013533,3.879146
3013534,746.6517
3013535,297.30667
3013536,173.31007
3013537,76.14233
3013538,35.12035
3013539,2407.7307
3013540,2.1892564
3013541,0.17342936
3013542,10.153759
3013543,7.457591
3013544,0.012236575
3013545,141.9468
3013546,0.5558133
3013547,0.06354244
3013548,3.4278011
3013549,18.615635
3013550,0.33045846
3013551,148.6528
3013552,190.2356
3013553,0.30663577
3013554,2.4662943
3013555,121.686676
3013556,31.568352
3013557,469.23523
3013558,0.18789572
3013559,1.1204517
3013560,2.2115035
3013561,0
3013562,0.83160937
3013563,1717.7134
3013564,0
3013565,210.46594
3013566,3.901338
3013567,769.4318
3013568,300.11618
3013569,158.40556
3013570,77.54553
3013571,37.481266
3013572,2593.1443
3013573,3.3131366
3013574,0.2844804
3013575,11.522543
3013576,8.288935
3013577,0.038076464
3013578,148.20625
3013579,0.9563775
3013580,0.37131318
3013581,3.5011902
3013582,20.91477
3013583,0.58781207
3013584,151.54034
3013585,172.04796
3013586,0.6018033
3013587,2.4803398
3013588,125.80832
3013589,32.103226
3013590,537.38513
3013591,0.3616282
3013592,2.2192354
3013593,3.0007305
3013594,0.014794252
3013595,0.51899195
3013596,1118.7253
3013597,0
3013598,150.85872
3013599,2.2908614
3013600,497.42776
3013601,200.50818
3013602,120.24299
3013603,55.526173
3013604,24.922268
3013605,1774.5693
3013606,1.6985052
3013607,0.060159888
3013608,7.259506
3013609,5.332629
3013610,0.053536538
3013611,117.28693
3013612,0.40647873
3013613,0.12885295
3013614,2.6341188
3013615,16.819424
3013616,0.13232288
3013617,103.45183
3013618,129.50087
3013619,0.1830439
3013620,1.3917072
3013621,81.28899
3013622,22.709768
3013623,434.55997
3013624,0
3013625,1.2032154
3013626,2.9415073
3013627,0.034266654
3013628,1.3964787
3013629,2955.367
3013630,0.06743134
3013631,344.3832
3013632,4.4112244
3013633,1029.449
3013634,532.1841
3013635,238.39024
3013636,137.94235
3013637,61.077206
3013638,4489.556
3013639,4.4115534
3013640,0.5131395
3013641,13.194803
3013642,9.618261
3013643,0.201278
3013644,186.28708
3013645,1.4384308
3013646,0.7630335
3013647,2.5393984
3013648,27.372066
3013649,0.93200266
3013650,255.2803
3013651,261.9925
3013652,1.0361211
3013653,2.9944897
3013654,232.01208
3013655,49.78573
3013656,940.31305
3013657,0.55682516
3013658,3.5072694
3013659,2.151489
3013660,0
3013661,0.955372
3013662,946.9935
3013663,0
3013664,111.79033
3013665,1.0200863
3013666,342.30484
3013667,161.75354
3013668,78.04498
3013669,47.25906
3013670,22.279507
3013671,1720.677
3013672,4.385818
3013673,0.22826144
3013674,7.7631226
3013675,6.9507747
3013676,0.18312664
3013677,53.14798
3013678,1.9469173
3013679,0.8452295
3013680,1.7929227
3013681,20.391935
3013682,0.13501601
3013683,80.595795
3013684,80.31521
3013685,1.4832237
3013686,0.758801
3013687,64.23693
3013688,20.032019
3013689,399.27286
3013690,0
3013691,4.045075
3013692,2.4320495
3013693,0.015598041
3013694,1.0429728
3013695,1623.5223
3013696,0.026296742
3013697,203.80263
3013698,4.574
3013699,721.9411
3013700,286.48987
3013701,145.77393
3013702,70.16359
3013703,33.52076
3013704,2692.1995
3013705,3.4061275
3013706,0.34084088
3013707,12.214804
3013708,9.07753
3013709,0.07664614
3013710,133.22328
3013711,1.2172196
3013712,0.44820288
3013713,3.4356265
3013714,18.66573
3013715,0.7289381
3013716,145.53064
3013717,159.25458
3013718,0.7978264
3013719,3.1379285
3013720,115.201836
3013721,28.7087
3013722,440.54736
3013723,0.4515748
3013724,2.1613474
3013725,3.1308117
3013726,0
3013727,3.524633
3013728,3122.639
3013729,0.051739745
3013730,524.64874
3013731,10.608711
3013732,958.88245
3013733,947.7981
3013734,206.81871
3013735,164.33821
3013736,127.134964
3013737,4492.3794
3013738,22.699036
3013739,0.6336194
3013740,17.216778
3013741,13.832723
3013742,0.19550173
3013743,198.37633
3013744,9.57939
3013745,7.512022
3013746,3.9882526
3013747,60.4221
3013748,4.022451
3013749,367.9979
3013750,246.72472
3013751,6.417343
3013752,8.49153
3013753,404.98694
3013754,102.498474
3013755,2823.1855
3013756,0.926059
3013757,27.110643
3013758,4.5147305
3013759,0
3013760,2.7380085
3013761,2500.5398
3013762,0.023063825
3013763,407.28687
3013764,4.8452134
3013765,1448.8438
3013766,532.4099
3013767,352.6987
3013768,172.24461
3013769,49.14264
3013770,4075.2004
3013771,10.634871
3013772,0.76907325
3013773,14.894526
3013774,11.647371
3013775,0.0743492
3013776,259.23633
3013777,2.5126166
3013778,2.3674488
3013779,3.875496
3013780,42.098194
3013781,1.6856899
3013782,274.93552
3013783,371.13766
3013784,1.8503981
3013785,3.7014408
3013786,214.08517
3013787,38.081005
3013788,1227.3618
3013789,1.0617845
3013790,7.877084
3013791,4.4100747
3013792,0
3013793,1.82446
3013794,2026.9784
3013795,0.008272193
3013796,361.58728
3013797,5.519877
3013798,1299.0511
3013799,490.13528
3013800,335.77582
3013801,138.85226
3013802,56.767403
3013803,3053.8145
3013804,7.7509937
3013805,0.8015224
3013806,18.781807
3013807,14.573691
3013808,0.0923578
3013809,277.6506
3013810,2.253157
3013811,1.4412549
3013812,3.4864092
3013813,51.02135
3013814,1.4774978
3013815,225.1035
3013816,353.99957
3013817,1.5744772
3013818,4.106877
3013819,167.07265
3013820,46.317093
3013821,1194.8479
3013822,1.13468
3013823,5.606961
3013824,2.395728
3013825,0
3013826,0.5520215
3013827,1032.7749
3013828,0
3013829,147.17393
3013830,2.4674506
3013831,569.1441
3013832,191.6266
3013833,147.90305
3013834,68.271645
3013835,27.964266
3013836,1833.9839
3013837,2.7790055
3013838,0.33946776
3013839,10.493923
3013840,8.109377
3013841,0.001908049
3013842,120.08099
3013843,0.70538604
3013844,0.30957204
3013845,1.8323457
3013846,19.400671
3013847,0.38231242
3013848,96.78767
3013849,155.7468
3013850,0.42803553
3013851,1.7022042
3013852,75.29931
3013853,23.526438
3013854,555.218
3013855,0.32892257
3013856,2.0292299
3013857,1.4416156
3013858,0
3013859,1.4909551
3013860,1684.0542
3013861,0
3013862,268.35565
3013863,4.483794
3013864,524.92053
3013865,421.93695
3013866,134.69897
3013867,101.77309
3013868,58.7133
3013869,2658.7764
3013870,10.239095
3013871,0.22610368
3013872,8.220966
3013873,6.198778
3013874,0.0019626182
3013875,91.53491
3013876,3.5594769
3013877,1.8302977
3013878,1.8764017
3013879,36.02076
3013880,1.1289091
3013881,202.82974
3013882,153.22911
3013883,1.8340068
3013884,3.173531
3013885,200.70805
3013886,49.255737
3013887,1136.0537
3013888,0.30021206
3013889,10.981864
3013890,3.9277854
3013891,0
3013892,4.1229143
3013893,3196.479
3013894,0
3013895,527.6132
3013896,10.807915
3013897,1091.8517
3013898,943.073
3013899,268.96475
3013900,188.41039
3013901,166.52617
3013902,4032.5205
3013903,22.606564
3013904,0.5450957
3013905,19.862362
3013906,15.7920475
3013907,0
3013908,199.58327
3013909,8.524995
3013910,9.742948
3013911,3.8404007
3013912,68.59448
3013913,3.701342
3013914,372.9271
3013915,306.7064
3013916,6.2307086
3013917,8.554656
3013918,401.908
3013919,133.90593
3013920,2526.7659
3013921,0.89894426
3013922,24.78592
3013923,2.1273603
3013924,0
3013925,1.5330002
3013926,900.5107
3013927,0.021132452
3013928,139.26192
3013929,2.0464938
3013930,278.55145
3013931,197.71385
3013932,83.57222
3013933,61.235622
3013934,35.095493
3013935,1514.9495
3013936,4.806052
3013937,0.24377663
3013938,6.4917026
3013939,6.0129366
3013940,0.11285271
3013941,33.546844
3013942,2.5352213
3013943,1.5089884
3013944,1.8769343
3013945,36.329338
3013946,0.5779644
3013947,107.49149
3013948,88.96233
3013949,2.112523
3013950,2.4413848
3013951,95.161545
3013952,31.001976
3013953,234.88336
3013954,0.18413559
3013955,3.8952408
3013956,2.2218277
3013957,0
3013958,0.77494013
3013959,1129.7736
3013960,0
3013961,154.25038
3013962,1.8539824
3013963,435.5649
3013964,205.15495
3013965,98.64862
3013966,59.967888
3013967,25.966825
3013968,1858.4014
3013969,2.1826215
3013970,0.13799521
3013971,6.372158
3013972,4.3662243
3013973,0
3013974,73.268776
3013975,0.5282258
3013976,0.37914586
3013977,1.9920065
3013978,19.882204
3013979,0.254283
3013980,115.054375
3013981,108.39079
3013982,0.2773684
3013983,1.156112
3013984,95.406395
3013985,21.658049
3013986,412.5699
3013987,0.08490425
3013988,1.5611
3013989,3.1560283
3013990,0.024541065
3013991,4.3210144
3013992,2858.8848
3013993,0.08626008
3013994,456.91702
3013995,9.232275
3013996,845.2636
3013997,840.6433
3013998,191.99289
3013999,152.99074
3014000,116.226746
3014001,4164.7593
3014002,18.162268
3014003,0.6430261
3014004,15.365557
3014005,12.485277
3014006,0.16560471
3014007,145.67458
3014008,7.541709
3014009,6.7804766
3014010,4.220735
3014011,60.691822
3014012,3.3981614
3014013,326.06665
3014014,224.68471
3014015,5.331675
3014016,7.3644733
3014017,352.33694
3014018,95.060356
3014019,2560.4958
3014020,0.98577976
3014021,20.362165
3014022,3.5619593
3014023,0.08257384
3014024,1.3261058
3014025,2998.291
3014026,0.11081589
3014027,366.28897
3014028,5.746268
3014029,1229.5321
3014030,562.2253
3014031,268.79745
3014032,138.83145
3014033,66.14662
3014034,4464.1646
3014035,4.1033497
3014036,0.5152415
3014037,15.156815
3014038,11.428754
3014039,0.18804125
3014040,202.13057
3014041,1.3076036
3014042,0.81153154
3014043,4.666649
3014044,34.6731
3014045,0.9203603
3014046,258.94983
3014047,296.6556
3014048,0.9365424
3014049,3.8413644
3014050,232.04008
3014051,55.168365
3014052,1061.8589
3014053,0.64080906
3014054,2.618276
3014055,3.963223
3014056,0
3014057,2.0813046
3014058,2102.5557
3014059,0.029574594
3014060,360.21588
3014061,4.436862
3014062,1303.7001
3014063,480.1942
3014064,317.6769
3014065,146.05289
3014066,48.51272
3014067,3437.54
3014068,6.2788453
3014069,0.6520829
3014070,14.214019
3014071,11.045212
3014072,0.007848443
3014073,251.88158
3014074,1.6537447
3014075,1.6354651
3014076,3.5413241
3014077,55.16772
3014078,1.2059915
3014079,236.20845
3014080,327.8328
3014081,1.2256458
3014082,3.2483063
3014083,179.22426
3014084,36.894695
3014085,1133.2513
3014086,0.9268
3014087,4.5426683
3014088,7.949088
3014089,0.16781525
3014090,8.897166
3014091,6561.409
3014092,0.28617436
3014093,1138.9293
3014094,26.607252
3014095,2186.4854
3014096,2103.4575
3014097,405.86948
3014098,302.12946
3014099,339.84344
3014100,8045.2
3014101,54.150013
3014102,1.5872865
3014103,42.94426
3014104,34.81451
3014105,0.6190003
3014106,509.75763
3014107,24.511421
3014108,23.977392
3014109,9.951247
3014110,122.97853
3014111,12.284566
3014112,748.9035
3014113,503.6685
3014114,17.395632
3014115,22.10584
3014116,875.7361
3014117,273.75586
3014118,6775.7427
3014119,2.7796848
3014120,75.280174
3014121,1.1828938
3014122,0
3014123,0.5676544
3014124,1292.7372
3014125,0
3014126,152.22122
3014127,1.6134765
3014128,478.19025
3014129,201.42491
3014130,112.52799
3014131,68.33513
3014132,28.17699
3014133,2033.5105
3014134,1.5688119
3014135,0.13750702
3014136,5.989909
3014137,4.180538
3014138,0
3014139,79.80935
3014140,0.2941072
3014141,0.094147354
3014142,2.0756693
3014143,19.202593
3014144,0.196794
3014145,119.03881
3014146,121.04298
3014147,0.14258148
3014148,0.99691
3014149,100.74818
3014150,23.642475
3014151,424.8378
3014152,0.123592965
3014153,0.9359853
3014154,3.4958458
3014155,0.061813273
3014156,1.0824018
3014157,2659.5818
3014158,0.08175633
3014159,320.80286
3014160,5.3930974
3014161,1124.556
3014162,472.04776
3014163,253.56459
3014164,116.7166
3014165,50.101437
3014166,4048.23
3014167,3.35856
3014168,0.45829874
3014169,14.09722
3014170,10.790327
3014171,0.19705158
3014172,211.84836
3014173,1.1504495
3014174,0.56273997
3014175,4.8120937
3014176,23.974884
3014177,0.78426147
3014178,224.54517
3014179,279.91107
3014180,0.825624
3014181,3.6191998
3014182,188.47235
3014183,42.764748
3014184,914.4306
3014185,0.4985285
3014186,1.9333224
3014187,0.73028445
3014188,0
3014189,0.19268882
3014190,859.93744
3014191,0
3014192,106.17396
3014193,0.98216844
3014194,329.25443
3014195,130.36539
3014196,80.50604
3014197,48.51078
3014198,16.70386
3014199,1468.2042
3014200,0.7794695
3014201,0
3014202,3.8745046
3014203,2.7521913
3014204,0
3014205,59.113205
3014206,0.0025807635
3014207,0
3014208,1.5077348
3014209,13.339606
3014210,0
3014211,84.68252
3014212,86.35841
3014213,0
3014214,0.55559087
3014215,67.3879
3014216,13.445084
3014217,279.8374
3014218,0
3014219,0.4043334
3014220,2.701459
3014221,0.04824922
3014222,0.7812815
3014223,1896.0859
3014224,0.04426583
3014225,229.07515
3014226,4.0040765
3014227,775.8807
3014228,305.01678
3014229,201.65138
3014230,91.0004
3014231,37.773434
3014232,2965.7478
3014233,1.9174097
3014234,0.21719094
3014235,9.990391
3014236,7.682461
3014237,0.10326098
3014238,156.66553
3014239,0.6560627
3014240,0.19633108
3014241,3.6940784
3014242,19.322304
3014243,0.4393578
3014244,165.61209
3014245,216.87222
3014246,0.43035355
3014247,2.654337
3014248,135.37613
3014249,32.643745
3014250,644.7345
3014251,0.2501168
3014252,0.94057274
3014253,4.0726047
3014254,0.11018251
3014255,1.3968105
3014256,2174.756
3014257,0.11427355
3014258,308.53485
3014259,7.1636696
3014260,1022.45575
3014261,431.56833
3014262,234.3103
3014263,97.67764
3014264,47.543316
3014265,3556.1873
3014266,3.86032
3014267,0.46943602
3014268,15.774313
3014269,12.430692
3014270,0.23289594
3014271,187.49884
3014272,1.4504068
3014273,0.5966189
3014274,5.232598
3014275,23.814465
3014276,0.92898583
3014277,200.08191
3014278,255.58307
3014279,0.9882288
3014280,5.0916667
3014281,159.5237
3014282,41.44005
3014283,684.31177
3014284,0.59221435
3014285,1.9595337
3014286,0.9382858
3014287,0
3014288,0.34256548
3014289,1117.928
3014290,0
3014291,126.679665
3014292,1.3194354
3014293,390.58084
3014294,155.7894
3014295,96.54648
3014296,58.57991
3014297,21.90541
3014298,1818.4299
3014299,0.93089604
3014300,0.056113917
3014301,4.8333297
3014302,3.46738
3014303,0
3014304,68.576836
3014305,0.07489066
3014306,0
3014307,1.7508845
3014308,16.27053
3014309,0.06369553
3014310,100.979866
3014311,104.7123
3014312,0
3014313,0.7754227
3014314,83.6878
3014315,17.74255
3014316,360.64658
3014317,0.04408089
3014318,0.49099377
3014319,3.1549382
3014320,0.014334962
3014321,1.2241433
3014322,2444.27
3014323,0.09035584
3014324,307.66306
3014325,3.8326817
3014326,941.66907
3014327,427.85428
3014328,212.96721
3014329,124.76486
3014330,64.74542
3014331,3812.3652
3014332,3.0988336
3014333,0.5254954
3014334,11.752271
3014335,9.070887
3014336,0.107049145
3014337,156.38557
3014338,0.7961621
3014339,0.7546812
3014340,3.7535424
3014341,33.469154
3014342,0.7013588
3014343,230.92345
3014344,237.10019
3014345,0.5836023
3014346,2.6134765
3014347,211.0336
3014348,46.85091
3014349,945.30444
3014350,0.6433108
3014351,1.9040549
3014352,3.277863
3014353,0.011785633
3014354,5.1903796
3014355,2463.1677
3014356,0.06873653
3014357,356.04114
3014358,11.732336
3014359,815.2393
3014360,613.53125
3014361,176.06181
3014362,129.78014
3014363,102.40756
3014364,3568.4514
3014365,26.084236
3014366,0.65178883
3014367,17.551516
3014368,13.7439785
3014369,0.23239388
3014370,204.81706
3014371,10.192603
3014372,9.240014
3014373,4.711465
3014374,60.157585
3014375,3.8957438
3014376,253.2744
3014377,197.6841
3014378,6.548117
3014379,9.241242
3014380,254.55739
3014381,87.93485
3014382,2597.0127
3014383,0.8877871
3014384,30.160515
3014385,3.037724
3014386,0.010194867
3014387,3.841751
3014388,2143.4443
3014389,0.05535651
3014390,309.2125
3014391,10.33166
3014392,805.65295
3014393,528.58154
3014394,159.10106
3014395,111.2623
3014396,82.046265
3014397,3150.6165
3014398,17.33003
3014399,0.5409827
3014400,20.262999
3014401,15.845461
3014402,0.21640244
3014403,208.92459
3014404,8.204271
3014405,5.976867
3014406,4.0104837
3014407,53.096703
3014408,3.6970778
3014409,214.62009
3014410,177.53444
3014411,5.6497226
3014412,8.162903
3014413,212.77936
3014414,71.45241
3014415,2384.3123
3014416,0.77017605
3014417,19.132051
3014418,3.6772432
3014419,0.038310293
3014420,3.4410634
3014421,2529.7302
3014422,0.07826585
3014423,349.97464
3014424,7.192419
3014425,1085.0112
3014426,551.0758
3014427,222.65982
3014428,130.11218
3014429,76.02254
3014430,3706.747
3014431,11.743946
3014432,0.72587
3014433,22.401913
3014434,16.404297
3014435,0.26676357
3014436,247.62018
3014437,4.0340953
3014438,3.2350755
3014439,5.4300017
3014440,41.069244
3014441,1.8187933
3014442,240.92908
3014443,242.85817
3014444,2.476344
3014445,5.0073977
3014446,217.54918
3014447,64.05052
3014448,1532.9646
3014449,0.8712342
3014450,10.636008
3014451,2.4741576
3014452,0
3014453,3.238453
3014454,2512.6655
3014455,0.031799756
3014456,425.02893
3014457,8.335141
3014458,770.923
3014459,748.78485
3014460,177.21149
3014461,143.80826
3014462,100.90355
3014463,3804.576
3014464,17.946512
3014465,0.5033206
3014466,13.408122
3014467,10.654374
3014468,0.15102191
3014469,152.79004
3014470,7.4896708
3014471,5.3154936
3014472,3.1010633
3014473,53.087185
3014474,2.9374273
3014475,309.6653
3014476,206.78334
3014477,4.8005924
3014478,6.56451
3014479,332.0488
3014480,81.98522
3014481,2232.5374
3014482,0.70882964
3014483,20.849041
3014484,3.0935335
3014485,0.052889466
3014486,0.81458604
3014487,2426.5728
3014488,0.06755043
3014489,279.99173
3014490,4.8865733
3014491,991.3808
3014492,400.82474
3014493,220.39851
3014494,104.457146
3014495,46.463444
3014496,3748.3389
3014497,2.7973452
3014498,0.36337027
3014499,12.240655
3014500,9.203685
3014501,0.12639526
3014502,172.34518
3014503,0.89909613
3014504,0.34913337
3014505,2.4110878
3014506,22.619951
3014507,0.6524098
3014508,201.08939
3014509,240.36688
3014510,0.6294575
3014511,3.2798758
3014512,171.86768
3014513,39.768406
3014514,680.3392
3014515,0.4488307
3014516,1.5687809
3014517,2.9247015
3014518,0
3014519,3.798112
3014520,2212.6116
3014521,0.017892731
3014522,325.0245
3014523,8.557855
3014524,824.1103
3014525,545.6534
3014526,163.15068
3014527,109.51466
3014528,75.9798
3014529,3131.7139
3014530,13.1608515
3014531,0.46299422
3014532,18.112898
3014533,14.082888
3014534,0.0786647
3014535,166.83415
3014536,6.4374647
3014537,5.2384405
3014538,4.1228666
3014539,43.9024
3014540,3.065896
3014541,225.70786
3014542,182.74837
3014543,4.681351
3014544,6.8169947
3014545,219.91827
3014546,63.973022
3014547,1829.2538
3014548,0.8054607
3014549,12.110159
3014550,3.6316447
3014551,0
3014552,3.2683973
3014553,1853.0088
3014554,0
3014555,311.59064
3014556,8.416995
3014557,812.22034
3014558,393.3362
3014559,230.80481
3014560,160.91096
3014561,78.74186
3014562,2949.8347
3014563,20.27758
3014564,0.906577
3014565,12.887526
3014566,9.715464
3014567,0.007253211
3014568,159.42691
3014569,8.382885
3014570,4.9124794
3014571,3.242577
3014572,79.5781
3014573,3.2607107
3014574,244.8009
3014575,239.77695
3014576,4.6682434
3014577,6.8796754
3014578,209.37923
3014579,62.578545
3014580,1045.6018
3014581,1.4129853
3014582,17.11644
3014583,2.45578
3014584,0.045179598
3014585,0.71496
3014586,2270.4026
3014587,0.052461646
3014588,233.35916
3014589,3.5807161
3014590,764.0438
3014591,336.95435
3014592,189.92354
3014593,98.05667
3014594,39.603714
3014595,3584.5447
3014596,1.8117654
3014597,0.21678738
3014598,9.108679
3014599,6.9957895
3014600,0.08164709
3014601,130.00482
3014602,0.6471696
3014603,0.22860937
3014604,3.0536923
3014605,22.251213
3014606,0.45402393
3014607,178.82166
3014608,205.35843
3014609,0.44444868
3014610,2.3654647
3014611,153.34425
3014612,33.160206
3014613,661.51025
3014614,0.27038226
3014615,1.0213258
3014616,10.040284
3014617,0.26774055
3014618,10.705018
3014619,8239.294
3014620,0.42737252
3014621,1449.7725
3014622,30.933321
3014623,2882.0312
3014624,2526.7708
3014625,495.0967
3014626,354.66376
3014627,409.28357
3014628,9663.072
3014629,54.620792
3014630,2.0431948
3014631,52.54293
3014632,42.757923
3014633,0.8427378
3014634,628.75635
3014635,28.74598
3014636,26.195797
3014637,12.117856
3014638,133.2469
3014639,16.03605
3014640,947.084
3014641,626.6429
3014642,21.152687
3014643,26.471281
3014644,1109.1494
3014645,319.9216
3014646,7770.0933
3014647,3.9109583
3014648,72.224144
3014649,6.971688
3014650,0.19054241
3014651,7.5212364
3014652,7109.6675
3014653,0.32026312
3014654,1257.6217
3014655,23.955534
3014656,2358.9282
3014657,2184.0437
3014658,409.87836
3014659,305.5079
3014660,326.15103
3014661,8684.89
3014662,47.292587
3014663,1.5540593
3014664,38.762936
3014665,31.567722
3014666,0.6575841
3014667,479.5648
3014668,21.714159
3014669,19.15598
3014670,9.108871
3014671,109.76658
3014672,11.507913
3014673,832.8203
3014674,525.1425
3014675,15.593586
3014676,20.188204
3014677,974.8919
3014678,254.1023
3014679,6468.1147
3014680,2.7055771
3014681,63.223656
3014682,5.7844553
3014683,0.14965586
3014684,5.2973213
3014685,5812.401
3014686,0.25403732
3014687,912.7686
3014688,18.000212
3014689,2013.1866
3014690,1650.2643
3014691,330.34723
3014692,232.65062
3014693,192.05023
3014694,7300.9165
3014695,27.939135
3014696,1.2521038
3014697,35.10473
3014698,28.021301
3014699,0.5446172
3014700,401.63162
3014701,14.961172
3014702,10.743314
3014703,7.1584787
3014704,78.33041
3014705,7.347353
3014706,596.61383
3014707,406.2843
3014708,10.393598
3014709,14.900287
3014710,671.8284
3014711,150.04195
3014712,4525.8335
3014713,1.9207113
3014714,32.365665
3014715,6.7178216
3014716,0.1770269
3014717,7.073163
3014718,6668.2173
3014719,0.29682952
3014720,1154.1768
3014721,22.649015
3014722,2257.394
3014723,2028.8214
3014724,389.92786
3014725,284.08984
3014726,283.11517
3014727,8200.346
3014728,40.46528
3014729,1.4794858
3014730,38.88059
3014731,31.418594
3014732,0.6201197
3014733,468.8858
3014734,20.553177
3014735,17.267534
3014736,8.674826
3014737,99.972786
3014738,10.64523
3014739,760.80035
3014740,495.2919
3014741,14.595774
3014742,19.03079
3014743,883.86426
3014744,219.90805
3014745,6024.1704
3014746,2.5255358
3014747,51.58355
3014748,4.922005
3014749,0.11643616
3014750,4.202579
3014751,5110.7695
3014752,0.20232919
3014753,797.00476
3014754,14.591216
3014755,1821.1458
3014756,1429.5474
3014757,301.91895
3014758,210.03723
3014759,156.34294
3014760,6550.591
3014761,21.524723
3014762,1.0505853
3014763,30.519085
3014764,23.984474
3014765,0.46098128
3014766,355.30606
3014767,11.101969
3014768,7.497382
3014769,6.147949
3014770,65.35947
3014771,5.099705
3014772,524.81396
3014773,369.10736
3014774,7.3730297
3014775,11.548751
3014776,577.37024
3014777,122.31277
3014778,3439.0684
3014779,1.5189891
3014780,23.912601
3014781,6.072125
3014782,0.10533429
3014783,6.7398067
3014784,6074.5776
3014785,0.20547119
3014786,1122.1156
3014787,21.891178
3014788,1989.7994
3014789,2028.6995
3014790,372.49637
3014791,285.86682
3014792,317.64957
3014793,7472.644
3014794,47.388546
3014795,1.2990232
3014796,32.73805
3014797,26.892569
3014798,0.46218982
3014799,390.8115
3014800,20.20913
3014801,18.759628
3014802,5.1644564
3014803,104.12714
3014804,10.104016
3014805,750.17224
3014806,470.99982
3014807,14.378211
3014808,18.396467
3014809,897.4115
3014810,244.52878
3014811,5761.855
3014812,2.178651
3014813,64.46213
3014814,3.227374
3014815,0.038276765
3014816,3.2864876
3014817,1984.7092
3014818,0.07538863
3014819,277.10184
3014820,8.524352
3014821,900.1892
3014822,459.2622
3014823,179.23999
3014824,100.589455
3014825,71.05148
3014826,2869.521
3014827,11.40161
3014828,0.5711752
3014829,22.586315
3014830,16.727325
3014831,0.25647017
3014832,236.7401
3014833,4.743043
3014834,3.2025084
3014835,4.761427
3014836,44.043606
3014837,1.782721
3014838,185.50133
3014839,197.6608
3014840,2.7493217
3014841,5.9442296
3014842,168.27321
3014843,63.92601
3014844,1770.2963
3014845,0.62150943
3014846,9.984148
3014847,5.188694
3014848,0.0888892
3014849,3.8907905
3014850,3874.8447
3014851,0.15092672
3014852,572.14325
3014853,15.32946
3014854,1566.1631
3014855,1060.6022
3014856,263.29727
3014857,160.131
3014858,122.37494
3014859,5195.013
3014860,19.610481
3014861,0.8410933
3014862,32.47951
3014863,25.762346
3014864,0.3594928
3014865,368.5152
3014866,10.230242
3014867,6.7444525
3014868,6.1057606
3014869,61.39766
3014870,5.2957344
3014871,367.62347
3014872,307.96478
3014873,7.185004
3014874,11.9984865
3014875,383.34552
3014876,100.702484
3014877,3444.0588
3014878,1.4321532
3014879,20.633207
3014880,3.9879875
3014881,0.10274245
3014882,6.316174
3014883,4578.78
3014884,0.18082985
3014885,772.4907
3014886,14.629241
3014887,1407.1404
3014888,1407.9196
3014889,281.12485
3014890,213.10265
3014891,200.98949
3014892,6042.3667
3014893,26.255503
3014894,0.82101417
3014895,23.68977
3014896,18.819767
3014897,0.30542296
3014898,233.52338
3014899,10.651624
3014900,10.482991
3014901,5.6035767
3014902,88.75602
3014903,5.585351
3014904,528.1615
3014905,343.081
3014906,7.7060165
3014907,11.461401
3014908,605.2306
3014909,160.43347
3014910,5214.285
3014911,1.3485992
3014912,34.01657
3014913,0.43315515
3014914,0
3014915,0.039947085
3014916,516.65625
3014917,0
3014918,54.32211
3014919,0.055152215
3014920,150.76245
3014921,60.226067
3014922,52.517483
3014923,35.417236
3014924,6.461143
3014925,1043.8959
3014926,0.57166326
3014927,0
3014928,1.3334751
3014929,0.95255554
3014930,0
3014931,12.023818
3014932,0
3014933,0
3014934,0.51799774
3014935,17.892721
3014936,0
3014937,42.953323
3014938,51.058548
3014939,0
3014940,0
3014941,33.27816
3014942,4.0723457
3014943,200.56123
3014944,0
3014945,0.4965965
3014946,1.7310448
3014947,0
3014948,0.790092
3014949,1454.9034
3014950,0
3014951,134.70506
3014952,1.6035707
3014953,490.96857
3014954,193.25528
3014955,95.280014
3014956,56.771973
3014957,37.703842
3014958,2076.783
3014959,2.7879672
3014960,0.221826
3014961,7.2915945
3014962,5.243757
3014963,0
3014964,80.82372
3014965,0.36564565
3014966,0.43767256
3014967,2.1590676
3014968,27.494795
3014969,0.27590102
3014970,97.14695
3014971,101.2231
3014972,0.19963418
3014973,1.0598199
3014974,87.436646
3014975,28.35009
3014976,748.8667
3014977,0.28200114
3014978,1.907058
3014979,2.1705003
3014980,0
3014981,0.7830553
3014982,1524.0245
3014983,0
3014984,161.02582
3014985,2.0120232
3014986,576.75696
3014987,217.77992
3014988,121.577675
3014989,69.47188
3014990,32.101505
3014991,2280.3584
3014992,1.8256192
3014993,0.29039487
3014994,8.483789
3014995,6.3326936
3014996,0
3014997,122.76878
3014998,0.40085748
3014999,0.07716022
3015000,2.1368196
3015001,22.151825
3015002,0.32557088
3015003,118.88436
3015004,133.07788
3015005,0.25029996
3015006,1.3358862
3015007,103.91941
3015008,24.590706
3015009,692.55566
3015010,0.3047782
3015011,1.035183
3015012,3.6061096
3015013,0.03021019
3015014,3.7843528
3015015,3896.9446
3015016,0.0957545
3015017,597.3995
3015018,11.756653
3015019,1175.9128
3015020,1125.616
3015021,232.6544
3015022,178.69223
3015023,142.9131
3015024,5300.255
3015025,25.452005
3015026,0.76553667
3015027,20.485582
3015028,16.238941
3015029,0.28130394
3015030,236.86732
3015031,10.505249
3015032,7.6503344
3015033,4.6707387
3015034,65.15692
3015035,4.301631
3015036,414.75775
3015037,278.09445
3015038,6.7866974
3015039,9.312329
3015040,458.6685
3015041,115.82548
3015042,3064.8086
3015043,1.0832758
3015044,30.250114
3015045,3.2401805
3015046,0.022654386
3015047,5.2330213
3015048,3006.976
3015049,0.07927335
3015050,578.2463
3015051,12.633854
3015052,964.6494
3015053,1031.7964
3015054,216.55788
3015055,179.90875
3015056,160.4467
3015057,4482.0083
3015058,30.10024
3015059,0.6512219
3015060,16.994001
3015061,14.124962
3015062,0.21891734
3015063,195.33463
3015064,11.252575
3015065,10.203649
3015066,4.0764675
3015067,77.215065
3015068,5.1049123
3015069,411.89047
3015070,260.67328
3015071,7.6397486
3015072,10.166033
3015073,463.25513
3015074,129.75014
3015075,3423.2625
3015076,1.0328913
3015077,40.79739
3015078,5.489637
3015079,0.05184615
3015080,6.0298142
3015081,4499.0522
3015082,0.12897564
3015083,706.3532
3015084,17.915743
3015085,1449.6674
3015086,1355.8474
3015087,280.14264
3015088,206.20572
3015089,186.9251
3015090,5767.3535
3015091,32.97062
3015092,1.063189
3015093,30.82782
3015094,25.085478
3015095,0.35583258
3015096,330.00708
3015097,16.049414
3015098,14.870317
3015099,6.835867
3015100,81.93831
3015101,7.833931
3015102,473.84668
3015103,333.55823
3015104,11.568779
3015105,14.8314495
3015106,532.34607
3015107,151.35403
3015108,4225.634
3015109,1.6777058
3015110,40.029305
3015111,5.576395
3015112,0.10147151
3015113,2.7072058
3015114,3617.0874
3015115,0.14880411
3015116,495.4131
3015117,10.534797
3015118,1528.3582
3015119,801.30286
3015120,308.62076
3015121,167.8983
3015122,86.868515
3015123,5190.1445
3015124,9.443965
3015125,0.8733698
3015126,27.343367
3015127,21.20263
3015128,0.37816897
3015129,340.02814
3015130,4.117138
3015131,2.550037
3015132,6.087438
3015133,40.25136
3015134,2.3843086
3015135,331.47284
3015136,349.00815
3015137,2.9190443
3015138,7.8244457
3015139,304.34717
3015140,70.996605
3015141,1667.4082
3015142,1.1840923
3015143,7.476902
3015144,2.2428138
3015145,0
3015146,2.7154188
3015147,1678.6282
3015148,0
3015149,305.4908
3015150,8.064344
3015151,525.3199
3015152,528.84143
3015153,142.0681
3015154,118.60316
3015155,86.087776
3015156,2635.5708
3015157,16.04198
3015158,0.2755439
3015159,10.639423
3015160,8.952862
3015161,0
3015162,119.80619
3015163,7.1201963
3015164,5.9590697
3015165,2.3948393
3015166,63.450157
3015167,3.0093408
3015168,224.29752
3015169,157.8674
3015170,4.996242
3015171,6.484915
3015172,240.58473
3015173,71.84722
3015174,2306.9497
3015175,0.513098
3015176,20.31064
3015177,1.2934167
3015178,0
3015179,0.3786932
3015180,1084.6715
3015181,0
3015182,156.10268
3015183,2.0067468
3015184,469.5737
3015185,252.49211
3015186,123.22476
3015187,69.3948
3015188,24.301823
3015189,1960.8966
3015190,1.3605208
3015191,0.11170637
3015192,5.760856
3015193,4.2899494
3015194,0.0040660687
3015195,91.72895
3015196,0.3815296
3015197,0
3015198,1.7981415
3015199,14.896929
3015200,0.22224012
3015201,123.284546
3015202,134.66333
3015203,0.22228602
3015204,1.2852345
3015205,99.2836
3015206,19.46659
3015207,337.57437
3015208,0.07804623
3015209,0.87204576
3015210,4.4740953
3015211,0.07772307
3015212,1.7972324
3015213,3412.545
3015214,0.1214299
3015215,464.52112
3015216,8.131796
3015217,1455.9327
3015218,964.51636
3015219,290.60712
3015220,150.44235
3015221,69.230515
3015222,4815.947
3015223,5.84937
3015224,0.64888763
3015225,19.013103
3015226,14.67383
3015227,0.27149764
3015228,256.40717
3015229,2.4110527
3015230,1.2454753
3015231,4.7643933
3015232,34.515133
3015233,1.5670004
3015234,322.1642
3015235,327.1982
3015236,1.7423482
3015237,5.957494
3015238,287.09518
3015239,56.84279
3015240,1123.5206
3015241,0.9437437
3015242,4.2848806
3015243,1.8033917
3015244,0
3015245,0.65807414
3015246,1388.4939
3015247,0
3015248,195.20602
3015249,3.330317
3015250,671.1585
3015251,362.3587
3015252,146.15417
3015253,69.772156
3015254,35.726505
3015255,2159.4626
3015256,2.067395
3015257,0.15587506
3015258,9.288159
3015259,6.713438
3015260,0
3015261,121.38086
3015262,0.5614463
3015263,0.0699826
3015264,2.9189658
3015265,19.80023
3015266,0.36004427
3015267,138.05344
3015268,159.0003
3015269,0.3110612
3015270,2.1573884
3015271,112.96983
3015272,31.239563
3015273,398.29456
3015274,0.24755599
3015275,1.1041853
3015276,1.4368072
3015277,0
3015278,0.46288842
3015279,1209.3077
3015280,0
3015281,166.35617
3015282,2.9182734
3015283,550.35236
3015284,294.75272
3015285,121.97794
3015286,60.230415
3015287,29.624311
3015288,2024.7855
3015289,1.6727812
3015290,0.07563981
3015291,7.5031595
3015292,5.443497
3015293,0
3015294,102.127914
3015295,0.4496061
3015296,0
3015297,2.3702214
3015298,17.734808
3015299,0.23885362
3015300,120.56689
3015301,135.21443
3015302,0.21976765
3015303,1.8639922
3015304,96.51053
3015305,26.339588
3015306,318.58463
3015307,0.13176201
3015308,0.99399495
3015309,1.9250216
3015310,0
3015311,0.39553744
3015312,1498.7849
3015313,0
3015314,209.398
3015315,3.565393
3015316,701.3286
3015317,378.737
3015318,164.78543
3015319,77.35991
3015320,37.031258
3015321,2277.912
3015322,1.9546592
3015323,0.12183241
3015324,9.157407
3015325,6.689188
3015326,0
3015327,135.31241
3015328,0.4997943
3015329,0.016068047
3015330,2.9166539
3015331,20.62014
3015332,0.2987264
3015333,147.83505
3015334,184.64592
3015335,0.25964606
3015336,2.2455273
3015337,123.823586
3015338,33.238598
3015339,450.83432
3015340,0.17754002
3015341,1.085571
3015342,1.9108901
3015343,0
3015344,0.74941254
3015345,1587.225
3015346,0
3015347,204.62538
3015348,3.5875983
3015349,709.57794
3015350,396.2479
3015351,149.79626
3015352,78.3045
3015353,40.18426
3015354,2422.0662
3015355,2.9888537
3015356,0.22070016
3015357,10.299448
3015358,7.3445644
3015359,0
3015360,141.55376
3015361,0.892903
3015362,0.2962937
3015363,2.9270573
3015364,24.80747
3015365,0.55509794
3015366,149.4353
3015367,165.34639
3015368,0.5502001
3015369,2.275638
3015370,127.91998
3015371,34.62878
3015372,518.12506
3015373,0.35675514
3015374,2.1519144
3015375,2.61766
3015376,0
3015377,0.42124194
3015378,1027.7385
3015379,0
3015380,142.97083
3015381,2.1783662
3015382,460.84293
3015383,246.75249
3015384,117.3368
3015385,56.027267
3015386,26.035315
3015387,1635.8335
3015388,1.4562244
3015389,0.021011949
3015390,6.660142
3015391,4.832413
3015392,0.008160028
3015393,109.208496
3015394,0.3630771
3015395,0.057449467
3015396,2.210884
3015397,18.737528
3015398,0.1204522
3015399,102.410614
3015400,124.456345
3015401,0.15082225
3015402,1.3056023
3015403,81.75631
3015404,23.601864
3015405,415.70963
3015406,0
3015407,1.116075
3015408,2.5592535
3015409,0.01025201
3015410,1.2463794
3015411,2683.9036
3015412,0.036372412
3015413,354.27695
3015414,4.066811
3015415,971.23236
3015416,698.6372
3015417,228.6408
3015418,140.23735
3015419,65.961525
3015420,4034.248
3015421,4.1331234
3015422,0.416351
3015423,11.603796
3015424,8.488168
3015425,0.13287541
3015426,173.45201
3015427,1.3445737
3015428,0.70618546
3015429,2.338675
3015430,34.476273
3015431,0.88523376
3015432,263.61356
3015433,253.69766
3015434,0.95818996
3015435,2.7573664
3015436,248.39874
3015437,54.083416
3015438,899.0602
3015439,0.5493908
3015440,3.4834127
3015441,1.8062797
3015442,0
3015443,0.830106
3015444,883.19745
3015445,0
3015446,110.31263
3015447,0.9899372
3015448,328.87024
3015449,242.03177
3015450,75.53795
3015451,47.49575
3015452,23.008877
3015453,1563.8303
3015454,4.133811
3015455,0.18134387
3015456,7.108941
3015457,6.19936
3015458,0.12622644
3015459,48.745792
3015460,1.9189055
3015461,0.7902205
3015462,1.4556887
3015463,23.76825
3015464,0.16565318
3015465,82.187195
3015466,77.44941
3015467,1.4328299
3015468,0.74170446
3015469,65.70785
3015470,20.777187
3015471,342.50903
3015472,0.03428811
3015473,3.9877582
3015474,2.1202235
3015475,0
3015476,0.94062114
3015477,1523.4553
3015478,0
3015479,201.08043
3015480,4.128438
3015481,677.0602
3015482,383.64984
3015483,138.8554
3015484,71.6444
3015485,36.046383
3015486,2540.3586
3015487,3.1846304
3015488,0.26576182
3015489,10.894446
3015490,8.029882
3015491,0.014151046
3015492,124.59107
3015493,1.1545851
3015494,0.39595255
3015495,2.8864162
3015496,21.770594
3015497,0.692003
3015498,147.86748
3015499,151.8777
3015500,0.7408805
3015501,2.8538456
3015502,120.17993
3015503,30.909302
3015504,418.14786
3015505,0.42566153
3015506,2.1578865
3015507,2.8061926
3015508,0
3015509,3.854814
3015510,2889.8586
3015511,0.016839907
3015512,517.1798
3015513,10.465879
3015514,898.0389
3015515,915.9584
3015516,195.36542
3015517,158.90382
3015518,127.47653
3015519,4082.71
3015520,21.208256
3015521,0.51057994
3015522,15.131096
3015523,12.237833
3015524,0.12251876
3015525,175.43242
3015526,9.170234
3015527,7.2227936
3015528,3.3730588
3015529,74.02236
3015530,3.9641294
3015531,359.4561
3015532,233.58444
3015533,6.251994
3015534,8.334304
3015535,403.07626
3015536,103.368034
3015537,3637.5164
3015538,0.8575932
3015539,26.959549
3015540,3.9834304
3015541,0
3015542,2.5299
3015543,2269.2114
3015544,0
3015545,357.1109
3015546,4.6175823
3015547,1318.1696
3015548,713.89417
3015549,311.78372
3015550,160.22714
3015551,50.66085
3015552,3649.114
3015553,9.82507
3015554,0.65317965
3015555,13.485676
3015556,10.43554
3015557,0.01835658
3015558,240.96864
3015559,2.4509132
3015560,2.2490623
3015561,3.503407
3015562,52.787144
3015563,1.5898674
3015564,253.32156
3015565,323.63455
3015566,1.8011382
3015567,3.514019
3015568,201.43948
3015569,39.276768
3015570,1081.6432
3015571,1.0133195
3015572,7.517192
3015573,4.064311
3015574,0
3015575,1.7951033
3015576,1754.3411
3015577,0
3015578,317.73602
3015579,5.4533615
3015580,1156.028
3015581,668.6
3015582,294.98932
3015583,125.10782
3015584,55.317368
3015585,2746.3975
3015586,7.8456593
3015587,0.7490792
3015588,17.37559
3015589,13.473818
3015590,0.052296486
3015591,252.20132
3015592,2.3554673
3015593,1.4222598
3015594,3.2520332
3015595,51.87797
3015596,1.474232
3015597,206.31522
3015598,310.29538
3015599,1.624227
3015600,4.063623
3015601,153.54044
3015602,46.536945
3015603,994.3418
3015604,1.1065006
3015605,5.860763
3015606,2.315362
3015607,0
3015608,0.54655814
3015609,927.38367
3015610,0
3015611,128.40561
3015612,2.4517097
3015613,521.53394
3015614,262.51907
3015615,132.48378
3015616,61.38558
3015617,26.143133
3015618,1642.2603
3015619,2.8088825
3015620,0.35485035
3015621,10.25205
3015622,7.9330006
3015623,0
3015624,112.39555
3015625,0.673077
3015626,0.27709442
3015627,1.7972884
3015628,19.604383
3015629,0.3761399
3015630,87.74993
3015631,138.20277
3015632,0.38914108
3015633,1.6954556
3015634,68.46144
3015635,22.677456
3015636,435.29
3015637,0.35608348
3015638,2.0956466
3015639,1.2637918
3015640,0
3015641,1.3020899
3015642,1572.756
3015643,0
3015644,266.19516
3015645,4.3682523
3015646,498.1106
3015647,434.89282
3015648,130.46515
3015649,102.194374
3015650,60.54588
3015651,2524.0662
3015652,9.59699
3015653,0.1567992
3015654,7.32129
3015655,5.553926
3015656,0
3015657,84.25459
3015658,3.521782
3015659,1.6778603
3015660,1.5471725
3015661,42.074303
3015662,1.0794079
3015663,200.35786
3015664,148.1682
3015665,1.7958791
3015666,3.0741606
3015667,203.373
3015668,51.106106
3015669,1504.0175
3015670,0.2631606
3015671,11.172222
3015672,3.5469255
3015673,0
3015674,3.7448044
3015675,2931.994
3015676,0
3015677,504.2678
3015678,10.460578
3015679,993.52344
3015680,908.45905
3015681,249.886
3015682,180.31293
3015683,160.13438
3015684,3739.603
3015685,21.27907
3015686,0.43045977
3015687,17.350008
3015688,13.855072
3015689,0
3015690,175.99757
3015691,8.135771
3015692,9.466402
3015693,3.5743794
3015694,79.902466
3015695,3.5011559
3015696,355.07645
3015697,285.9359
3015698,5.939718
3015699,8.2062645
3015700,389.93588
3015701,129.5595
3015702,3130.125
3015703,0.8021208
3015704,24.325367
3015705,1.8060956
3015706,0
3015707,1.3466661
3015708,832.4995
3015709,0
3015710,140.40886
3015711,2.065396
3015712,262.85327
3015713,200.59343
3015714,81.80008
3015715,61.481052
3015716,35.62785
3015717,1404.248
3015718,4.655561
3015719,0.18080083
3015720,5.9173036
3015721,5.335239
3015722,0.052257817
3015723,31.010319
3015724,2.5370212
3015725,1.5191171
3015726,1.5525045
3015727,38.455673
3015728,0.63316846
3015729,107.74429
3015730,86.751564
3015731,2.0356715
3015732,2.3712776
3015733,96.95026
3015734,31.379307
3015735,347.15814
3015736,0.20572211
3015737,3.996872
3015738,1.8954043
3015739,0
3015740,0.6824826
3015741,1057.1892
3015742,0
3015743,153.57169
3015744,1.7084332
3015745,408.73322
3015746,209.87679
3015747,97.09843
3015748,62.589367
3015749,28.012833
3015750,1772.3195
3015751,1.9684865
3015752,0.08160253
3015753,5.662721
3015754,3.854467
3015755,0
3015756,66.922615
3015757,0.49264917
3015758,0.3305917
3015759,1.6519127
3015760,22.661982
3015761,0.23541054
3015762,116.651
3015763,106.11132
3015764,0.24461149
3015765,1.0638554
3015766,98.61537
3015767,23.278355
3015768,514.3311
3015769,0.07037704
3015770,1.5134797
3015771,2.8353107
3015772,0
3015773,3.9265118
3015774,2642.409
3015775,0.04476092
3015776,455.27664
3015777,9.103732
3015778,801.8157
3015779,823.6788
3015780,182.91132
3015781,148.49867
3015782,115.80191
3015783,3840.0642
3015784,17.220331
3015785,0.5241835
3015786,13.643345
3015787,11.101603
3015788,0.0915601
3015789,127.52574
3015790,7.3688564
3015791,6.6822157
3015792,3.5960612
3015793,71.8483
3015794,3.3118677
3015795,319.86942
3015796,213.67738
3015797,5.229086
3015798,7.207843
3015799,353.463
3015800,95.46378
3015801,3422.0576
3015802,0.9101467
3015803,20.286646
3015804,3.1378665
3015805,0.052280128
3015806,1.2063816
3015807,2736.6208
3015808,0.073410496
3015809,367.49008
3015810,5.2246976
3015811,1149.3856
3015812,788.8229
3015813,252.52463
3015814,139.02556
3015815,69.44591
3015816,4043.8765
3015817,3.9308925
3015818,0.42044106
3015819,13.607993
3015820,10.168098
3015821,0.116694
3015822,186.38078
3015823,1.2366958
3015824,0.7771981
3015825,3.969809
3015826,40.379604
3015827,0.8617525
3015828,261.4821
3015829,281.74707
3015830,0.8609617
3015831,3.473978
3015832,242.5184
3015833,58.039265
3015834,987.59766
3015835,0.6119907
3015836,2.7122118
3015837,3.5326371
3015838,0
3015839,1.9892256
3015840,1895.8462
3015841,0
3015842,316.62076
3015843,4.162727
3015844,1178.0631
3015845,628.802
3015846,282.2508
3015847,136.12543
3015848,49.25133
3015849,3112.907
3015850,5.941621
3015851,0.5839001
3015852,12.932246
3015853,10.02711
3015854,0
3015855,233.61331
3015856,1.6804724
3015857,1.5784316
3015858,3.2364073
3015859,61.859436
3015860,1.1451159
3015861,218.87857
3015862,293.34933
3015863,1.2330306
3015864,3.0619068
3015865,168.17122
3015866,38.65501
3015867,982.65845
3015868,0.86613333
3015869,4.4535155
3015870,7.290806
3015871,0.124911316
3015872,8.331905
3015873,5770.479
3015874,0.22555082
3015875,1078.962
3015876,25.438557
3015877,1994.8436
3015878,1922.8978
3015879,368.9981
3015880,279.70874
3015881,327.51074
3015882,6969.3755
3015883,51.740658
3015884,1.3640878
3015885,38.038734
3015886,30.849506
3015887,0.5154877
3015888,434.53006
3015889,22.617743
3015890,23.083723
3015891,8.50417
3015892,142.87344
3015893,11.743539
3015894,709.9616
3015895,465.96844
3015896,16.197975
3015897,21.070131
3015898,831.1152
3015899,264.05515
3015900,8256.082
3015901,2.6488295
3015902,75.9714
3015903,1.0376728
3015904,0
3015905,0.5126395
3015906,1213.7742
3015907,0
3015908,153.27237
3015909,1.4905596
3015910,439.7312
3015911,252.8321
3015912,112.313126
3015913,70.23594
3015914,30.85212
3015915,1938.5438
3015916,1.4525094
3015917,0.097451165
3015918,5.321534
3015919,3.6843486
3015920,0
3015921,74.402954
3015922,0.26650974
3015923,0.05463778
3015924,1.765239
3015925,21.677845
3015926,0.17661357
3015927,119.96494
3015928,121.63596
3015929,0.11710061
3015930,0.91098225
3015931,103.468666
3015932,25.927134
3015933,406.81152
3015934,0.10666092
3015935,0.9449458
3015936,3.0685878
3015937,0.034034174
3015938,0.97401583
3015939,2454.022
3015940,0.048343536
3015941,320.56372
3015942,4.9343
3015943,1067.4
3015944,658.9755
3015945,240.28265
3015946,119.2275
3015947,53.10511
3015948,3696.2847
3015949,3.1521459
3015950,0.36972445
3015951,12.641105
3015952,9.585386
3015953,0.12643512
3015954,197.90619
3015955,1.0575476
3015956,0.521716
3015957,4.1360073
3015958,28.18129
3015959,0.7346201
3015960,228.9908
3015961,268.88263
3015962,0.74672663
3015963,3.2914329
3015964,198.57047
3015965,45.261818
3015966,863.2003
3015967,0.48997813
3015968,1.9472635
3015969,0.64132404
3015970,0
3015971,0.15680881
3015972,806.2178
3015973,0
3015974,107.96099
3015975,0.88588154
3015976,316.33585
3015977,161.5549
3015978,81.322624
3015979,50.27108
3015980,18.560032
3015981,1397.6741
3015982,0.70015204
3015983,0
3015984,3.4790196
3015985,2.4571874
3015986,0
3015987,54.93538
3015988,0
3015989,0
3015990,1.2689226
3015991,14.874401
3015992,0
3015993,86.41091
3015994,87.312294
3015995,0
3015996,0.48865256
3015997,69.91779
3015998,14.82746
3015999,267.47522
3016000,0
3016001,0.393643
3016002,2.3833618
3016003,0.02265376
3016004,0.72095656
3016005,1758.4011
3016006,0.015411899
3016007,227.27348
3016008,3.6995711
3016009,734.92737
3016010,422.32776
3016011,195.98824
3016012,92.19777
3016013,39.888966
3016014,2750.0261
3016015,1.8007219
3016016,0.16187748
3016017,9.065822
3016018,6.9279447
3016019,0.04570684
3016020,147.22107
3016021,0.5954782
3016022,0.15969369
3016023,3.1975217
3016024,22.074522
3016025,0.40980265
3016026,166.35498
3016027,210.61534
3016028,0.37956482
3016029,2.4258575
3016030,139.50912
3016031,34.26537
3016032,610.24554
3016033,0.24443513
3016034,0.9635222
3016035,3.6130004
3016036,0.078647256
3016037,1.2858207
3016038,2014.9613
3016039,0.078224584
3016040,295.61664
3016041,6.6340194
3016042,956.11865
3016043,618.12286
3016044,219.25835
3016045,97.720375
3016046,49.130264
3016047,3263.1028
3016048,3.5582852
3016049,0.37854743
3016050,14.262947
3016051,11.134374
3016052,0.15620221
3016053,170.26749
3016054,1.3483961
3016055,0.53548
3016056,4.4472094
3016057,27.116495
3016058,0.8728436
3016059,198.77898
3016060,240.12462
3016061,0.9036225
3016062,4.6798506
3016063,163.4683
3016064,42.715076
3016065,632.15
3016066,0.5734935
3016067,1.9793129
3016068,0.83185124
3016069,0
3016070,0.2982062
3016071,1055.0549
3016072,0
3016073,125.95691
3016074,1.2252858
3016075,369.02017
3016076,191.57251
3016077,95.96775
3016078,59.63286
3016079,24.057055
3016080,1753.8506
3016081,0.87379205
3016082,0.030421278
3016083,4.362294
3016084,3.1063466
3016085,0
3016086,63.06192
3016087,0.061877895
3016088,0
3016089,1.4847755
3016090,17.921196
3016091,0.05071123
3016092,101.71435
3016093,104.89524
3016094,0
3016095,0.70602024
3016096,85.52612
3016097,19.378775
3016098,338.85883
3016099,0.03040878
3016100,0.51173854
3016101,2.8170843
3016102,0
3016103,1.1775384
3016104,2205.0974
3016105,0.02718821
3016106,287.7508
3016107,3.503807
3016108,858.7301
3016109,545.0849
3016110,192.39473
3016111,114.92142
3016112,65.00444
3016113,3389.3674
3016114,3.0853534
3016115,0.46102783
3016116,10.928235
3016117,8.249214
3016118,0.04253784
3016119,146.08598
3016120,0.8202604
3016121,0.694397
3016122,3.265202
3016123,37.427147
3016124,0.7079642
3016125,217.67365
3016126,215.69212
3016127,0.5969877
3016128,2.3918216
3016129,202.16884
3016130,47.622383
3016131,885.4429
3016132,0.6188886
3016133,2.0251215
3016134,2.9092522
3016135,0
3016136,4.5565305
3016137,2236.5305
3016138,0.03747021
3016139,337.00204
3016140,11.560137
3016141,728.43054
3016142,587.6644
3016143,167.5251
3016144,125.38949
3016145,101.125465
3016146,3277.2034
3016147,24.51692
3016148,0.543543
3016149,15.462282
3016150,12.02534
3016151,0.16404985
3016152,183.57321
3016153,9.746283
3016154,8.820726
3016155,3.979494
3016156,71.3358
3016157,3.8969908
3016158,239.60272
3016159,186.03683
3016160,6.4383516
3016161,9.136592
3016162,242.06783
3016163,87.89372
3016164,3199.9846
3016165,0.83074355
3016166,29.747389
3016167,2.7158778
3016168,0
3016169,3.3709998
3016170,1927.2576
3016171,0.02347424
3016172,293.03006
3016173,10.118616
3016174,712.8416
3016175,514.18665
3016176,150.37889
3016177,108.4509
3016178,80.82501
3016179,2888.081
3016180,15.930845
3016181,0.43476853
3016182,17.675232
3016183,13.920141
3016184,0.14400202
3016185,186.01445
3016186,8.022983
3016187,5.645226
3016188,3.28433
3016189,61.905796
3016190,3.659727
3016191,204.0744
3016192,166.44702
3016193,5.5594177
3016194,7.99586
3016195,204.42282
3016196,71.0226
3016197,2807.626
3016198,0.721725
3016199,18.734144
3016200,3.2333117
3016201,0.013794419
3016202,3.0915713
3016203,2287.7075
3016204,0.04663281
3016205,321.82553
3016206,6.85642
3016207,979.7799
3016208,692.48126
3016209,205.63463
3016210,124.64924
3016211,76.90932
3016212,3359.0398
3016213,10.893182
3016214,0.60747194
3016215,19.443129
3016216,14.219995
3016217,0.19658847
3016218,225.6537
3016219,3.890112
3016220,2.9966922
3016221,4.5564275
3016222,50.29349
3016223,1.7597489
3016224,230.28842
3016225,225.5411
3016226,2.3946402
3016227,4.8181148
3016228,212.14513
3016229,65.67564
3016230,1513.4243
3016231,0.83914316
3016232,10.429936
3016233,2.2045634
3016234,0
3016235,2.8680465
3016236,2310.7498
3016237,0
3016238,422.39438
3016239,8.271593
3016240,733.38495
3016241,735.8934
3016242,169.91049
3016243,140.51665
3016244,102.254425
3016245,3498.5374
3016246,16.824812
3016247,0.39726675
3016248,11.911348
3016249,9.509959
3016250,0.08233343
3016251,136.45583
3016252,7.2785034
3016253,5.1456714
3016254,2.6062033
3016255,64.69766
3016256,2.9055202
3016257,304.3578
3016258,197.93948
3016259,4.734944
3016260,6.478723
3016261,332.77408
3016262,83.621635
3016263,2862.1077
3016264,0.6556884
3016265,20.864256
3016266,2.7126482
3016267,0.02548074
3016268,0.74379003
3016269,2216.4338
3016270,0.03458767
3016271,280.83228
3016272,4.5142674
3016273,934.89886
3016274,558.9775
3016275,211.21375
3016276,105.12165
3016277,50.04001
3016278,3426.036
3016279,2.6382792
3016280,0.28786987
3016281,11.045898
3016282,8.281647
3016283,0.060962867
3016284,162.52217
3016285,0.83136654
3016286,0.30637482
3016287,3.4817705
3016288,26.293667
3016289,0.61699677
3016290,202.4787
3016291,230.84814
3016292,0.5723827
3016293,3.0038395
3016294,177.07872
3016295,42.7778
3016296,645.8088
3016297,0.43622464
3016298,1.596709
3016299,2.6178799
3016300,0
3016301,3.434606
3016302,2059.5627
3016303,0
3016304,314.32516
3016305,8.251088
3016306,747.15625
3016307,544.10406
3016308,153.4491
3016309,107.60148
3016310,76.35173
3016311,2934.3345
3016312,12.428835
3016313,0.35736454
3016314,15.782747
3016315,12.315055
3016316,0.010697991
3016317,146.61203
3016318,6.2819924
3016319,5.13664
3016320,3.4286184
3016321,52.147564
3016322,2.960613
3016323,218.088
3016324,172.87193
3016325,4.5617433
3016326,6.5264487
3016327,216.60654
3016328,64.9016
3016329,2209.4746
3016330,0.742738
3016331,12.059645
3016332,3.3847723
3016333,0
3016334,3.1251636
3016335,1620.0651
3016336,0
3016337,284.63004
3016338,8.259169
3016339,701.51117
3016340,356.4781
3016341,210.19467
3016342,150.99507
3016343,81.341545
3016344,2613.867
3016345,20.106968
3016346,0.8137528
3016347,12.2095585
3016348,9.116391
3016349,0
3016350,149.69672
3016351,8.245779
3016352,4.971656
3016353,3.0484586
3016354,82.87899
3016355,3.1736164
3016356,224.83316
3016357,216.64793
3016358,4.608922
3016359,6.748479
3016360,193.97261
3016361,66.210464
3016362,1237.9083
3016363,1.3420045
3016364,17.259077
3016365,2.1719353
3016366,0.014950046
3016367,0.66276145
3016368,2145.8628
3016369,0.016382566
3016370,242.31238
3016371,3.2604556
3016372,761.6661
3016373,492.24496
3016374,185.29655
3016375,100.12634
3016376,42.455288
3016377,3324.1057
3016378,1.7679608
3016379,0.16025382
3016380,8.297361
3016381,6.3252816
3016382,0.023876378
3016383,120.300064
3016384,0.58846986
3016385,0.19413647
3016386,2.6283615
3016387,25.337248
3016388,0.41295117
3016389,183.892
3016390,200.6816
3016391,0.38928324
3016392,2.1294887
3016393,162.14873
3016394,35.486946
3016395,611.5118
3016396,0.25416437
3016397,1.080353
3016398,9.186526
3016399,0.2107473
3016400,10.146552
3016401,7164.0977
3016402,0.3473828
3016403,1342.6711
3016404,29.064651
3016405,2585.384
3016406,2290.6167
3016407,442.25293
3016408,323.71426
3016409,392.1995
3016410,8248.919
3016411,51.73671
3016412,1.7651851
3016413,46.887386
3016414,38.125717
3016415,0.7139045
3016416,526.8983
3016417,26.705969
3016418,24.871048
3016419,10.333206
3016420,153.41322
3016421,15.174398
3016422,879.52057
3016423,574.7378
3016424,19.71666
3016425,24.782139
3016426,1028.2728
3016427,308.1164
3016428,9389.173
3016429,3.745677
3016430,72.13865
3016431,6.35036
3016432,0.14499661
3016433,7.040513
3016434,6205.839
3016435,0.25577322
3016436,1188.517
3016437,22.852472
3016438,2127.4045
3016439,1991.2247
3016440,370.129
3016441,282.97867
3016442,317.17935
3016443,7485.156
3016444,44.782772
3016445,1.3317509
3016446,34.379086
3016447,28.024511
3016448,0.548656
3016449,405.71237
3016450,20.337885
3016451,18.35066
3016452,7.680891
3016453,127.87364
3016454,11.03976
3016455,783.85333
3016456,489.3549
3016457,14.734943
3016458,19.21262
3016459,918.1301
3016460,248.62885
3016461,7869.491
3016462,2.5747542
3016463,63.43863
3016464,5.179591
3016465,0.10828386
3016466,4.907628
3016467,5131.364
3016468,0.19686443
3016469,874.30414
3016470,17.112087
3016471,1839.6697
3016472,1528.262
3016473,298.94296
3016474,218.06448
3016475,191.93005
3016476,6344.673
3016477,25.73027
3016478,1.0605812
3016479,31.060429
3016480,24.69603
3016481,0.44502488
3016482,347.9992
3016483,14.301357
3016484,10.435445
3016485,5.9236097
3016486,96.34166
3016487,7.1300898
3016488,570.35925
3016489,376.25052
3016490,9.981752
3016491,14.173303
3016492,647.75104
3016493,151.10745
3016494,5483.6196
3016495,1.8008747
3016496,31.431301
3016497,6.100482
3016498,0.13122849
3016499,6.6102877
3016500,5859.6445
3016501,0.2330058
3016502,1097.8882
3016503,21.539707
3016504,2046.792
3016505,1864.4696
3016506,350.36615
3016507,263.30585
3016508,277.08554
3016509,7111.0034
3016510,37.90989
3016511,1.2631581
3016512,34.439903
3016513,27.83729
3016514,0.5136883
3016515,397.81885
3016516,19.092066
3016517,16.67226
3016518,7.3381968
3016519,118.685425
3016520,10.225742
3016521,721.11633
3016522,456.15103
3016523,13.811739
3016524,18.083715
3016525,840.7324
3016526,216.51462
3016527,7198.256
3016528,2.4071927
3016529,51.081898
3016530,4.3848205
3016531,0.07855655
3016532,3.869534
3016533,4553.3394
3016534,0.15086009
3016535,770.8339
3016536,13.849162
3016537,1669.9137
3016538,1342.0446
3016539,273.8435
3016540,198.1197
3016541,157.59592
3016542,5752.223
3016543,19.710672
3016544,0.8820232
3016545,26.94243
3016546,21.098475
3016547,0.36859587
3016548,310.6224
3016549,10.40103
3016550,7.073736
3016551,5.0664177
3016552,81.27875
3016553,4.9830384
3016554,507.11856
3016555,341.56912
3016556,7.1139965
3016557,10.938486
3016558,565.4727
3016559,123.979805
3016560,4085.667
3016561,1.405879
3016562,23.113323
3016563,5.5513825
3016564,0.066584475
3016565,6.2471685
3016566,5390.5923
3016567,0.1506508
3016568,1072.2001
3016569,20.836506
3016570,1814.7301
3016571,1858.5016
3016572,340.09872
3016573,266.47125
3016574,312.37177
3016575,6557.0547
3016576,44.74927
3016577,1.0957465
3016578,29.041573
3016579,23.866653
3016580,0.36217242
3016581,337.36972
3016582,18.50822
3016583,17.928303
3016584,4.8072705
3016585,122.54142
3016586,9.62519
3016587,714.37256
3016588,439.9822
3016589,13.383664
3016590,17.437212
3016591,855.2415
3016592,240.60881
3016593,7376.351
3016594,2.0455089
3016595,64.53728
3016596,4.713438
3016597,0.016272103
3016598,2.8079698
3016599,1778.2001
3016600,0.048017036
3016601,259.26315
3016602,8.251518
3016603,798.76245
3016604,431.5605
3016605,170.64807
3016606,99.47132
3016607,70.09544
3016608,2623.503
3016609,10.553634
3016610,0.4746251
3016611,19.971798
3016612,14.808366
3016613,0.18920277
3016614,213.90106
3016615,4.77347
3016616,2.9444797
3016617,3.9070363
3016618,51.698486
3016619,1.7895935
3016620,177.0473
3016621,184.85867
3016622,2.7740037
3016623,5.839577
3016624,161.05255
3016625,63.55156
3016626,2068.2058
3016627,0.5975001
3016628,9.695725
3016629,4.6299405
3016630,0.05452307
3016631,4.24961
3016632,3496.849
3016633,0.105983466
3016634,552.33453
3016635,14.415541
3016636,1419.5272
3016637,1013.6054
3016638,236.86234
3016639,150.83179
3016640,120.28497
3016641,4636.4297
3016642,17.698338
3016643,0.69498205
3016644,28.6394
3016645,22.66167
3016646,0.2712485
3016647,319.52304
3016648,9.807875
3016649,6.333972
3016650,4.933542
3016651,72.64174
3016652,5.126705
3016653,348.10306
3016654,278.28018
3016655,6.9363317
3016656,11.282695
3016657,372.16116
3016658,99.75726
3016659,4146.0737
3016660,1.3338883
3016661,19.878017
3016662,3.6475224
3016663,0.06863638
3016664,5.7721825
3016665,4156.266
3016666,0.1336449
3016667,756.38477
3016668,14.744014
3016669,1299.8008
3016670,1329.0841
3016671,262.55112
3016672,204.03647
3016673,195.14148
3016674,5418.1973
3016675,25.36281
3016676,0.6887628
3016677,20.870184
3016678,16.785519
3016679,0.22338903
3016680,198.50519
3016681,10.618158
3016682,10.338665
3016683,4.773529
3016684,98.87849
3016685,5.4771023
3016686,513.0851
3016687,322.79138
3016688,7.6013308
3016689,11.352904
3016690,594.3893
3016691,155.98135
3016692,6776.3184
3016693,1.2575064
3016694,34.600063
3016695,0.48238227
3016696,0
3016697,0.07112238
3016698,498.06036
3016699,0
3016700,52.26986
3016701,0.056701586
3016702,143.15115
3016703,58.125698
3016704,49.42611
3016705,33.664215
3016706,6.8913994
3016707,975.599
3016708,0.57507193
3016709,0
3016710,1.297909
3016711,0.9411845
3016712,0
3016713,12.451515
3016714,0
3016715,0
3016716,0.5709592
3016717,18.048737
3016718,0
3016719,40.590427
3016720,48.96704
3016721,0
3016722,0
3016723,31.460442
3016724,4.5227933
3016725,386.6604
3016726,0
3016727,0.49482125
3016728,1.6249919
3016729,0
3016730,0.801723
3016731,1298.4395
3016732,0
3016733,125.42668
3016734,1.5754414
3016735,434.26495
3016736,179.09857
3016737,91.865326
3016738,55.19687
3016739,38.251553
3016740,1875.0931
3016741,2.6895661
3016742,0.20173828
3016743,6.549937
3016744,4.741052
3016745,0
3016746,77.089294
3016747,0.40178072
3016748,0.3448837
3016749,1.84548
3016750,30.303528
3016751,0.30509678
3016752,92.40117
3016753,96.03376
3016754,0.23273242
3016755,1.054086
3016756,81.65125
3016757,29.037525
3016758,901.3287
3016759,0.27495316
3016760,1.8956602
3016761,1.9304738
3016762,0
3016763,0.729478
3016764,1374.0238
3016765,0
3016766,150.80037
3016767,1.8914146
3016768,512.915
3016769,253.45973
3016770,117.4056
3016771,68.63601
3016772,33.358345
3016773,2074.0957
3016774,1.6614656
3016775,0.23979875
3016776,7.5512733
3016777,5.5913186
3016778,0
3016779,116.9761
3016780,0.39194956
3016781,0.00041949603
3016782,1.9993079
3016783,26.518589
3016784,0.3199495
3016785,115.33423
3016786,126.60279
3016787,0.23872545
3016788,1.2496414
3016789,101.401855
3016790,25.866808
3016791,650.30194
3016792,0.29847407
3016793,0.9986031
3016794,3.22196
3016795,0.003552937
3016796,3.4300914
3016797,3522.1792
3016798,0.058542043
3016799,590.93036
3016800,11.578267
3016801,1099.9824
3016802,1072.7166
3016803,217.42332
3016804,171.70792
3016805,143.0656
3016806,4734.393
3016807,23.783182
3016808,0.632499
3016809,18.085794
3016810,14.331568
3016811,0.2048413
3016812,208.03558
3016813,10.089772
3016814,7.392535
3016815,3.92975
3016816,79.94931
3016817,4.2504735
3016818,404.11575
3016819,262.3686
3016820,6.634032
3016821,9.127033
3016822,454.77393
3016823,116.56996
3016824,3761.2297
3016825,1.0120087
3016826,30.302626
3016827,2.9395118
3016828,0
3016829,4.742449
3016830,2766.9805
3016831,0.044016965
3016832,566.2103
3016833,12.693561
3016834,908.36755
3016835,989.83984
3016836,205.817
3016837,173.96352
3016838,159.20354
3016839,4093.637
3016840,29.03941
3016841,0.5319046
3016842,15.038969
3016843,12.51398
3016844,0.14573798
3016845,170.43924
3016846,10.865052
3016847,9.999243
3016848,3.4958897
3016849,90.216606
3016850,5.0772123
3016851,402.33475
3016852,248.47772
3016853,7.456167
3016854,10.106598
3016855,458.59946
3016856,129.12984
3016857,4706.117
3016858,0.9676082
3016859,42.078987
3016860,4.9776187
3016861,0.01817521
3016862,5.5437193
3016863,4067.0918
3016864,0.0820703
3016865,684.32153
3016866,17.227596
3016867,1339.4598
3016868,1271.8242
3016869,256.3592
3016870,194.41528
3016871,183.40247
3016872,5165.583
3016873,30.577168
3016874,0.8880788
3016875,27.181406
3016876,22.110949
3016877,0.2681964
3016878,288.00357
3016879,14.919515
3016880,14.314302
3016881,5.762431
3016882,100.327286
3016883,7.566987
3016884,454.08594
3016885,308.38022
3016886,10.917152
3016887,14.188577
3016888,519.1142
3016889,149.0888
3016890,5324.994
3016891,1.5661976
3016892,39.06153
3016893,4.926556
3016894,0.067303814
3016895,2.8232903
3016896,3262.583
3016897,0.105410665
3016898,480.7241
3016899,9.629016
3016900,1412.7683
3016901,1018.0948
3016902,283.9754
3016903,163.47568
3016904,88.32786
3016905,4583.4688
3016906,8.88161
3016907,0.73334813
3016908,24.257795
3016909,18.609688
3016910,0.2941672
3016911,307.5861
3016912,3.916769
3016913,2.4187093
3016914,5.109468
3016915,50.168236
3016916,2.281741
3016917,332.45847
3016918,324.6558
3016919,2.7850747
3016920,7.1490498
3016921,315.45322
3016922,72.45412
3016923,1583.6158
3016924,1.1217792
3016925,7.4592648
3016926,2.4325047
3016927,0
3016928,3.5144548
3016929,1805.1183
3016930,0
3016931,336.1576
3016932,9.467055
3016933,594.74
3016934,558.60406
3016935,167.49739
3016936,142.04457
3016937,96.84756
3016938,2828.3157
3016939,18.291132
3016940,0.29821306
3016941,11.648158
3016942,9.834293
3016943,0
3016944,122.95394
3016945,7.9569206
3016946,7.3960657
3016947,3.0629115
3016948,96.65021
3016949,3.8004198
3016950,257.71216
3016951,179.52486
3016952,5.8294954
3016953,7.6866035
3016954,270.06866
3016955,80.81947
3016956,2331.9893
3016957,0.64287484
3016958,22.24394
3016959,1.2871819
3016960,0
3016961,0.44962388
3016962,1093.7758
3016963,0
3016964,145.54391
3016965,2.191309
3016966,444.61353
3016967,207.97469
3016968,116.269745
3016969,67.53421
3016970,22.651953
3016971,2004.5344
3016972,1.5049942
3016973,0.11590783
3016974,6.5050054
3016975,4.7264824
3016976,0.02916402
3016977,91.485374
3016978,0.46328196
3016979,0.012861149
3016980,2.0136645
3016981,22.61744
3016982,0.27506745
3016983,126.55072
3016984,124.35857
3016985,0.28543496
3016986,1.3946886
3016987,95.84627
3016988,18.43425
3016989,339.84476
3016990,0.10344092
3016991,0.92727983
3016992,4.613523
3016993,0.08917397
3016994,1.8770947
3016995,3529.7236
3016996,0.14740914
3016997,441.76852
3016998,8.837618
3016999,1438.0055
3017000,819.1826
3017001,279.0634
3017002,146.41304
3017003,64.8401
3017004,5001.4834
3017005,6.3847537
3017006,0.6772337
3017007,21.066269
3017008,16.291239
3017009,0.30797577
3017010,253.29538
3017011,2.8341732
3017012,1.5066519
3017013,5.1780944
3017014,50.7636
3017015,1.7522271
3017016,339.6782
3017017,315.96683
3017018,2.0040526
3017019,6.4184713
3017020,281.45236
3017021,53.174644
3017022,1073.4583
3017023,1.0179625
3017024,4.4708085
3017025,1.7922044
3017026,0
3017027,0.78532195
3017028,1419.406
3017029,0
3017030,178.63766
3017031,3.6183968
3017032,653.0304
3017033,273.42603
3017034,139.8695
3017035,69.44241
3017036,33.22726
3017037,2243.0623
3017038,2.4302483
3017039,0.17877838
3017040,10.163248
3017041,7.4256945
3017042,0
3017043,120.30192
3017044,0.6778952
3017045,0.20452887
3017046,3.1946273
3017047,28.847363
3017048,0.3993674
3017049,143.71216
3017050,150.54233
3017051,0.3672742
3017052,2.3251252
3017053,109.92266
3017054,29.415644
3017055,393.64395
3017056,0.26364556
3017057,1.2868373
3017058,1.4458592
3017059,0
3017060,0.5741465
3017061,1235.2463
3017062,0
3017063,152.8771
3017064,3.1685357
3017065,522.9416
3017066,226.13309
3017067,115.99266
3017068,59.179657
3017069,26.701946
3017070,2059.557
3017071,1.9600079
3017072,0.08471357
3017073,8.362468
3017074,6.1218424
3017075,0
3017076,101.91918
3017077,0.56795394
3017078,0.12533742
3017079,2.654743
3017080,25.619648
3017081,0.2870095
3017082,123.98648
3017083,125.3913
3017084,0.28418002
3017085,2.0174053
3017086,93.160255
3017087,24.084969
3017088,328.16473
3017089,0.14737882
3017090,1.1392713
3017091,1.9250054
3017092,0
3017093,0.4091827
3017094,1542.6671
3017095,0
3017096,194.21179
3017097,3.9438105
3017098,691.77856
3017099,291.6435
3017100,156.63124
3017101,77.31213
3017102,34.641846
3017103,2361.4075
3017104,2.2447588
3017105,0.13343081
3017106,10.282607
3017107,7.4858847
3017108,0
3017109,134.66377
3017110,0.60806787
3017111,0.13079002
3017112,3.210616
3017113,30.878878
3017114,0.33940193
3017115,150.7152
3017116,172.9197
3017117,0.31639376
3017118,2.4459455
3017119,119.97688
3017120,31.324688
3017121,449.20135
3017122,0.18971588
3017123,1.2185755
3017124,1.8984623
3017125,0
3017126,0.7569611
3017127,1640.8317
3017128,0
3017129,198.1369
3017130,4.0579486
3017131,703.3113
3017132,315.8272
3017133,149.0302
3017134,81.2793
3017135,39.62928
3017136,2530.9023
3017137,3.4717584
3017138,0.23717691
3017139,11.28093
3017140,8.147352
3017141,0.010899717
3017142,136.19228
3017143,1.0583189
3017144,0.48055547
3017145,3.261125
3017146,36.599133
3017147,0.60932934
3017148,159.03557
3017149,160.35443
3017150,0.63291
3017151,2.5649953
3017152,128.56262
3017153,34.638313
3017154,501.331
3017155,0.36183387
3017156,2.362934
3017157,2.8297899
3017158,0
3017159,0.56978154
3017160,1049.5322
3017161,0
3017162,136.77153
3017163,2.479837
3017164,449.4741
3017165,197.48865
3017166,112.90827
3017167,57.735806
3017168,25.700068
3017169,1668.0265
3017170,1.7794843
3017171,0.011069723
3017172,7.7556725
3017173,5.447102
3017174,0.021345181
3017175,108.57283
3017176,0.4749943
3017177,0.22445709
3017178,2.4782436
3017179,27.255236
3017180,0.17870302
3017181,108.93174
3017182,119.0312
3017183,0.2220332
3017184,1.4539094
3017185,81.85814
3017186,23.689228
3017187,411.79678
3017188,0
3017189,1.3164494
3017190,2.5837512
3017191,0.01842344
3017192,1.2873697
3017193,2780.374
3017194,0.052165184
3017195,335.2572
3017196,4.54335
3017197,949.07025
3017198,590.62897
3017199,221.5566
3017200,137.56529
3017201,64.90823
3017202,4183.8525
3017203,4.5550776
3017204,0.43310124
3017205,12.914471
3017206,9.390544
3017207,0.16400446
3017208,169.03438
3017209,1.5570631
3017210,0.8670633
3017211,2.343107
3017212,53.75458
3017213,0.9829376
3017214,272.7818
3017215,244.28444
3017216,1.086642
3017217,3.0453758
3017218,242.71019
3017219,52.885925
3017220,855.68176
3017221,0.590585
3017222,3.6035986
3017223,2.1441247
3017224,0
3017225,1.107187
3017226,959.4552
3017227,0.0027122854
3017228,113.2482
3017229,1.2666323
3017230,335.89883
3017231,198.07005
3017232,80.22999
3017233,51.436985
3017234,23.148724
3017235,1689.8389
3017236,4.4584327
3017237,0.18220302
3017238,6.9303417
3017239,6.369441
3017240,0.13248628
3017241,43.785095
3017242,1.8390605
3017243,1.0692015
3017244,1.8486106
3017245,34.305325
3017246,0.3529201
3017247,94.45781
3017248,79.80908
3017249,1.4495847
3017250,1.0045094
3017251,68.830734
3017252,21.136036
3017253,281.66632
3017254,0.12655495
3017255,4.067385
3017256,2.130529
3017257,0
3017258,1.134053
3017259,1576.3192
3017260,0.0047678105
3017261,188.74677
3017262,4.4868727
3017263,666.89075
3017264,302.1689
3017265,132.90051
3017266,70.6398
3017267,32.727192
3017268,2632.2715
3017269,3.60147
3017270,0.28860164
3017271,11.807121
3017272,8.751092
3017273,0.04382744
3017274,121.38331
3017275,1.4038653
3017276,0.59722877
3017277,3.2029314
3017278,31.076797
3017279,0.78161037
3017280,153.69519
3017281,144.18735
3017282,0.8778044
3017283,3.1211371
3017284,118.18573
3017285,28.431787
3017286,421.53864
3017287,0.45012215
3017288,2.3139126
3017289,3.0679097
3017290,0
3017291,4.814827
3017292,3094.638
3017293,0.03605558
3017294,558.41223
3017295,12.351558
3017296,974.33826
3017297,935.2836
3017298,217.42052
3017299,179.25726
3017300,137.84169
3017301,4353.9
3017302,23.44035
3017303,0.5315933
3017304,16.409697
3017305,13.495488
3017306,0.14584632
3017307,179.30093
3017308,10.351408
3017309,8.715901
3017310,4.0831637
3017311,115.35548
3017312,5.0004706
3017313,399.29425
3017314,254.08441
3017315,7.415042
3017316,9.992387
3017317,437.56375
3017318,111.44627
3017319,3620.2769
3017320,1.0216632
3017321,28.80798
3017322,3.93147
3017323,0
3017324,2.5234401
3017325,2385.4407
3017326,0.0076785428
3017327,363.8983
3017328,4.907231
3017329,1372.2101
3017330,554.8253
3017331,325.61017
3017332,169.81989
3017333,58.093002
3017334,3728.8916
3017335,10.336011
3017336,0.69029665
3017337,14.328329
3017338,10.814949
3017339,0.052354254
3017340,222.32593
3017341,2.4983966
3017342,2.1704504
3017343,3.5113754
3017344,96.33627
3017345,1.6906857
3017346,293.0592
3017347,337.5963
3017348,1.8543005
3017349,3.7221546
3017350,209.68019
3017351,45.400593
3017352,985.3394
3017353,1.0777943
3017354,7.776929
3017355,3.9682865
3017356,0
3017357,1.7423096
3017358,1843.0378
3017359,0.005493401
3017360,296.731
3017361,5.171206
3017362,1179.9807
3017363,481.83667
3017364,290.7583
3017365,128.35355
3017366,56.138756
3017367,2847.4636
3017368,7.8651695
3017369,0.72101414
3017370,17.504374
3017371,13.442749
3017372,0.063564755
3017373,246.91959
3017374,2.1646483
3017375,1.3827047
3017376,3.1792517
3017377,64.24318
3017378,1.4084752
3017379,219.201
3017380,302.36124
3017381,1.5211167
3017382,3.8605828
3017383,151.63937
3017384,47.95632
3017385,943.23376
3017386,1.1097195
3017387,5.8429747
3017388,2.14296
3017389,0
3017390,0.4952125
3017391,961.33105
3017392,0
3017393,129.51195
3017394,2.300185
3017395,520.8419
3017396,194.21877
3017397,132.93826
3017398,66.48076
3017399,26.984312
3017400,1708.9536
3017401,2.8443263
3017402,0.28147462
3017403,10.052406
3017404,7.776067
3017405,0
3017406,106.51972
3017407,0.64627326
3017408,0.26997653
3017409,1.6594391
3017410,28.55907
3017411,0.33706412
3017412,98.059654
3017413,135.73543
3017414,0.36938876
3017415,1.6026983
3017416,72.19552
3017417,23.478062
3017418,422.79935
3017419,0.32498628
3017420,2.1000707
3017421,1.666872
3017422,0
3017423,1.5537555
3017424,1815.927
3017425,0
3017426,284.70197
3017427,5.339495
3017428,532.32214
3017429,432.84555
3017430,144.45233
3017431,109.80155
3017432,63.9205
3017433,2908.4946
3017434,10.33982
3017435,0.20864525
3017436,8.692723
3017437,6.942001
3017438,0
3017439,88.30648
3017440,4.289063
3017441,1.8698318
3017442,1.9769363
3017443,63.243164
3017444,1.4627533
3017445,219.5361
3017446,162.10664
3017447,2.3749108
3017448,3.91323
3017449,218.56552
3017450,53.186504
3017451,1563.2969
3017452,0.42254415
3017453,11.030265
3017454,3.7958622
3017455,0
3017456,4.063943
3017457,3187.4019
3017458,0
3017459,552.17865
3017460,12.187136
3017461,1093.4778
3017462,965.3348
3017463,275.6219
3017464,202.76823
3017465,176.73523
3017466,4061.7607
3017467,24.096807
3017468,0.5045185
3017469,18.625612
3017470,15.06082
3017471,0
3017472,173.44502
3017473,9.041808
3017474,11.443086
3017475,3.7907176
3017476,121.32934
3017477,4.2389183
3017478,394.21606
3017479,309.36856
3017480,6.771728
3017481,9.607249
3017482,428.8634
3017483,140.72633
3017484,3125.974
3017485,0.934332
3017486,26.490013
3017487,2.3153944
3017488,0
3017489,1.9077551
3017490,919.83875
3017491,0.019633085
3017492,154.54878
3017493,2.6502233
3017494,289.7754
3017495,207.73418
3017496,94.93754
3017497,71.67028
3017498,37.18771
3017499,1558.2633
3017500,5.6713924
3017501,0.21142103
3017502,6.273863
3017503,6.064732
3017504,0.08424304
3017505,27.972845
3017506,2.57441
3017507,2.1094642
3017508,2.088109
3017509,51.529003
3017510,0.8943356
3017511,122.61697
3017512,94.958725
3017513,2.1536357
3017514,2.4549882
3017515,106.53633
3017516,32.829346
3017517,286.13818
3017518,0.29857
3017519,4.5733876
3017520,2.140015
3017521,0
3017522,0.8859234
3017523,1122.991
3017524,0
3017525,151.44553
3017526,1.9536908
3017527,400.87476
3017528,200.27003
3017529,99.48862
3017530,66.219666
3017531,28.007915
3017532,1888.5917
3017533,2.4583812
3017534,0.101106234
3017535,6.403723
3017536,4.4030805
3017537,0
3017538,65.71122
3017539,0.6447854
3017540,0.5380703
3017541,1.995702
3017542,33.95683
3017543,0.29443875
3017544,120.671684
3017545,105.772415
3017546,0.32692608
3017547,1.223166
3017548,101.327805
3017549,23.764748
3017550,554.1287
3017551,0.117683806
3017552,1.7735901
3017553,3.0629058
3017554,0.0071214535
3017555,4.8795056
3017556,2832.2483
3017557,0.067216
3017558,491.3121
3017559,10.6175375
3017560,869.7981
3017561,841.0712
3017562,203.0863
3017563,167.61456
3017564,124.681595
3017565,4119.88
3017566,19.292885
3017567,0.56761134
3017568,14.678027
3017569,12.212834
3017570,0.12575239
3017571,129.2543
3017572,8.29317
3017573,8.051398
3017574,4.287991
3017575,109.37874
3017576,4.0941935
3017577,354.42996
3017578,230.55061
3017579,6.121452
3017580,8.514761
3017581,383.36127
3017582,102.43483
3017583,3557.9822
3017584,1.055701
3017585,21.753239
3017586,3.18685
3017587,0.060799856
3017588,1.2513106
3017589,2841.5613
3017590,0.09307077
3017591,343.80826
3017592,5.622422
3017593,1130.4974
3017594,632.03503
3017595,242.47185
3017596,135.9415
3017597,67.98658
3017598,4173.9385
3017599,4.449199
3017600,0.45517752
3017601,15.164513
3017602,11.314782
3017603,0.1569663
3017604,180.14622
3017605,1.4458554
3017606,0.9733676
3017607,4.2555523
3017608,60.47719
3017609,0.9325317
3017610,274.43613
3017611,264.3646
3017612,0.9704286
3017613,3.6988387
3017614,235.79347
3017615,56.241947
3017616,947.0356
3017617,0.6535262
3017618,2.9601607
3017619,3.422793
3017620,0
3017621,1.9153821
3017622,2041.4402
3017623,0.0088583315
3017624,313.05106
3017625,4.2737145
3017626,1247.7146
3017627,479.40625
3017628,288.16086
3017629,141.79146
3017630,54.904076
3017631,3248.9077
3017632,6.11559
3017633,0.60827684
3017634,13.581947
3017635,10.285798
3017636,0.0046952125
3017637,214.7755
3017638,1.6567624
3017639,1.5046241
3017640,3.159586
3017641,104.41853
3017642,1.1584785
3017643,245.32549
3017644,299.37564
3017645,1.2239649
3017646,3.136085
3017647,173.99731
3017648,44.110065
3017649,886.5019
3017650,0.88642526
3017651,4.4661436
3017652,8.288149
3017653,0.1408366
3017654,9.932047
3017655,6167.553
3017656,0.25974652
3017657,1169.099
3017658,29.05259
3017659,2156.859
3017660,2022.4327
3017661,404.7901
3017662,314.336
3017663,347.4345
3017664,7418.7705
3017665,55.691395
3017666,1.4200609
3017667,40.99444
3017668,33.241684
3017669,0.54613125
3017670,435.00882
3017671,24.773006
3017672,25.946926
3017673,9.985434
3017674,216.02696
3017675,14.009445
3017676,786.3625
3017677,503.18045
3017678,18.318554
3017679,24.14823
3017680,896.2701
3017681,280.3678
3017682,8430.437
3017683,3.0878758
3017684,79.611115
3017685,1.0464752
3017686,0
3017687,0.6410749
3017688,1240.202
3017689,0
3017690,146.57213
3017691,1.646555
3017692,418.43436
3017693,201.44827
3017694,111.90516
3017695,72.27354
3017696,30.239775
3017697,1988.5676
3017698,1.7562885
3017699,0.12666889
3017700,5.96249
3017701,4.0905666
3017702,0
3017703,71.64503
3017704,0.34145024
3017705,0.17291158
3017706,2.0002396
3017707,32.779972
3017708,0.20497797
3017709,127.794754
3017710,117.93338
3017711,0.15862362
3017712,0.99291253
3017713,103.055824
3017714,25.737799
3017715,389.9888
3017716,0.13831635
3017717,1.0933645
3017718,3.1003299
3017719,0.039776206
3017720,1.0028265
3017721,2510.6743
3017722,0.06369865
3017723,297.99948
3017724,5.359728
3017725,1042.4161
3017726,524.56274
3017727,226.9777
3017728,114.39655
3017729,49.766384
3017730,3782.2634
3017731,3.4374065
3017732,0.38594323
3017733,14.162815
3017734,10.599877
3017735,0.15843652
3017736,195.70663
3017737,1.2098489
3017738,0.65083027
3017739,4.324323
3017740,41.39258
3017741,0.80174696
3017742,237.41443
3017743,248.9049
3017744,0.8384836
3017745,3.5122962
3017746,191.1963
3017747,42.41422
3017748,815.8557
3017749,0.51237535
3017750,2.0694015
3017751,0.6391231
3017752,0
3017753,0.23634672
3017754,823.5144
3017755,0
3017756,103.02551
3017757,0.9504498
3017758,294.2435
3017759,129.72476
3017760,79.299446
3017761,51.073032
3017762,17.919077
3017763,1429.3925
3017764,0.8581389
3017765,0
3017766,3.906816
3017767,2.7037072
3017768,0
3017769,53.64024
3017770,0.0206313
3017771,0
3017772,1.470057
3017773,22.65757
3017774,0
3017775,91.613884
3017776,83.8755
3017777,0
3017778,0.5240625
3017779,69.488174
3017780,14.737574
3017781,265.81866
3017782,0
3017783,0.4757326
3017784,2.4182105
3017785,0.02958624
3017786,0.81815934
3017787,1769.0956
3017788,0.029342223
3017789,206.6218
3017790,3.9961748
3017791,703.16156
3017792,323.55435
3017793,180.86935
3017794,89.19161
3017795,36.926495
3017796,2767.6406
3017797,2.0100167
3017798,0.16772152
3017799,10.158695
3017800,7.638605
3017801,0.071150295
3017802,145.82237
3017803,0.69559324
3017804,0.26798806
3017805,3.3735685
3017806,32.70035
3017807,0.45672908
3017808,170.52821
3017809,194.64482
3017810,0.44137505
3017811,2.565899
3017812,133.01108
3017813,31.5807
3017814,587.2909
3017815,0.26033074
3017816,1.0702457
3017817,3.689745
3017818,0.082231104
3017819,1.4639671
3017820,2083.36
3017821,0.09449423
3017822,270.67062
3017823,7.22884
3017824,956.8606
3017825,484.62546
3017826,208.84222
3017827,94.30426
3017828,44.67501
3017829,3373.352
3017830,4.0095186
3017831,0.40027452
3017832,15.802324
3017833,12.396869
3017834,0.18935433
3017835,169.26187
3017836,1.5770235
3017837,0.74555874
3017838,4.875711
3017839,38.782642
3017840,0.9579631
3017841,206.58319
3017842,229.1412
3017843,1.0296237
3017844,5.013965
3017845,157.88332
3017846,38.95584
3017847,617.9192
3017848,0.6038344
3017849,2.2214544
3017850,0.84286773
3017851,0
3017852,0.42097002
3017853,1061.6881
3017854,0
3017855,120.588104
3017856,1.3005626
3017857,345.3556
3017858,157.4603
3017859,95.09705
3017860,60.96462
3017861,23.134495
3017862,1782.5109
3017863,1.0974476
3017864,0.04885402
3017865,4.8466797
3017866,3.3905292
3017867,0
3017868,60.95011
3017869,0.1113145
3017870,0.022707874
3017871,1.7131202
3017872,27.300049
3017873,0.071573086
3017874,108.54154
3017875,100.54247
3017876,0.0039967685
3017877,0.74845386
3017878,85.15403
3017879,18.951979
3017880,323.5618
3017881,0.05202603
3017882,0.6358725
3017883,2.9038641
3017884,0
3017885,1.2304018
3017886,2270.9983
3017887,0.0687443
3017888,278.37088
3017889,3.6151795
3017890,827.27844
3017891,445.47726
3017892,196.33618
3017893,121.868805
3017894,68.383545
3017895,3541.0486
3017896,3.6326609
3017897,0.5286814
3017898,11.986074
3017899,8.890255
3017900,0.10896339
3017901,134.3797
3017902,0.9330647
3017903,0.87777436
3017904,3.7142587
3017905,55.941784
3017906,0.7630222
3017907,232.82426
3017908,215.38464
3017909,0.6731322
3017910,2.4576268
3017911,202.99213
3017912,50.285435
3017913,783.4709
3017914,0.68817616
3017915,2.3333254
3017916,3.1318974
3017917,0.00015531197
3017918,5.7907066
3017919,2463.3887
3017920,0.060002573
3017921,381.00424
3017922,13.42536
3017923,805.4456
3017924,625.9441
3017925,200.22502
3017926,156.16568
3017927,119.60273
3017928,3575.382
3017929,28.452467
3017930,0.5516155
3017931,16.823431
3017932,13.262654
3017933,0.18246222
3017934,185.2738
3017935,10.787578
3017936,10.73391
3017937,4.9858475
3017938,106.04775
3017939,4.9391165
3017940,282.5646
3017941,215.05574
3017942,7.525284
3017943,10.789411
3017944,280.09262
3017945,103.717384
3017946,3218.0186
3017947,0.95483816
3017948,33.85569
3017949,2.958153
3017950,0
3017951,4.4336596
3017952,2165.9917
3017953,0.042714708
3017954,324.21075
3017955,11.649518
3017956,784.158
3017957,545.5856
3017958,176.02855
3017959,131.28325
3017960,90.1257
3017961,3188.597
3017962,18.510197
3017963,0.45264024
3017964,18.83998
3017965,14.875657
3017966,0.16687782
3017967,187.49336
3017968,9.02095
3017969,7.2009535
3017970,4.1374536
3017971,90.81187
3017972,4.532435
3017973,235.64233
3017974,188.1068
3017975,6.4891987
3017976,9.291002
3017977,230.03622
3017978,79.51903
3017979,3080.1765
3017980,0.88445854
3017981,20.778429
3017982,3.297237
3017983,0.025083395
3017984,3.6329103
3017985,2399.331
3017986,0.06919975
3017987,329.47577
3017988,8.060972
3017989,1005.4193
3017990,604.8823
3017991,214.03453
3017992,134.30768
3017993,82.116585
3017994,3533.689
3017995,12.473371
3017996,0.6358961
3017997,20.629515
3017998,15.477184
3017999,0.23407869
3018000,217.75613
3018001,4.6376987
3018002,3.704393
3018003,5.1591015
3018004,75.55886
3018005,2.0167434
3018006,258.51648
3018007,230.7227
3018008,2.85125
3018009,5.7776923
3018010,225.51248
3018011,70.35363
3018012,1372.4734
3018013,0.90754604
3018014,11.292878
3018015,2.4131737
3018016,0
3018017,3.6000438
3018018,2451.4282
3018019,0.018514803
3018020,456.85654
3018021,9.794252
3018022,789.34357
3018023,742.23975
3018024,189.2669
3018025,158.52388
3018026,110.156746
3018027,3719.8887
3018028,18.650845
3018029,0.41378054
3018030,13.071916
3018031,10.597189
3018032,0.10364788
3018033,139.7465
3018034,8.263051
3018035,6.245192
3018036,3.2083578
3018037,100.79787
3018038,3.6950064
3018039,336.838
3018040,214.87027
3018041,5.6948295
3018042,7.811041
3018043,360.24414
3018044,89.93536
3018045,2897.7502
3018046,0.79625833
3018047,22.352808
3018048,2.7397566
3018049,0.031417586
3018050,0.76430786
3018051,2265.6797
3018052,0.04895092
3018053,257.74496
3018054,4.8435187
3018055,899.43665
3018056,437.8702
3018057,197.70721
3018058,102.37561
3018059,46.823013
3018060,3541.3325
3018061,2.9592762
3018062,0.30865753
3018063,12.316896
3018064,9.142737
3018065,0.095135465
3018066,158.75278
3018067,0.9539082
3018068,0.4510131
3018069,3.757226
3018070,38.81065
3018071,0.6672263
3018072,200.30142
3018073,211.655
3018074,0.6438744
3018075,3.171249
3018076,170.45886
3018077,39.959362
3018078,608.1337
3018079,0.46051466
3018080,1.7442725
3018081,2.8423736
3018082,0
3018083,4.3582773
3018084,2252.5007
3018085,0.0035963347
3018086,339.82834
3018087,9.509413
3018088,806.68677
3018089,559.49896
3018090,172.37106
3018091,124.37083
3018092,80.922966
3018093,3170.6611
3018094,14.359922
3018095,0.4055251
3018096,16.790884
3018097,13.326088
3018098,0.045903705
3018099,146.69589
3018100,7.061059
3018101,6.446803
3018102,4.148516
3018103,76.67236
3018104,3.6112695
3018105,242.75679
3018106,185.5313
3018107,5.3307557
3018108,7.5890093
3018109,236.94934
3018110,69.14969
3018111,2562.9827
3018112,0.89097095
3018113,13.103535
3018114,3.6338115
3018115,0
3018116,3.284481
3018117,1755.2745
3018118,0
3018119,298.0059
3018120,8.175903
3018121,735.69946
3018122,360.92657
3018123,222.25949
3018124,160.28166
3018125,89.17949
3018126,2854.7463
3018127,22.411572
3018128,0.84633183
3018129,12.95809
3018130,9.762038
3018131,0
3018132,149.709
3018133,8.033308
3018134,4.8485074
3018135,3.2770753
3018136,96.82783
3018137,3.183998
3018138,239.23096
3018139,226.0679
3018140,4.494092
3018141,6.6655006
3018142,202.88203
3018143,73.5081
3018144,1096.9281
3018145,1.4398162
3018146,18.989923
3018147,2.2086833
3018148,0.020616366
3018149,0.7816216
3018150,2167.6094
3018151,0.028388957
3018152,225.23442
3018153,3.4661956
3018154,721.57306
3018155,379.44275
3018156,172.78697
3018157,96.745056
3018158,39.54171
3018159,3368.4834
3018160,1.9919345
3018161,0.17788629
3018162,9.207281
3018163,6.905621
3018164,0.052086923
3018165,120.400055
3018166,0.70182765
3018167,0.3092225
3018168,2.8040879
3018169,38.309937
3018170,0.46341372
3018171,188.27866
3018172,188.26169
3018173,0.45839623
3018174,2.2374387
3018175,155.76772
3018176,32.720993
3018177,566.26794
3018178,0.2813369
3018179,1.2062166
3018180,10.411649
3018181,0.23162808
3018182,12.167412
3018183,7722.2544
3018184,0.39171335
3018185,1459.1626
3018186,32.642204
3018187,2786.2688
3018188,2419.7158
3018189,489.9728
3018190,369.44104
3018191,418.5742
3018192,8831.043
3018193,56.11108
3018194,1.8407266
3018195,50.318703
3018196,40.834923
3018197,0.74617934
3018198,520.32764
3018199,28.58116
3018200,28.345934
3018201,12.183923
3018202,229.31148
3018203,17.589518
3018204,969.60645
3018205,628.83624
3018206,21.792341
3018207,27.748623
3018208,1103.8438
3018209,330.07526
3018210,9650.067
3018211,4.447556
3018212,75.54043
3018213,7.1033173
3018214,0.16079329
3018215,8.304149
3018216,6697.507
3018217,0.29015467
3018218,1277.9177
3018219,25.904737
3018220,2291.7295
3018221,2086.2952
3018222,410.7641
3018223,320.4676
3018224,338.56125
3018225,8007.0923
3018226,48.758747
3018227,1.3722568
3018228,37.142597
3018229,30.1758
3018230,0.56906295
3018231,405.3241
3018232,22.426563
3018233,21.288458
3018234,9.141964
3018235,192.19398
3018236,13.277423
3018237,860.42694
3018238,533.9647
3018239,16.80504
3018240,21.930092
3018241,981.9181
3018242,266.10065
3018243,8043.957
3018244,3.023872
3018245,67.16589
3018246,5.6150136
3018247,0.12164318
3018248,5.577579
3018249,5555.0386
3018250,0.22690335
3018251,933.414
3018252,19.44515
3018253,1954.7721
3018254,1573.7949
3018255,326.29037
3018256,246.53001
3018257,206.71983
3018258,6806.095
3018259,28.661196
3018260,1.0864794
3018261,33.263496
3018262,26.80382
3018263,0.4659945
3018264,345.08386
3018265,15.989161
3018266,12.520835
3018267,7.1132746
3018268,146.40306
3018269,8.869971
3018270,622.493
3018271,398.69858
3018272,11.858685
3018273,16.405151
3018274,689.51776
3018275,163.55867
3018276,5522.452
3018277,2.0840151
3018278,33.467987
3018279,6.7895064
3018280,0.14612824
3018281,7.7480564
3018282,6324.1123
3018283,0.26588947
3018284,1179.9689
3018285,24.433254
3018286,2201.7263
3018287,1943.4952
3018288,384.1566
3018289,295.7373
3018290,295.40286
3018291,7597.674
3018292,41.220108
3018293,1.301831
3018294,36.98632
3018295,29.963745
3018296,0.53726447
3018297,396.13937
3018298,21.185621
3018299,19.377571
3018300,8.681466
3018301,179.19014
3018302,12.397354
3018303,792.35895
3018304,490.7725
3018305,15.916021
3018306,20.727297
3018307,901.8408
3018308,231.24936
3018309,7297.937
3018310,2.823965
3018311,53.855976
3018312,4.6946096
3018313,0.08869442
3018314,4.316329
3018315,4954.669
3018316,0.17552722
3018317,817.6061
3018318,15.9121685
3018319,1774.8241
3018320,1375.469
3018321,297.31647
3018322,221.28624
3018323,169.15855
3018324,6178.7876
3018325,22.129332
3018326,0.89879525
3018327,28.943178
3018328,22.995024
3018329,0.38950318
3018330,308.26
3018331,12.172477
3018332,8.825844
3018333,6.0156307
3018334,124.75431
3018335,6.2691402
3018336,550.5309
3018337,363.20798
3018338,8.709805
3018339,12.873549
3018340,601.6883
3018341,133.47029
3018342,4163.1426
3018343,1.6164691
3018344,24.58183
3018345,6.2098327
3018346,0.079057574
3018347,7.277377
3018348,5759.2285
3018349,0.17766532
3018350,1167.2726
3018351,23.521029
3018352,1987.1877
3018353,1959.7267
3018354,383.30627
3018355,305.18173
3018356,342.67892
3018357,6981.1313
3018358,48.970425
3018359,1.1340785
3018360,31.4584
3018361,25.930601
3018362,0.38579088
3018363,336.77374
3018364,20.264585
3018365,20.95429
3018366,5.259449
3018367,182.81541
3018368,11.677488
3018369,794.15375
3018370,482.28284
3018371,15.221834
3018372,19.888512
3018373,926.6376
3018374,263.74216
3018375,7084.655
3018376,2.3772705
3018377,69.11096
3018378,5.470777
3018379,0.022824038
3018380,3.573443
3018381,1985.9784
3018382,0.06687777
3018383,282.19934
3018384,9.482417
3018385,876.6622
3018386,442.23834
3018387,196.11273
3018388,120.6765
3018389,79.56561
3018390,2899.5088
3018391,12.722956
3018392,0.4843648
3018393,21.612251
3018394,16.207495
3018395,0.210702
3018396,208.27803
3018397,5.786358
3018398,3.925106
3018399,4.7335753
3018400,73.827255
3018401,2.231504
3018402,202.67673
3018403,202.2633
3018404,3.5097632
3018405,6.9316635
3018406,180.31137
3018407,71.926186
3018408,2201.6099
3018409,0.70179677
3018410,11.155749
3018411,5.800235
3018412,0.0639484
3018413,5.489233
3018414,4332.328
3018415,0.116718486
3018416,627.28094
3018417,16.196028
3018418,1616.5541
3018419,1107.966
3018420,267.18863
3018421,173.62987
3018422,134.89641
3018423,6051.018
3018424,19.682232
3018425,0.90007436
3018426,32.900696
3018427,26.146544
3018428,0.29255554
3018429,338.3793
3018430,11.45769
3018431,7.215149
3018432,6.0430756
3018433,109.14356
3018434,6.7407312
3018435,404.31726
3018436,309.58014
3018437,8.512016
3018438,13.037973
3018439,423.1216
3018440,110.977554
3018441,4343.48
3018442,1.840672
3018443,20.277697
3018444,4.0840464
3018445,0.08192413
3018446,7.2340717
3018447,4442.7793
3018448,0.16149387
3018449,808.23456
3018450,17.494534
3018451,1401.1952
3018452,1361.9169
3018453,289.14258
3018454,228.06412
3018455,210.30235
3018456,5810.04
3018457,28.370052
3018458,0.7325188
3018459,22.344765
3018460,18.089909
3018461,0.25396073
3018462,198.53726
3018463,12.000523
3018464,12.1989155
3018465,5.6426854
3018466,148.4413
3018467,6.5992746
3018468,564.84827
3018469,348.18082
3018470,8.730179
3018471,13.512602
3018472,638.6635
3018473,167.08162
3018474,7294.826
3018475,1.4739592
3018476,37.2737
3018477,0.39662874
3018478,0
3018479,0.024343621
3018480,550.1016
3018481,0
3018482,56.07188
3018483,0.07472088
3018484,146.02057
3018485,58.83124
3018486,53.054787
3018487,36.463837
3018488,7.8196497
3018489,1078.9233
3018490,0.6058165
3018491,0
3018492,1.2410903
3018493,0.87644494
3018494,0
3018495,11.698749
3018496,0
3018497,0
3018498,0.49648732
3018499,24.754744
3018500,0
3018501,44.17155
3018502,51.29539
3018503,0
3018504,0
3018505,34.212593
3018506,5.303375
3018507,254.52449
3018508,0
3018509,0.5160359
3018510,1.612611
3018511,0
3018512,0.7827169
3018513,1501.6182
3018514,0
3018515,136.79236
3018516,1.697484
3018517,460.1119
3018518,179.3281
3018519,117.96361
3018520,72.485535
3018521,46.668564
3018522,2171.2688
3018523,3.7986155
3018524,0.23727915
3018525,7.078244
3018526,4.9775887
3018527,0
3018528,72.39918
3018529,0.49067226
3018530,0.65227485
3018531,2.505864
3018532,40.005238
3018533,0.32648432
3018534,108.24052
3018535,116.66514
3018536,0.28150588
3018537,1.1285801
3018538,93.214554
3018539,35.929264
3018540,931.171
3018541,0.31893072
3018542,2.645912
3018543,1.8995225
3018544,0
3018545,0.7138916
3018546,1464.8243
3018547,0
3018548,151.09932
3018549,2.0338972
3018550,515.82043
3018551,215.74411
3018552,128.73888
3018553,78.82784
3018554,39.666233
3018555,2214.1848
3018556,2.0936942
3018557,0.26340243
3018558,8.187427
3018559,5.936209
3018560,0
3018561,108.57048
3018562,0.4599582
3018563,0.16845234
3018564,1.9589553
3018565,40.68991
3018566,0.3380311
3018567,124.79929
3018568,133.41728
3018569,0.2767181
3018570,1.3322153
3018571,105.75225
3018572,30.804873
3018573,615.69763
3018574,0.3163586
3018575,1.2135615
3018576,3.4961686
3018577,0.013417623
3018578,3.8390532
3018579,3748.904
3018580,0.07869093
3018581,638.68396
3018582,13.63336
3018583,1184.6691
3018584,1093.5283
3018585,242.39221
3018586,195.22212
3018587,154.93198
3018588,5040.9536
3018589,26.574783
3018590,0.6499555
3018591,19.557568
3018592,15.716221
3018593,0.22446153
3018594,210.47594
3018595,11.416536
3018596,8.928176
3018597,4.754323
3018598,123.16554
3018599,5.3747616
3018600,447.40814
3018601,282.93518
3018602,7.9461145
3018603,10.952934
3018604,490.1264
3018605,126.37088
3018606,3770.5054
3018607,1.1824865
3018608,32.902733
3018609,3.28124
3018610,0.008068964
3018611,5.978486
3018612,2910.9277
3018613,0.064767644
3018614,607.1577
3018615,14.892415
3018616,984.0981
3018617,1005.8695
3018618,229.5399
3018619,195.74614
3018620,171.54616
3018621,4322.376
3018622,32.08506
3018623,0.55137575
3018624,16.473553
3018625,13.731519
3018626,0.16724287
3018627,176.60612
3018628,12.191456
3018629,11.604634
3018630,4.2479157
3018631,139.64607
3018632,6.285203
3018633,447.20975
3018634,270.89612
3018635,8.647979
3018636,11.938636
3018637,496.07465
3018638,138.61552
3018639,4557.6934
3018640,1.1616387
3018641,45.501717
3018642,5.5116
3018643,0.031205006
3018644,6.367089
3018645,4345.552
3018646,0.107482
3018647,743.46484
3018648,19.833857
3018649,1445.4366
3018650,1327.5698
3018651,287.70813
3018652,223.8324
3018653,199.19981
3018654,5517.6133
3018655,33.762623
3018656,0.9289472
3018657,29.054604
3018658,23.73367
3018659,0.301023
3018660,287.42014
3018661,16.565487
3018662,16.731482
3018663,6.909867
3018664,152.28932
3018665,9.225542
3018666,511.45477
3018667,335.39865
3018668,12.566808
3018669,16.519041
3018670,569.5645
3018671,161.87083
3018672,5251.917
3018673,1.8305163
3018674,41.589497
3018675,5.0981126
3018676,0.0765806
3018677,3.2746758
3018678,3400.7288
3018679,0.12880838
3018680,471.97333
3018681,10.678069
3018682,1426.752
3018683,890.5118
3018684,279.6524
3018685,162.68616
3018686,85.90256
3018687,4800.61
3018688,9.819322
3018689,0.7672008
3018690,26.52273
3018691,20.558311
3018692,0.3329245
3018693,301.5638
3018694,4.663518
3018695,2.9541225
3018696,5.5624537
3018697,74.866646
3018698,2.6249218
3018699,355.94632
3018700,315.85608
3018701,3.2894034
3018702,7.916684
3018703,315.17706
3018704,70.559975
3018705,1516.8417
3018706,1.2368243
3018707,7.782304
3018708,3.697332
3018709,0
3018710,4.4109936
3018711,2264.37
3018712,0
3018713,350.33783
3018714,13.682296
3018715,656.4367
3018716,598.0498
3018717,188.83011
3018718,146.74675
3018719,107.88366
3018720,3286.881
3018721,19.875095
3018722,0.5150858
3018723,17.781115
3018724,14.81385
3018725,0.10507271
3018726,190.40474
3018727,11.322792
3018728,8.648432
3018729,3.6785617
3018730,126.973335
3018731,5.4611883
3018732,292.8806
3018733,190.28777
3018734,8.273872
3018735,11.24483
3018736,302.51752
3018737,85.99858
3018738,2430.9465
3018739,0.8414624
3018740,22.643852
3018741,2.1557117
3018742,0.012584942
3018743,0.6631348
3018744,1311.2803
3018745,0.00057733327
3018746,141.21016
3018747,3.2486262
3018748,478.43777
3018749,190.64832
3018750,136.86931
3018751,65.28392
3018752,24.336206
3018753,2280.071
3018754,1.9886074
3018755,0.22590548
3018756,9.656496
3018757,7.129038
3018758,0.13842097
3018759,137.26927
3018760,0.8623903
3018761,0.17994496
3018762,2.7897062
3018763,26.414148
3018764,0.44883108
3018765,115.03219
3018766,127.54559
3018767,0.5373142
3018768,2.1198702
3018769,96.65966
3018770,19.41029
3018771,494.92712
3018772,0.1714155
3018773,1.1883769
3018774,7.600259
3018775,0.15521713
3018776,2.8798366
3018777,4478.9224
3018778,0.21452768
3018779,453.6441
3018780,12.2487545
3018781,1714.5137
3018782,770.30597
3018783,381.1046
3018784,148.27016
3018785,78.025986
3018786,5987.976
3018787,7.6426
3018788,1.0032551
3018789,29.510038
3018790,23.194988
3018791,0.48911864
3018792,383.36456
3018793,4.371407
3018794,1.895961
3018795,6.7760224
3018796,51.37511
3018797,2.3383558
3018798,326.45804
3018799,355.7258
3018800,2.9028263
3018801,8.8129635
3018802,300.75754
3018803,62.306126
3018804,1397.5826
3018805,1.2439756
3018806,5.0850415
3018807,2.7958045
3018808,0.01583441
3018809,0.6780528
3018810,1691.9478
3018811,0
3018812,185.62694
3018813,5.1830826
3018814,733.1672
3018815,251.32137
3018816,190.16823
3018817,73.95056
3018818,37.636585
3018819,2483.6494
3018820,3.0892034
3018821,0.29211232
3018822,15.50856
3018823,11.456589
3018824,0.08956077
3018825,181.74805
3018826,1.2023361
3018827,0.36477062
3018828,3.9212937
3018829,34.907646
3018830,0.59818494
3018831,139.84943
3018832,171.02081
3018833,0.66843474
3018834,3.3751445
3018835,117.90009
3018836,32.98345
3018837,566.06836
3018838,0.31304932
3018839,1.5801384
3018840,2.255217
3018841,0.017685533
3018842,0.7192086
3018843,1432.1261
3018844,0
3018845,151.08467
3018846,4.582029
3018847,569.6315
3018848,204.481
3018849,150.54024
3018850,61.72135
3018851,29.958836
3018852,2271.9097
3018853,2.478527
3018854,0.18423228
3018855,12.453202
3018856,9.192568
3018857,0.08344082
3018858,152.58324
3018859,1.0837991
3018860,0.27796173
3018861,3.288713
3018862,31.064762
3018863,0.49146685
3018864,116.8537
3018865,138.42824
3018866,0.5859158
3018867,2.9846325
3018868,96.1457
3018869,26.790611
3018870,481.3946
3018871,0.2027557
3018872,1.3911602
3018873,3.1086822
3018874,0.014617752
3018875,0.66092837
3018876,1813.8783
3018877,0
3018878,199.92108
3018879,5.760978
3018880,770.4244
3018881,271.86844
3018882,206.25522
3018883,78.98475
3018884,40.506977
3018885,2611.5923
3018886,2.957502
3018887,0.25626686
3018888,15.785551
3018889,11.738646
3018890,0.104089655
3018891,204.40137
3018892,1.1599662
3018893,0.302224
3018894,4.007411
3018895,39.066383
3018896,0.5678363
3018897,148.07242
3018898,189.88066
3018899,0.6401931
3018900,3.6587653
3018901,125.97471
3018902,35.834785
3018903,639.6495
3018904,0.27913347
3018905,1.5326471
3018906,3.0810885
3018907,0.0040536206
3018908,1.090662
3018909,1994.954
3018910,0
3018911,207.25946
3018912,5.8118725
3018913,791.08093
3018914,289.59964
3018915,199.67099
3018916,84.29013
3018917,43.18775
3018918,2870.1875
3018919,4.394041
3018920,0.37433642
3018921,17.321663
3018922,12.761798
3018923,0.12632495
3018924,198.62053
3018925,1.7450457
3018926,0.7024404
3018927,4.123482
3018928,42.77799
3018929,0.8343574
3018930,158.15842
3018931,179.82036
3018932,1.0060954
3018933,3.7359166
3018934,139.37204
3018935,36.719143
3018936,700.12805
3018937,0.43500328
3018938,2.8846273
3018939,3.3587961
3018940,0.031875435
3018941,0.76765704
3018942,1195.857
3018943,0
3018944,141.89172
3018945,3.7409668
3018946,491.77667
3018947,188.01828
3018948,143.45853
3018949,59.400677
3018950,30.102526
3018951,1787.4681
3018952,2.529571
3018953,0.1016123
3018954,11.381623
3018955,8.1736
3018956,0.11878786
3018957,160.89005
3018958,0.940797
3018959,0.4581234
3018960,3.103404
3018961,34.881527
3018962,0.35654676
3018963,107.46563
3018964,130.94714
3018965,0.49382442
3018966,2.2986903
3018967,89.47858
3018968,27.166748
3018969,592.2002
3018970,0.043770853
3018971,1.7817051
3018972,4.350652
3018973,0.058921427
3018974,1.949794
3018975,3589.6057
3018976,0.089700095
3018977,340.96542
3018978,6.642491
3018979,1124.6252
3018980,574.8822
3018981,280.6219
3018982,132.9541
3018983,77.599785
3018984,4975.8584
3018985,5.7352123
3018986,0.6474712
3018987,19.680801
3018988,14.641103
3018989,0.30093932
3018990,258.61215
3018991,2.4883032
3018992,1.1858196
3018993,3.5616035
3018994,57.22761
3018995,1.3311048
3018996,262.69983
3018997,260.75778
3018998,1.626688
3018999,4.4752736
3019000,257.54922
3019001,61.599297
3019002,1110.0397
3019003,0.72677886
3019004,4.2863383
3019005,2.983772
3019006,0
3019007,1.5167985
3019008,1047.107
3019009,0.040724196
3019010,107.018394
3019011,2.010265
3019012,331.33066
3019013,160.1887
3019014,93.98908
3019015,48.91295
3019016,23.385136
3019017,1900.0631
3019018,5.3070145
3019019,0.31455
3019020,7.7819986
3019021,7.451145
3019022,0.22189139
3019023,49.935013
3019024,1.7561638
3019025,1.5498774
3019026,2.568327
3019027,43.294117
3019028,0.57232976
3019029,84.26874
3019030,82.724785
3019031,1.4552422
3019032,1.599071
3019033,72.32998
3019034,21.238356
3019035,327.23013
3019036,0.181036
3019037,4.379186
3019038,3.3145838
3019039,0.031661622
3019040,1.1111364
3019041,1893.5366
3019042,0.030619737
3019043,187.96907
3019044,6.244268
3019045,731.8381
3019046,271.4543
3019047,181.0868
3019048,74.284966
3019049,35.897686
3019050,3013.0234
3019051,4.2803893
3019052,0.43406793
3019053,17.587414
3019054,13.165427
3019055,0.16849877
3019056,184.70099
3019057,2.21212
3019058,0.80848
3019059,4.013563
3019060,33.5415
3019061,1.0487983
3019062,145.7372
3019063,161.11972
3019064,1.3255124
3019065,4.351452
3019066,124.44677
3019067,30.64551
3019068,614.9914
3019069,0.5198897
3019070,2.6638093
3019071,4.9176607
3019072,0.005062626
3019073,5.3555155
3019074,3991.7
3019075,0.064948104
3019076,602.3798
3019077,17.647568
3019078,1125.3044
3019079,1053.7858
3019080,261.9456
3019081,193.26472
3019082,165.15503
3019083,5244.453
3019084,25.200838
3019085,0.8465568
3019086,24.746124
3019087,20.239069
3019088,0.28712073
3019089,275.33963
3019090,14.985278
3019091,10.094046
3019092,4.8974705
3019093,135.1904
3019094,7.232148
3019095,466.34335
3019096,281.90607
3019097,10.79804
3019098,14.540173
3019099,513.5611
3019100,128.03578
3019101,3607.2874
3019102,1.3196435
3019103,29.943892
3019104,6.4524035
3019105,0
3019106,3.5720954
3019107,2865.3943
3019108,0.053715877
3019109,517.4161
3019110,7.6380396
3019111,1762.5848
3019112,671.36786
3019113,600.22235
3019114,229.75888
3019115,74.89545
3019116,4321.296
3019117,15.429304
3019118,1.0707324
3019119,23.26968
3019120,17.958899
3019121,0.23324676
3019122,286.24844
3019123,4.14664
3019124,2.9652853
3019125,5.108335
3019126,90.15704
3019127,2.5535402
3019128,384.2512
3019129,488.08618
3019130,3.0356126
3019131,5.948443
3019132,317.52637
3019133,58.56318
3019134,1122.2367
3019135,1.5043764
3019136,10.873491
3019137,6.6439614
3019138,0.021265421
3019139,2.4119654
3019140,2467.8477
3019141,0.034260474
3019142,465.83688
3019143,7.9159546
3019144,1717.7528
3019145,653.4057
3019146,584.7211
3019147,193.5279
3019148,79.36778
3019149,3346.7253
3019150,10.745554
3019151,1.0607529
3019152,26.445244
3019153,21.283161
3019154,0.20408423
3019155,335.59265
3019156,3.2948709
3019157,1.8514957
3019158,4.720837
3019159,83.92254
3019160,2.0926204
3019161,321.4017
3019162,490.821
3019163,2.40318
3019164,6.0351863
3019165,252.65921
3019166,66.75586
3019167,1086.4938
3019168,1.5023026
3019169,7.446439
3019170,3.3998818
3019171,0
3019172,0.7141603
3019173,1397.0359
3019174,0
3019175,194.17642
3019176,3.2883368
3019177,773.9908
3019178,259.24576
3019179,236.3431
3019180,93.56337
3019181,37.151966
3019182,2246.114
3019183,3.9054403
3019184,0.4443948
3019185,14.362018
3019186,11.513583
3019187,0.048347007
3019188,139.05467
3019189,1.1035056
3019190,0.43333164
3019191,2.3957305
3019192,39.733
3019193,0.58227515
3019194,137.77147
3019195,209.7643
3019196,0.70264506
3019197,2.3922226
3019198,107.948944
3019199,31.59327
3019200,499.8068
3019201,0.50615776
3019202,2.7691767
3019203,2.2253501
3019204,0
3019205,2.1072462
3019206,1991.83
3019207,0
3019208,265.7533
3019209,8.230911
3019210,532.04584
3019211,410.0508
3019212,161.29816
3019213,109.671074
3019214,65.46258
3019215,2968.025
3019216,12.198015
3019217,0.33556378
3019218,12.48042
3019219,9.741715
3019220,0.071113504
3019221,143.92307
3019222,6.6095166
3019223,2.6324046
3019224,2.5390043
3019225,80.51868
3019226,2.049845
3019227,229.34233
3019228,160.75594
3019229,3.5971045
3019230,6.013711
3019231,218.82794
3019232,53.92662
3019233,1652.349
3019234,0.51985943
3019235,12.057668
3019236,5.669029
3019237,0
3019238,5.4980593
3019239,4087.7761
3019240,0
3019241,657.07526
3019242,17.896982
3019243,1365.1461
3019244,1184.304
3019245,366.39127
3019246,240.83554
3019247,215.44366
3019248,4767.548
3019249,23.17327
3019250,0.81341875
3019251,28.660736
3019252,22.905447
3019253,0.1313029
3019254,264.87186
3019255,12.707486
3019256,11.605061
3019257,5.3195333
3019258,144.52885
3019259,6.0963287
3019260,507.9401
3019261,367.0139
3019262,9.456068
3019263,14.244523
3019264,553.84186
3019265,162.22023
3019266,3334.6472
3019267,1.2249212
3019268,25.008621
3019269,2.70321
3019270,0.021899054
3019271,2.1771026
3019272,1041.3893
3019273,0.06016938
3019274,143.32874
3019275,4.0330906
3019276,283.12143
3019277,187.9388
3019278,106.06016
3019279,72.9275
3019280,39.536743
3019281,1741.5605
3019282,6.248442
3019283,0.35540006
3019284,6.8894296
3019285,6.771911
3019286,0.21242939
3019287,33.803864
3019288,2.5794032
3019289,2.5181608
3019290,2.4247406
3019291,81.220116
3019292,1.3086989
3019293,128.62738
3019294,95.42028
3019295,2.230723
3019296,2.7838566
3019297,110.95791
3019298,34.147823
3019299,275.22528
3019300,0.39398465
3019301,4.7875657
3019302,2.8014123
3019303,0.000924821
3019304,1.072808
3019305,1327.4799
3019306,0.003800533
3019307,144.50775
3019308,3.1512656
3019309,426.8365
3019310,195.742
3019311,116.91148
3019312,66.48108
3019313,28.76148
3019314,2118.489
3019315,3.0740895
3019316,0.21936545
3019317,10.164212
3019318,7.169791
3019319,0.09111813
3019320,103.8972
3019321,1.2646921
3019322,0.71471906
3019323,2.5447772
3019324,41.913338
3019325,0.5670959
3019326,131.36685
3019327,111.08322
3019328,0.70861256
3019329,2.0813668
3019330,107.78132
3019331,23.998392
3019332,710.74756
3019333,0.21227469
3019334,2.058493
3019335,4.694462
3019336,0.03750334
3019337,5.5991964
3019338,3590.4617
3019339,0.108061664
3019340,522.33984
3019341,15.426727
3019342,986.0339
3019343,919.48315
3019344,245.11263
3019345,181.90532
3019346,145.16476
3019347,4877.48
3019348,19.881153
3019349,0.87480664
3019350,21.684334
3019351,17.97373
3019352,0.28923568
3019353,203.263
3019354,11.683855
3019355,8.708955
3019356,4.8663397
3019357,134.42458
3019358,5.863726
3019359,409.71735
3019360,256.21677
3019361,8.730943
3019362,12.504321
3019363,445.03635
3019364,113.45928
3019365,3768.8225
3019366,1.3249581
3019367,21.914051
3019368,5.2213426
3019369,0.11354925
3019370,1.8311541
3019371,3484.545
3019372,0.14452049
3019373,354.10623
3019374,8.419634
3019375,1312.8256
3019376,582.73895
3019377,324.62134
3019378,134.93134
3019379,82.28491
3019380,4744.9814
3019381,5.1949315
3019382,0.6935978
3019383,23.003565
3019384,17.633808
3019385,0.33221838
3019386,286.36447
3019387,2.4210339
3019388,1.1584067
3019389,5.1429744
3019390,70.93213
3019391,1.3619211
3019392,264.86224
3019393,288.7922
3019394,1.5655415
3019395,5.6031513
3019396,251.52803
3019397,67.291374
3019398,1262.9148
3019399,0.842927
3019400,3.3148932
3019401,5.441921
3019402,0.01090722
3019403,2.5459292
3019404,2511.7656
3019405,0.05835735
3019406,465.29404
3019407,7.059904
3019408,1670.6278
3019409,609.3863
3019410,552.2551
3019411,203.48384
3019412,71.66654
3019413,3682.2146
3019414,9.0174675
3019415,0.8633014
3019416,22.074148
3019417,17.212193
3019418,0.15310007
3019419,287.9027
3019420,2.6854374
3019421,1.9119403
3019422,4.4400826
3019423,110.26683
3019424,1.7700901
3019425,341.52682
3019426,451.82886
3019427,2.0030458
3019428,5.275007
3019429,267.02548
3019430,57.265995
3019431,1056.3107
3019432,1.2446239
3019433,6.084544
3019434,12.611762
3019435,0.19186614
3019436,14.4993305
3019437,8111.107
3019438,0.33525842
3019439,1433.0735
3019440,38.295647
3019441,2742.5564
3019442,2581.279
3019443,532.07556
3019444,366.41263
3019445,483.9766
3019446,9306.648
3019447,57.40519
3019448,2.1574736
3019449,59.12556
3019450,47.65025
3019451,0.8245877
3019452,618.53186
3019453,33.2637
3019454,27.222488
3019455,11.558343
3019456,253.73265
3019457,19.428165
3019458,1021.3007
3019459,608.2247
3019460,24.831577
3019461,32.238438
3019462,1196.5353
3019463,378.69644
3019464,8216.223
3019465,3.9947257
3019466,85.46277
3019467,1.5665007
3019468,0
3019469,0.7534456
3019470,1450.5669
3019471,0
3019472,147.51411
3019473,2.6323915
3019474,463.26666
3019475,187.38239
3019476,131.84386
3019477,71.11266
3019478,32.791565
3019479,2183.6665
3019480,2.1772113
3019481,0.22594467
3019482,9.427712
3019483,6.576923
3019484,0.050635263
3019485,106.326965
3019486,0.725456
3019487,0.30775642
3019488,2.400886
3019489,40.99684
3019490,0.3888153
3019491,121.62298
3019492,123.87252
3019493,0.40371302
3019494,1.661401
3019495,106.4575
3019496,27.427034
3019497,557.69086
3019498,0.20895055
3019499,1.2895579
3019500,5.177632
3019501,0.08818471
3019502,1.5494623
3019503,3112.521
3019504,0.106415614
3019505,304.60208
3019506,7.594823
3019507,1209.1652
3019508,481.6081
3019509,296.6728
3019510,115.95462
3019511,62.168293
3019512,4367.0605
3019513,4.269037
3019514,0.60888505
3019515,21.233496
3019516,16.088654
3019517,0.3189537
3019518,303.54218
3019519,1.976676
3019520,0.87978566
3019521,5.3328285
3019522,48.0346
3019523,1.1246014
3019524,228.21762
3019525,273.35275
3019526,1.3075552
3019527,5.04497
3019528,205.44937
3019529,51.629177
3019530,1085.1189
3019531,0.6540321
3019532,2.5108132
3019533,0.97227156
3019534,0
3019535,0.3233108
3019536,920.3329
3019537,0
3019538,101.50684
3019539,1.643645
3019540,309.0297
3019541,120.93316
3019542,91.800385
3019543,49.956417
3019544,18.682589
3019545,1515.4504
3019546,1.0829723
3019547,0.054215327
3019548,6.093316
3019549,4.250496
3019550,0.006681131
3019551,78.824455
3019552,0.2873295
3019553,0
3019554,1.7895787
3019555,29.109392
3019556,0.13331632
3019557,86.02609
3019558,85.6442
3019559,0.11232034
3019560,1.0143564
3019561,70.417046
3019562,15.304953
3019563,383.52625
3019564,0.007519105
3019565,0.5804632
3019566,3.9883728
3019567,0.08266212
3019568,0.93403125
3019569,2129.0889
3019570,0.074132174
3019571,216.11514
3019572,5.602454
3019573,787.6653
3019574,301.09442
3019575,230.75972
3019576,92.62984
3019577,47.484444
3019578,3071.1335
3019579,2.4639044
3019580,0.3221381
3019581,15.117533
3019582,11.498186
3019583,0.2176941
3019584,227.17096
3019585,1.1997108
3019586,0.41497213
3019587,3.9435115
3019588,43.488506
3019589,0.67390835
3019590,166.47696
3019591,207.87627
3019592,0.75456417
3019593,3.650319
3019594,146.0205
3019595,39.535748
3019596,805.83527
3019597,0.36135033
3019598,1.2997096
3019599,5.902307
3019600,0.1418637
3019601,1.6927602
3019602,2527.4734
3019603,0.14134935
3019604,277.1245
3019605,10.170159
3019606,1073.715
3019607,427.64902
3019608,287.80505
3019609,98.82721
3019610,53.371742
3019611,3856.9443
3019612,4.7833424
3019613,0.61597216
3019614,23.151325
3019615,18.293915
3019616,0.35750532
3019617,271.1863
3019618,2.5423481
3019619,0.95901704
3019620,5.98276
3019621,47.151165
3019622,1.3406396
3019623,197.93683
3019624,261.28076
3019625,1.5936546
3019626,7.040107
3019627,170.57246
3019628,45.16761
3019629,893.4435
3019630,0.7525109
3019631,2.5620956
3019632,1.2613208
3019633,0.011235977
3019634,0.4815955
3019635,1212.6273
3019636,0
3019637,122.69987
3019638,2.0816119
3019639,367.61627
3019640,149.44212
3019641,108.210884
3019642,61.766975
3019643,25.808332
3019644,1881.0184
3019645,1.3141584
3019646,0.11964536
3019647,7.4597006
3019648,5.2658873
3019649,0.044005655
3019650,90.274956
3019651,0.373617
3019652,0.14165957
3019653,1.9520097
3019654,36.36421
3019655,0.20860209
3019656,104.5557
3019657,107.66157
3019658,0.1786191
3019659,1.2799234
3019660,88.83566
3019661,20.86752
3019662,461.10086
3019663,0.11433371
3019664,0.7458961
3019665,4.274502
3019666,0.10789986
3019667,1.5730724
3019668,2748.0435
3019669,0.20530427
3019670,315.13815
3019671,5.3613033
3019672,986.8908
3019673,436.49704
3019674,275.02264
3019675,134.12773
3019676,76.80247
3019677,3918.1018
3019678,3.8922215
3019679,0.660766
3019680,17.829317
3019681,13.2120695
3019682,0.2740454
3019683,195.86429
3019684,1.3738253
3019685,1.024065
3019686,4.09197
3019687,70.53439
3019688,0.9984416
3019689,254.84734
3019690,253.86604
3019691,0.96740127
3019692,3.540402
3019693,241.62663
3019694,54.172108
3019695,1020.4037
3019696,0.847062
3019697,2.399789
3019698,4.9240384
3019699,0.022491757
3019700,6.995929
3019701,3104.0818
3019702,0.08678787
3019703,420.52277
3019704,18.689596
3019705,951.82635
3019706,713.8802
3019707,243.9185
3019708,172.16905
3019709,127.32916
3019710,4188.728
3019711,28.066782
3019712,0.80634177
3019713,26.646826
3019714,20.932129
3019715,0.30628312
3019716,272.95703
3019717,14.93848
3019718,11.803619
3019719,5.9554524
3019720,136.4753
3019721,6.8604784
3019722,332.15125
3019723,245.19444
3019724,10.37267
3019725,15.152254
3019726,332.25357
3019727,104.81509
3019728,3322.2068
3019729,1.1738443
3019730,31.382278
3019731,4.946236
3019732,0.016827375
3019733,5.5418334
3019734,2641.1777
3019735,0.06532381
3019736,343.20422
3019737,16.68959
3019738,913.7626
3019739,582.2298
3019740,224.04767
3019741,142.95964
3019742,98.28915
3019743,3697.2192
3019744,20.328594
3019745,0.69529915
3019746,29.114655
3019747,22.880907
3019748,0.29525036
3019749,294.51434
3019750,13.091882
3019751,8.344641
3019752,5.2878666
3019753,123.60658
3019754,6.404992
3019755,262.45425
3019756,216.58401
3019757,9.371689
3019758,13.466159
3019759,257.8964
3019760,83.275894
3019761,3340.3557
3019762,1.14307
3019763,21.172413
3019764,5.454163
3019765,0.061400313
3019766,4.244566
3019767,2947.3594
3019768,0.103189476
3019769,361.2916
3019770,11.282888
3019771,1231.5393
3019772,598.6205
3019773,293.18753
3019774,146.03452
3019775,89.10624
3019776,4077.3547
3019777,14.262685
3019778,0.87543845
3019779,31.730019
3019780,24.139362
3019781,0.37078825
3019782,323.10727
3019783,6.7824655
3019784,4.313217
3019785,6.450357
3019786,79.48452
3019787,2.561384
3019788,271.79922
3019789,283.09418
3019790,4.008139
3019791,8.148321
3019792,261.82486
3019793,72.70311
3019794,1758.5151
3019795,1.0485332
3019796,12.271447
3019797,3.8813672
3019798,0
3019799,4.5132475
3019800,3131.663
3019801,0.045280337
3019802,475.91095
3019803,14.24493
3019804,876.07434
3019805,794.8236
3019806,221.29239
3019807,165.79968
3019808,126.908
3019809,4432.675
3019810,20.45248
3019811,0.67211366
3019812,19.778967
3019813,16.025635
3019814,0.23164925
3019815,216.77054
3019816,12.040077
3019817,7.4491177
3019818,3.9447618
3019819,121.289215
3019820,5.360644
3019821,382.13034
3019822,230.96404
3019823,8.370256
3019824,11.534915
3019825,409.02542
3019826,99.76341
3019827,2995.5576
3019828,1.039645
3019829,23.297638
3019830,4.427247
3019831,0.08237808
3019832,1.150245
3019833,2806.2844
3019834,0.09395596
3019835,266.83603
3019836,6.855444
3019837,1035.673
3019838,399.43134
3019839,261.78012
3019840,104.484505
3019841,55.27796
3019842,4057.71
3019843,3.5663543
3019844,0.4864765
3019845,18.4743
3019846,13.96178
3019847,0.24681851
3019848,239.73619
3019849,1.5852365
3019850,0.63656044
3019851,3.2772632
3019852,46.11854
3019853,0.9368025
3019854,199.78394
3019855,234.8558
3019856,1.0302444
3019857,4.5249915
3019858,184.38832
3019859,45.959225
3019860,833.66846
3019861,0.5772759
3019862,2.0611877
3019863,4.528341
3019864,0
3019865,5.0521226
3019866,2765.8733
3019867,0.03380311
3019868,371.65814
3019869,13.983084
3019870,932.6288
3019871,611.6631
3019872,221.83269
3019873,140.09546
3019874,88.09236
3019875,3668.7998
3019876,15.483137
3019877,0.65339684
3019878,26.028038
3019879,20.654709
3019880,0.19010605
3019881,235.97342
3019882,10.118211
3019883,7.0800047
3019884,4.979372
3019885,94.106735
3019886,5.0304713
3019887,291.01538
3019888,219.3467
3019889,7.6333656
3019890,11.196801
3019891,279.03186
3019892,71.18946
3019893,2848.3818
3019894,1.0960813
3019895,13.530529
3019896,5.4400907
3019897,0
3019898,4.589432
3019899,2393.2427
3019900,0
3019901,431.02496
3019902,11.335064
3019903,1131.6483
3019904,519.6437
3019905,359.17035
3019906,241.61945
3019907,115.56245
3019908,3533.052
3019909,28.402983
3019910,1.3293755
3019911,19.235924
3019912,14.990481
3019913,0.13309985
3019914,208.64209
3019915,10.456898
3019916,6.121644
3019917,4.5595336
3019918,125.46051
3019919,4.679708
3019920,377.7554
3019921,325.3337
3019922,6.265744
3019923,9.524791
3019924,313.15186
3019925,94.01567
3019926,1156.5764
3019927,2.0357702
3019928,23.845663
3019929,3.5290527
3019930,0.076759845
3019931,0.8932208
3019932,2582.8225
3019933,0.080785364
3019934,229.2547
3019935,5.1641436
3019936,801.4073
3019937,340.25766
3019938,226.25128
3019939,95.93807
3019940,48.850098
3019941,3746.2764
3019942,2.3498065
3019943,0.32272714
3019944,13.79823
3019945,10.488439
3019946,0.19253488
3019947,191.7591
3019948,1.2526572
3019949,0.45532724
3019950,3.2754788
3019951,50.27421
3019952,0.73399854
3019953,180.50375
3019954,196.1025
3019955,0.8195349
3019956,3.3812237
3019957,164.87439
3019958,40.183056
3019959,789.0413
3019960,0.40634134
3019961,1.379127
3019962,15.492588
3019963,0.32459325
3019964,17.279646
3019965,10112.112
3019966,0.52102935
3019967,1830.9537
3019968,42.26673
3019969,3630.2957
3019970,3106.9526
3019971,661.7899
3019972,432.49896
3019973,591.13446
3019974,11132.053
3019975,59.624474
3019976,2.7458467
3019977,71.09245
3019978,57.565014
3019979,1.1297789
3019980,750.7348
3019981,36.52727
3019982,30.365072
3019983,14.349134
3019984,283.2477
3019985,22.82556
3019986,1280.4242
3019987,782.592
3019988,27.99099
3019989,35.929085
3019990,1487.0957
3019991,454.75912
3019992,9249.289
3019993,5.839468
3019994,83.28079
3019995,10.783737
3019996,0.2249655
3019997,12.131806
3019998,8871.9375
3019999,0.38121727
3020000,1544.7021
3020001,33.71215
3020002,2925.234
3020003,2592.84
3020004,543.5598
3020005,365.12875
3020006,461.25403
3020007,10074.107
3020008,51.316006
3020009,2.0911233
3020010,53.226814
3020011,42.87595
3020012,0.8599534
3020013,594.717
3020014,29.356201
3020015,23.20647
3020016,10.775042
3020017,235.99556
3020018,18.06587
3020019,1099.0001
3020020,649.47577
3020021,22.364626
3020022,28.783897
3020023,1270.577
3020024,351.56595
3020025,7886.2773
3020026,3.994697
3020027,72.62752
3020028,8.959463
3020029,0.18217044
3020030,8.331133
3020031,7163.4077
3020032,0.3063329
3020033,1081.4991
3020034,25.537756
3020035,2455.6956
3020036,1882.6039
3020037,442.36896
3020038,272.7865
3020039,261.84103
3020040,8379.508
3020041,32.170593
3020042,1.6735439
3020043,47.622604
3020044,38.23303
3020045,0.70735836
3020046,507.63806
3020047,21.462294
3020048,14.492311
3020049,8.727257
3020050,171.83766
3020051,12.362156
3020052,774.3948
3020053,473.1652
3020054,16.49817
3020055,21.839857
3020056,863.5197
3020057,197.71574
3020058,5392.0786
3020059,2.7627678
3020060,36.43274
3020061,10.469882
3020062,0.20995392
3020063,11.382341
3020064,8301.999
3020065,0.3546933
3020066,1407.5353
3020067,31.823841
3020068,2792.8315
3020069,2401.2683
3020070,522.26447
3020071,341.52487
3020072,400.4124
3020073,9513.462
3020074,44.238384
3020075,1.98914
3020076,53.059002
3020077,42.80731
3020078,0.8189548
3020079,581.36
3020080,27.89625
3020081,21.243776
3020082,10.239955
3020083,213.51509
3020084,16.949205
3020085,1005.6967
3020086,600.8201
3020087,21.4384
3020088,27.283401
3020089,1157.092
3020090,302.98505
3020091,7121.782
3020092,3.7135506
3020093,58.584
3020094,7.6333885
3020095,0.14033717
3020096,6.4834995
3020097,6362.0107
3020098,0.24047671
3020099,922.5158
3020100,21.456495
3020101,2193.1377
3020102,1612.8121
3020103,402.53192
3020104,241.87735
3020105,209.38254
3020106,7557.6333
3020107,25.583256
3020108,1.3953335
3020109,41.902493
3020110,33.30974
3020111,0.5999086
3020112,459.57132
3020113,17.535013
3020114,10.583822
3020115,7.6232834
3020116,145.60284
3020117,8.995318
3020118,668.1834
3020119,428.81134
3020120,12.732091
3020121,17.815325
3020122,734.86914
3020123,157.97607
3020124,4202.8364
3020125,2.1711786
3020126,27.197845
3020127,9.163962
3020128,0.12253441
3020129,10.466063
3020130,7690.9336
3020131,0.24580932
3020132,1398.4585
3020133,30.498283
3020134,2489.5815
3020135,2437.5073
3020136,484.46826
3020137,341.15414
3020138,454.93802
3020139,8769.618
3020140,50.143257
3020141,1.7907023
3020142,45.14248
3020143,36.710365
3020144,0.64590204
3020145,482.83853
3020146,27.478434
3020147,22.468195
3020148,7.423092
3020149,223.97835
3020150,16.42423
3020151,1001.8394
3020152,564.02325
3020153,20.636734
3020154,26.279154
3020155,1187.9716
3020156,342.6414
3020157,6667.1235
3020158,3.1817832
3020159,73.36371
3020160,7.0410748
3020161,0.04448568
3020162,4.220115
3020163,2426.713
3020164,0.085393004
3020165,312.15863
3020166,13.62787
3020167,1032.5526
3020168,476.56384
3020169,268.6551
3020170,134.6359
3020171,80.7997
3020172,3346.981
3020173,14.229014
3020174,0.7014562
3020175,32.85433
3020176,25.22525
3020177,0.3358998
3020178,329.6455
3020179,8.614904
3020180,4.6398525
3020181,5.9968038
3020182,98.60349
3020183,3.192524
3020184,233.7045
3020185,242.0844
3020186,5.287279
3020187,10.108537
3020188,208.43646
3020189,70.319374
3020190,2495.5374
3020191,0.8917031
3020192,12.130616
3020193,8.345427
3020194,0.10173938
3020195,6.6738515
3020196,4433.3853
3020197,0.16803798
3020198,604.73676
3020199,22.758205
3020200,1693.9735
3020201,1088.2235
3020202,346.17194
3020203,189.57372
3020204,150.15997
3020205,5617.3315
3020206,23.06796
3020207,1.1653757
3020208,43.829044
3020209,35.108597
3020210,0.4842759
3020211,509.54895
3020212,17.177301
3020213,8.898309
3020214,7.552454
3020215,137.20158
3020216,9.132417
3020217,447.2012
3020218,342.85416
3020219,12.487676
3020220,18.523863
3020221,455.51974
3020222,120.17762
3020223,4109.2554
3020224,2.1629782
3020225,22.850182
3020226,6.38409
3020227,0.11733656
3020228,8.067064
3020229,5603.5513
3020230,0.21188721
3020231,885.51935
3020232,25.879705
3020233,1629.7795
3020234,1541.161
3020235,357.04105
3020236,256.58264
3020237,262.39987
3020238,6897.675
3020239,27.917725
3020240,1.1384914
3020241,32.534832
3020242,26.092218
3020243,0.44975027
3020244,328.95395
3020245,17.463919
3020246,12.442894
3020247,6.3446617
3020248,194.06328
3020249,9.87682
3020250,667.90717
3020251,399.3542
3020252,12.929414
3020253,20.292189
3020254,751.5654
3020255,203.44386
3020256,8168.122
3020257,1.9512188
3020258,36.537617
3020259,0.48998922
3020260,0
3020261,0.040060263
3020262,838.15356
3020263,0
3020264,77.05299
3020265,0.29108635
3020266,221.42387
3020267,82.241714
3020268,90.0444
3020269,54.076824
3020270,8.845385
3020271,1575.8778
3020272,0.8279879
3020273,0
3020274,1.8560286
3020275,1.3046339
3020276,0
3020277,14.62435
3020278,0
3020279,0
3020280,0.5326568
3020281,42.708447
3020282,0
3020283,71.970535
3020284,71.48603
3020285,0
3020286,0.12918405
3020287,52.9687
3020288,5.7557497
3020289,280.00525
3020290,0
3020291,0.6835846
3020292,2.1788065
3020293,0.0064033414
3020294,0.9402901
3020295,1934.3173
3020296,0.02730482
3020297,170.23018
3020298,2.74476
3020299,598.1075
3020300,234.87334
3020301,153.23515
3020302,79.724396
3020303,42.84828
3020304,2444.619
3020305,3.953085
3020306,0.31369218
3020307,11.224537
3020308,7.898079
3020309,0.031771373
3020310,99.4433
3020311,0.8479879
3020312,0.88015044
3020313,2.8838503
3020314,65.297035
3020315,0.5067686
3020316,146.19748
3020317,128.1424
3020318,0.5307578
3020319,1.823308
3020320,119.1683
3020321,32.58888
3020322,1044.485
3020323,0.42858532
3020324,2.7979555
3020325,2.849447
3020326,0
3020327,0.98908246
3020328,1765.1356
3020329,0.00017097563
3020330,172.258
3020331,3.0127912
3020332,591.0094
3020333,233.32954
3020334,152.25366
3020335,79.70808
3020336,40.98919
3020337,2419.648
3020338,2.622481
3020339,0.39921278
3020340,13.221259
3020341,9.759004
3020342,0.09806477
3020343,151.26172
3020344,0.8772949
3020345,0.40010113
3020346,2.568094
3020347,54.576862
3020348,0.5108702
3020349,136.0485
3020350,144.47786
3020351,0.5470185
3020352,2.0056489
3020353,122.687126
3020354,30.723152
3020355,826.4431
3020356,0.4181893
3020357,1.601933
3020358,5.6746807
3020359,0.039601415
3020360,5.8356223
3020361,4851.44
3020362,0.11342164
3020363,705.4478
3020364,19.23863
3020365,1395.142
3020366,1253.5192
3020367,296.00427
3020368,210.28503
3020369,186.06084
3020370,6125.745
3020371,28.624346
3020372,1.009929
3020373,28.96744
3020374,23.347311
3020375,0.37575874
3020376,316.27304
3020377,16.460718
3020378,10.443554
3020379,5.6963444
3020380,145.44962
3020381,7.796113
3020382,528.73126
3020383,314.47437
3020384,11.633237
3020385,15.783651
3020386,582.9823
3020387,145.31274
3020388,3831.4583
3020389,1.5276384
3020390,34.098976
3020391,5.102937
3020392,0.027611682
3020393,7.2183304
3020394,3758.4465
3020395,0.0918697
3020396,649.0256
3020397,20.643045
3020398,1108.5049
3020399,1118.5454
3020400,265.0834
3020401,207.6117
3020402,206.9208
3020403,5205.499
3020404,32.427906
3020405,0.87365973
3020406,24.436213
3020407,20.114065
3020408,0.31215897
3020409,276.66986
3020410,17.31382
3020411,12.723077
3020412,4.9502826
3020413,173.51416
3020414,9.072337
3020415,514.71014
3020416,293.71997
3020417,12.357729
3020418,16.978903
3020419,570.13885
3020420,163.96658
3020421,4589.2344
3020422,1.4997635
3020423,45.929386
3020424,8.701895
3020425,0.06322335
3020426,9.457524
3020427,5684.366
3020428,0.1535467
3020429,872.78955
3020430,26.623857
3020431,1791.1237
3020432,1619.6492
3020433,367.21555
3020434,254.35847
3020435,253.82668
3020436,6802.7856
3020437,35.241314
3020438,1.4384725
3020439,42.820503
3020440,34.55397
3020441,0.49962616
3020442,417.62573
3020443,23.09355
3020444,17.922613
3020445,7.9898157
3020446,178.05698
3020447,13.078741
3020448,641.0899
3020449,395.43082
3020450,17.651258
3020451,22.659641
3020452,719.5853
3020453,195.87415
3020454,5099.117
3020455,2.3539293
3020456,43.054146
3020457,8.468216
3020458,0.13185999
3020459,3.975731
3020460,4254.723
3020461,0.18292819
3020462,499.47473
3020463,14.9587555
3020464,1725.9474
3020465,883.0718
3020466,386.67133
3020467,169.83415
3020468,106.97545
3020469,5698.8125
3020470,11.729255
3020471,1.1257539
3020472,38.076458
3020473,30.177896
3020474,0.50931454
3020475,463.29633
3020476,7.1370573
3020477,3.5700183
3020478,7.2293634
3020479,76.04359
3020480,3.4920378
3020481,357.4071
3020482,366.2499
3020483,4.7559557
3020484,11.039949
3020485,351.94174
3020486,85.428314
3020487,1888.6123
3020488,1.5050807
3020489,8.731523
3020490,3.4998264
3020491,0
3020492,3.6440964
3020493,2458.416
3020494,0
3020495,337.53012
3020496,10.103238
3020497,643.91473
3020498,649.53375
3020499,165.07106
3020500,130.6922
3020501,98.44722
3020502,3685.43
3020503,20.238
3020504,0.6458521
3020505,17.072817
3020506,13.977494
3020507,0.13834701
3020508,163.64148
3020509,10.565024
3020510,7.1323137
3020511,3.210064
3020512,16.901741
3020513,4.3393335
3020514,256.53217
3020515,179.68512
3020516,7.35454
3020517,8.741351
3020518,281.14853
3020519,78.808846
3020520,1761.3885
3020521,0.85064006
3020522,25.95553
3020523,2.4740756
3020524,0
3020525,0.6865945
3020526,1555.5059
3020527,0.001768691
3020528,166.08586
3020529,2.3956852
3020530,582.6026
3020531,242.57822
3020532,142.92065
3020533,69.601845
3020534,32.180588
3020535,2753.406
3020536,2.1234002
3020537,0.34644338
3020538,8.728627
3020539,6.492894
3020540,0.13027458
3020541,120.548805
3020542,0.74920595
3020543,0.11703669
3020544,2.7243729
3020545,5.946611
3020546,0.40673238
3020547,121.784645
3020548,148.62027
3020549,0.479707
3020550,1.7195356
3020551,105.09185
3020552,23.364588
3020553,333.87454
3020554,0.31175408
3020555,1.4546511
3020556,7.9425297
3020557,0.17440026
3020558,3.1384149
3020559,5388.4897
3020560,0.25085804
3020561,590.7915
3020562,9.880568
3020563,2068.4277
3020564,954.22015
3020565,421.2937
3020566,177.47546
3020567,104.844055
3020568,7541.561
3020569,7.9664392
3020570,1.1887944
3020571,28.243752
3020572,21.532753
3020573,0.5042089
3020574,345.10565
3020575,3.9777327
3020576,1.4605973
3020577,6.015962
3020578,14.462406
3020579,2.1848814
3020580,390.7577
3020581,447.71335
3020582,2.6666782
3020583,7.5588284
3020584,375.26047
3020585,77.43579
3020586,1092.3109
3020587,1.4581771
3020588,5.971154
3020589,3.2628465
3020590,0.021602524
3020591,1.014205
3020592,1889.9689
3020593,0.009756632
3020594,205.7601
3020595,3.9247198
3020596,809.95154
3020597,311.36478
3020598,176.80304
3020599,72.69053
3020600,44.39599
3020601,2800.6477
3020602,2.773732
3020603,0.3600277
3020604,15.240402
3020605,11.167391
3020606,0.056478012
3020607,158.78271
3020608,1.0755734
3020609,0.14338437
3020610,3.9460673
3020611,10.722286
3020612,0.603963
3020613,134.54099
3020614,181.6766
3020615,0.66932976
3020616,2.7386806
3020617,117.45671
3020618,35.462555
3020619,389.74167
3020620,0.46596664
3020621,1.498193
3020622,2.6021378
3020623,0.031250305
3020624,0.7297641
3020625,1662.2554
3020626,0.012156997
3020627,172.09343
3020628,3.2959647
3020629,676.2879
3020630,262.11316
3020631,145.91159
3020632,60.87734
3020633,37.94515
3020634,2690.3894
3020635,2.3765728
3020636,0.27380863
3020637,11.669807
3020638,8.432126
3020639,0.059380777
3020640,128.3755
3020641,0.88525975
3020642,0.100670256
3020643,3.3638601
3020644,10.160353
3020645,0.42110038
3020646,115.93148
3020647,151.95215
3020648,0.50360227
3020649,2.290856
3020650,98.954384
3020651,30.875198
3020652,316.13132
3020653,0.3106695
3020654,1.4355555
3020655,3.5763836
3020656,0.028648868
3020657,0.9468993
3020658,2131.531
3020659,0.015540625
3020660,231.92511
3020661,4.184775
3020662,893.5795
3020663,357.9866
3020664,199.6421
3020665,79.18152
3020666,50.640568
3020667,3090.9204
3020668,2.79284
3020669,0.35049927
3020670,15.072153
3020671,10.977162
3020672,0.08280725
3020673,178.84824
3020674,1.012814
3020675,0.120451845
3020676,4.0548286
3020677,11.112693
3020678,0.54679143
3020679,150.0326
3020680,211.33582
3020681,0.60658896
3020682,2.935111
3020683,133.11913
3020684,41.131767
3020685,451.88608
3020686,0.4332987
3020687,1.5399351
3020688,3.5346508
3020689,0.012791966
3020690,1.4948688
3020691,2253.6895
3020692,0.023766564
3020693,217.06346
3020694,4.401973
3020695,888.3125
3020696,343.11447
3020697,177.98476
3020698,77.81968
3020699,47.09179
3020700,3298.843
3020701,3.9108853
3020702,0.48141408
3020703,16.352629
3020704,11.718649
3020705,0.1136811
3020706,186.47124
3020707,1.6443539
3020708,0.39775407
3020709,2.998342
3020710,11.795298
3020711,0.8900094
3020712,144.48125
3020713,182.56674
3020714,1.0519652
3020715,3.1127152
3020716,132.18153
3020717,37.40671
3020718,512.60114
3020719,0.6264852
3020720,2.8585556
3020721,3.8315263
3020722,0.03393585
3020723,0.6852592
3020724,1451.7689
3020725,0
3020726,153.49011
3020727,2.461223
3020728,573.9926
3020729,224.98805
3020730,142.47829
3020731,59.06908
3020732,34.551655
3020733,2281.8394
3020734,2.0296347
3020735,0.22547309
3020736,10.699
3020737,7.685771
3020738,0.12502371
3020739,141.08537
3020740,0.73575616
3020741,0.19958146
3020742,3.2019224
3020743,11.557589
3020744,0.251897
3020745,103.26393
3020746,146.74477
3020747,0.37164584
3020748,1.6783063
3020749,89.29876
3020750,28.626253
3020751,378.1504
3020752,0.13476212
3020753,1.4671922
3020754,4.6980243
3020755,0.06585466
3020756,2.3020377
3020757,4211.8145
3020758,0.11333581
3020759,437.65805
3020760,5.1666865
3020761,1387.4176
3020762,734.3668
3020763,300.14362
3020764,151.0013
3020765,95.08977
3020766,6138.3438
3020767,5.8892875
3020768,0.8079088
3020769,18.579792
3020770,13.627434
3020771,0.31341442
3020772,245.76999
3020773,2.3435955
3020774,0.94650316
3020775,3.884214
3020776,11.705066
3020777,1.3333514
3020778,307.88138
3020779,321.59763
3020780,1.6060615
3020781,3.8302407
3020782,312.77368
3020783,69.380806
3020784,861.20074
3020785,0.93236554
3020786,5.018933
3020787,2.9069145
3020788,0
3020789,1.2164519
3020790,1187.1537
3020791,0.059929833
3020792,114.1274
3020793,0.8414978
3020794,365.1485
3020795,167.92473
3020796,101.99498
3020797,54.12146
3020798,33.794647
3020799,2248.5745
3020800,5.8695803
3020801,0.45342818
3020802,12.580222
3020803,10.154977
3020804,0.28580043
3020805,68.823006
3020806,3.018158
3020807,1.0316877
3020808,2.256707
3020809,9.704775
3020810,0.15479963
3020811,87.34266
3020812,101.96537
3020813,2.399203
3020814,0.6734066
3020815,78.6823
3020816,25.957073
3020817,445.39423
3020818,0.13097164
3020819,5.549874
3020820,3.7349343
3020821,0.04930214
3020822,1.4817803
3020823,2174.7676
3020824,0.06581372
3020825,213.61555
3020826,4.8134894
3020827,851.50854
3020828,342.6691
3020829,172.66064
3020830,74.58471
3020831,44.95866
3020832,3543.0151
3020833,4.227588
3020834,0.56471515
3020835,17.012003
3020836,12.477219
3020837,0.15814559
3020838,161.46843
3020839,1.8741193
3020840,0.49585193
3020841,4.226317
3020842,10.946465
3020843,0.9940145
3020844,145.3297
3020845,177.55241
3020846,1.2134163
3020847,3.487543
3020848,127.91942
3020849,35.45136
3020850,437.3676
3020851,0.71668565
3020852,2.885501
3020853,4.6075516
3020854,0.030871555
3020855,4.850591
3020856,4489.3506
3020857,0.10969523
3020858,670.43427
3020859,13.54404
3020860,1250.3962
3020861,1233.8824
3020862,256.0109
3020863,194.02367
3020864,168.81229
3020865,6191.082
3020866,28.547607
3020867,1.0154676
3020868,24.54861
3020869,19.621733
3020870,0.33323073
3020871,248.20676
3020872,14.609947
3020873,8.921711
3020874,4.5494804
3020875,21.487259
3020876,5.796332
3020877,474.60944
3020878,298.52246
3020879,10.001533
3020880,11.79934
3020881,550.6335
3020882,130.86111
3020883,2731.4653
3020884,1.2947125
3020885,37.32722
3020886,6.969381
3020887,0
3020888,4.1651907
3020889,2908.1077
3020890,0.083398834
3020891,457.49078
3020892,6.430937
3020893,1760.5148
3020894,625.4717
3020895,415.6248
3020896,175.22028
3020897,67.40561
3020898,4994.432
3020899,14.893817
3020900,1.1449888
3020901,20.588509
3020902,16.33725
3020903,0.24101566
3020904,320.95065
3020905,4.03356
3020906,3.6434364
3020907,5.577761
3020908,11.147623
3020909,2.2550309
3020910,304.89484
3020911,398.7941
3020912,2.8960888
3020913,5.1211977
3020914,252.04803
3020915,46.7691
3020916,1138.2941
3020917,1.3624959
3020918,11.851525
3020919,6.8248672
3020920,0
3020921,2.6522882
3020922,2437.3726
3020923,0.03576536
3020924,484.61713
3020925,8.28606
3020926,1682.3156
3020927,700.02203
3020928,478.70486
3020929,158.60423
3020930,77.377205
3020931,3581.4207
3020932,10.307272
3020933,1.2316177
3020934,25.9111
3020935,20.962149
3020936,0.22441201
3020937,352.42087
3020938,3.4197621
3020939,1.9435282
3020940,4.978692
3020941,38.2497
3020942,2.2892895
3020943,290.80646
3020944,468.94583
3020945,2.551559
3020946,6.3419514
3020947,226.85838
3020948,56.089165
3020949,1115.3279
3020950,1.5756414
3020951,7.280162
3020952,3.8257575
3020953,0
3020954,0.8907521
3020955,1395.429
3020956,0
3020957,188.15479
3020958,3.8355632
3020959,793.1144
3020960,270.16705
3020961,194.42534
3020962,73.72475
3020963,35.78369
3020964,2287.8452
3020965,3.5243292
3020966,0.6414473
3020967,15.075617
3020968,12.060747
3020969,0.0894446
3020970,152.61693
3020971,1.1774132
3020972,0.4858507
3020973,2.78689
3020974,8.022751
3020975,0.77662325
3020976,115.104965
3020977,199.22025
3020978,0.8483571
3020979,2.8211489
3020980,92.28633
3020981,27.17898
3020982,489.5923
3020983,0.6856481
3020984,2.5293808
3020985,2.1410322
3020986,0
3020987,1.7851121
3020988,2382.0193
3020989,0.008729567
3020990,295.52344
3020991,5.1806636
3020992,621.3708
3020993,528.556
3020994,145.11313
3020995,104.51736
3020996,69.686966
3020997,3567.175
3020998,12.815887
3020999,0.4112291
3021000,11.237866
3021001,8.445001
3021002,0.09556326
3021003,120.43103
3021004,5.148144
3021005,1.9464569
3021006,2.1686594
3021007,14.337011
3021008,1.4435806
3021009,218.32213
3021010,159.16725
3021011,2.6469648
3021012,3.8268404
3021013,225.95934
3021014,57.211067
3021015,1179.2804
3021016,0.48002562
3021017,14.450787
3021018,5.489126
3021019,0
3021020,5.1999626
3021021,4462.7764
3021022,0.021143774
3021023,621.97235
3021024,13.446868
3021025,1318.632
3021026,1210.425
3021027,314.754
3021028,211.81517
3021029,177.89287
3021030,5388.1147
3021031,23.936502
3021032,0.8952956
3021033,28.929995
3021034,22.209967
3021035,0.10353683
3021036,261.83002
3021037,11.764371
3021038,9.7256365
3021039,5.036825
3021040,27.68134
3021041,5.186468
3021042,433.3939
3021043,343.75317
3021044,8.504161
3021045,11.326506
3021046,498.50677
3021047,142.99829
3021048,2722.125
3021049,1.2989936
3021050,29.481596
3021051,2.359179
3021052,0.0023580233
3021053,1.533596
3021054,1103.3475
3021055,0.053335764
3021056,133.28665
3021057,2.2309139
3021058,280.41248
3021059,192.99591
3021060,96.65915
3021061,67.14064
3021062,42.924767
3021063,1965.6848
3021064,5.846467
3021065,0.42315397
3021066,9.6552925
3021067,7.889965
3021068,0.19641232
3021069,41.324814
3021070,3.3458562
3021071,1.5241649
3021072,1.9780245
3021073,18.279099
3021074,0.75983477
3021075,108.09008
3021076,98.6768
3021077,2.8208456
3021078,1.767952
3021079,98.94656
3021080,36.257984
3021081,371.19852
3021082,0.35939378
3021083,4.965796
3021084,2.7673333
3021085,0
3021086,0.8833083
3021087,1466.987
3021088,0.0007297525
3021089,147.96938
3021090,2.064802
3021091,465.60742
3021092,221.68376
3021093,108.5941
3021094,63.004883
3021095,30.630243
3021096,2387.1199
3021097,2.3999455
3021098,0.2818178
3021099,9.310092
3021100,6.3771286
3021101,0.058699176
3021102,95.78925
3021103,0.994668
3021104,0.3606857
3021105,2.2249224
3021106,10.951601
3021107,0.46573606
3021108,113.19221
3021109,113.328964
3021110,0.59153605
3021111,1.4557877
3021112,98.522545
3021113,24.742754
3021114,441.27792
3021115,0.2707062
3021116,1.8797412
3021117,4.5787024
3021118,0.060907554
3021119,4.802344
3021120,4119.2314
3021121,0.14971825
3021122,568.3787
3021123,11.451
3021124,1091.9814
3021125,1088.7928
3021126,229.70255
3021127,174.22359
3021128,145.7493
3021129,5821.1787
3021130,21.776148
3021131,0.998572
3021132,21.387085
3021133,17.004503
3021134,0.2993853
3021135,197.7798
3021136,10.94131
3021137,7.606839
3021138,4.64536
3021139,25.784891
3021140,4.702309
3021141,403.4163
3021142,261.64145
3021143,7.880192
3021144,9.792646
3021145,464.87665
3021146,114.41537
3021147,2738.9624
3021148,1.3285356
3021149,27.174896
3021150,5.727113
3021151,0.118987925
3021152,2.2017288
3021153,4401.236
3021154,0.16009901
3021155,458.22968
3021156,6.568583
3021157,1639.3152
3021158,789.12836
3021159,338.67218
3021160,149.55902
3021161,98.28186
3021162,6209.735
3021163,4.9689245
3021164,0.80082893
3021165,22.70792
3021166,16.9553
3021167,0.29494345
3021168,282.70093
3021169,2.1994236
3021170,0.86247313
3021171,4.54879
3021172,19.471119
3021173,1.3500404
3021174,304.44385
3021175,352.01007
3021176,1.5163925
3021177,4.796394
3021178,306.03174
3021179,75.77477
3021180,1038.0985
3021181,1.025459
3021182,3.429347
3021183,6.2755885
3021184,0.006792098
3021185,3.1128201
3021186,2455.9053
3021187,0.074626096
3021188,411.19727
3021189,6.3664093
3021190,1557.491
3021191,567.96106
3021192,392.40222
3021193,153.56233
3021194,62.45007
3021195,4190.7466
3021196,9.145028
3021197,0.9639461
3021198,20.099174
3021199,16.044903
3021200,0.12129057
3021201,340.361
3021202,2.6374996
3021203,2.3456857
3021204,5.085802
3021205,16.444544
3021206,1.764523
3021207,270.68073
3021208,374.86722
3021209,2.0143666
3021210,4.836969
3021211,212.43529
3021212,43.75893
3021213,1090.0049
3021214,1.2636049
3021215,6.741844
3021216,11.393698
3021217,0.25617528
3021218,12.035853
3021219,9540.331
3021220,0.42449957
3021221,1582.5417
3021222,30.610468
3021223,3015.8733
3021224,2771.4756
3021225,603.78577
3021226,427.46082
3021227,517.05505
3021228,11414.765
3021229,68.48546
3021230,2.375599
3021231,57.71391
3021232,46.410595
3021233,0.865945
3021234,618.5304
3021235,34.665257
3021236,29.010439
3021237,11.472984
3021238,46.319317
3021239,18.846163
3021240,1105.9277
3021241,724.1407
3021242,26.147787
3021243,28.489096
3021244,1314.2998
3021245,402.93448
3021246,6577.5254
3021247,3.771442
3021248,105.03237
3021249,1.8980589
3021250,0
3021251,0.6794282
3021252,1661.6132
3021253,0
3021254,157.67654
3021255,1.9397423
3021256,532.37305
3021257,228.8177
3021258,120.699936
3021259,66.71719
3021260,35.88655
3021261,2503.6992
3021262,1.7681346
3021263,0.27062678
3021264,8.765198
3021265,6.135087
3021266,0
3021267,104.351
3021268,0.6639285
3021269,0.10652984
3021270,2.3620138
3021271,11.422627
3021272,0.39993703
3021273,115.3608
3021274,123.0013
3021275,0.41109395
3021276,1.3624513
3021277,105.38526
3021278,28.370369
3021279,382.11975
3021280,0.31499115
3021281,1.174789
3021282,5.66032
3021283,0.10552697
3021284,1.874948
3021285,3901.2368
3021286,0.13798797
3021287,395.66962
3021288,5.905602
3021289,1518.7021
3021290,644.5621
3021291,323.5833
3021292,130.85997
3021293,76.35147
3021294,5702.5537
3021295,4.3022785
3021296,0.7684308
3021297,20.755787
3021298,15.497
3021299,0.3150443
3021300,280.7026
3021301,1.8186896
3021302,0.6735592
3021303,6.0102553
3021304,14.062515
3021305,1.1115067
3021306,260.00247
3021307,337.99243
3021308,1.257767
3021309,4.3840094
3021310,245.48752
3021311,60.267418
3021312,853.35205
3021313,0.87702715
3021314,2.64823
3021315,1.2213886
3021316,0
3021317,0.28435576
3021318,1056.4478
3021319,0
3021320,106.64607
3021321,1.2004266
3021322,358.65686
3021323,141.6789
3021324,85.61108
3021325,47.8308
3021326,21.507063
3021327,1773.6855
3021328,0.93892384
3021329,0.10556454
3021330,5.533775
3021331,3.933103
3021332,0
3021333,73.56877
3021334,0.2227666
3021335,0
3021336,1.728148
3021337,8.328897
3021338,0.10565792
3021339,80.75236
3021340,88.64678
3021341,0.07981244
3021342,0.7962403
3021343,68.80297
3021344,16.289783
3021345,250.09448
3021346,0.08657254
3021347,0.5836717
3021348,4.4774165
3021349,0.079688385
3021350,1.0281258
3021351,2831.1665
3021352,0.08250458
3021353,275.36835
3021354,4.2524366
3021355,1025.5632
3021356,419.50916
3021357,237.33646
3021358,96.63946
3021359,55.81504
3021360,4312.9277
3021361,2.480309
3021362,0.4576981
3021363,14.628682
3021364,11.046611
3021365,0.19521135
3021366,202.1794
3021367,1.070678
3021368,0.27980828
3021369,4.6244826
3021370,13.364754
3021371,0.6472602
3021372,184.87569
3021373,247.84091
3021374,0.70329833
3021375,3.1534348
3021376,170.05586
3021377,44.463367
3021378,578.92505
3021379,0.5377219
3021380,1.2707665
3021381,6.303711
3021382,0.16026309
3021383,1.6991503
3021384,3195.1802
3021385,0.16583724
3021386,347.032
3021387,7.6906805
3021388,1322.4078
3021389,567.52576
3021390,291.71088
3021391,109.43033
3021392,68.50365
3021393,5014.8784
3021394,4.4528904
3021395,0.76126444
3021396,22.80323
3021397,17.517628
3021398,0.33766043
3021399,230.63232
3021400,2.1975145
3021401,0.6060085
3021402,6.2115555
3021403,15.31945
3021404,1.2691925
3021405,217.08156
3021406,310.03497
3021407,1.4569483
3021408,5.7480326
3021409,195.16103
3021410,53.921673
3021411,661.2494
3021412,0.9828714
3021413,2.4371684
3021414,1.5634251
3021415,0
3021416,0.405875
3021417,1425.7855
3021418,0
3021419,129.27666
3021420,1.6198215
3021421,434.4329
3021422,179.47589
3021423,99.82479
3021424,56.784096
3021425,27.911976
3021426,2330.2068
3021427,1.0086539
3021428,0.17953621
3021429,7.1020308
3021430,5.039457
3021431,0
3021432,90.967285
3021433,0.3297997
3021434,0
3021435,2.007074
3021436,11.407031
3021437,0.2087645
3021438,98.45969
3021439,106.3737
3021440,0.16914053
3021441,1.0961044
3021442,86.92782
3021443,21.441954
3021444,311.90204
3021445,0.21513215
3021446,0.59013844
3021447,4.921504
3021448,0.058460638
3021449,1.979126
3021450,3492.0457
3021451,0.1558554
3021452,363.85095
3021453,4.9721527
3021454,1226.8594
3021455,556.40405
3021456,266.4177
3021457,130.97552
3021458,82.75593
3021459,5290.042
3021460,2.960646
3021461,0.70138645
3021462,16.873636
3021463,12.768647
3021464,0.19737871
3021465,236.07434
3021466,1.326494
3021467,0.62929666
3021468,4.0916314
3021469,22.35876
3021470,0.99132323
3021471,265.26175
3021472,275.7434
3021473,0.95736074
3021474,3.5656686
3021475,259.58688
3021476,57.42424
3021477,849.6171
3021478,0.8211198
3021479,1.9061542
3021480,4.5941515
3021481,0.04098037
3021482,5.6061716
3021483,3483.867
3021484,0.123599365
3021485,386.15204
3021486,14.220553
3021487,924.62714
3021488,733.34186
3021489,214.7829
3021490,146.46042
3021491,109.37889
3021492,4835.4595
3021493,27.885187
3021494,1.0030489
3021495,27.561472
3021496,20.63086
3021497,0.37201896
3021498,256.8359
3021499,15.258793
3021500,9.494425
3021501,5.1539483
3021502,24.85128
3021503,5.743955
3021504,277.69763
3021505,233.02359
3021506,9.870403
3021507,12.2793
3021508,291.6263
3021509,91.386024
3021510,2372.3643
3021511,1.2592945
3021512,34.059944
3021513,4.6184464
3021514,0.042888504
3021515,4.0939407
3021516,3041.9253
3021517,0.10435735
3021518,341.94373
3021519,12.767338
3021520,940.93713
3021521,644.43066
3021522,201.01924
3021523,128.04385
3021524,95.58022
3021525,4305.3936
3021526,19.226898
3021527,0.820243
3021528,28.897623
3021529,22.640604
3021530,0.3257223
3021531,259.68033
3021532,12.447267
3021533,6.3260484
3021534,4.358989
3021535,21.061241
3021536,5.168798
3021537,239.71461
3021538,216.85487
3021539,8.658683
3021540,10.912768
3021541,250.19617
3021542,79.17246
3021543,2169.6123
3021544,1.0960519
3021545,22.966002
3021546,5.5214677
3021547,0.06773611
3021548,3.7637863
3021549,3454.5388
3021550,0.123930044
3021551,357.038
3021552,9.156705
3021553,1295.2269
3021554,636.4092
3021555,272.9325
3021556,139.24446
3021557,87.70437
3021558,5009.753
3021559,13.016797
3021560,1.0379765
3021561,33.112442
3021562,23.922974
3021563,0.38476512
3021564,318.8406
3021565,6.750112
3021566,3.1919608
3021567,6.267229
3021568,20.398424
3021569,2.4757018
3021570,242.57404
3021571,287.59195
3021572,3.8983302
3021573,6.693389
3021574,240.27022
3021575,68.42061
3021576,1316.985
3021577,1.2456045
3021578,13.224725
3021579,3.6651783
3021580,0.009629376
3021581,3.8360786
3021582,3561.2114
3021583,0.079079516
3021584,527.3796
3021585,10.566255
3021586,983.12573
3021587,964.61395
3021588,210.78534
3021589,162.6313
3021590,130.50182
3021591,5201.8657
3021592,22.821522
3021593,0.82054853
3021594,19.17702
3021595,15.146172
3021596,0.2759001
3021597,195.57405
3021598,11.28679
3021599,6.2932043
3021600,3.5714164
3021601,19.282825
3021602,4.0689726
3021603,382.18112
3021604,238.7565
3021605,7.363488
3021606,8.921655
3021607,432.7992
3021608,102.103134
3021609,2205.8044
3021610,1.0123434
3021611,28.743633
3021612,4.997263
3021613,0.08767844
3021614,1.5114508
3021615,3521.6382
3021616,0.111054614
3021617,346.20572
3021618,5.4203568
3021619,1310.262
3021620,551.0527
3021621,275.56702
3021622,112.68407
3021623,67.56229
3021624,5265.2544
3021625,3.4025636
3021626,0.6170771
3021627,17.630209
3021628,13.231604
3021629,0.22155778
3021630,226.24185
3021631,1.4977303
3021632,0.40237817
3021633,3.8547935
3021634,13.541734
3021635,0.96499395
3021636,231.53514
3021637,287.15112
3021638,1.0306232
3021639,4.0233326
3021640,218.93248
3021641,53.353157
3021642,627.3921
3021643,0.7745904
3021644,2.0479145
3021645,4.452893
3021646,0.0048521375
3021647,3.9292636
3021648,3085.9646
3021649,0.062240783
3021650,368.35666
3021651,10.619987
3021652,969.0952
3021653,673.85846
3021654,198.9284
3021655,125.574585
3021656,87.70115
3021657,4252.4146
3021658,14.794189
3021659,0.73991776
3021660,25.49209
3021661,19.783203
3021662,0.17909092
3021663,214.73846
3021664,9.3909025
3021665,5.3703403
3021666,4.44387
3021667,20.811342
3021668,4.000309
3021669,257.61755
3021670,214.79526
3021671,6.915368
3021672,8.895039
3021673,262.30756
3021674,70.31615
3021675,1862.3182
3021676,1.0867374
3021677,14.850246
3021678,4.9625564
3021679,0
3021680,4.1314735
3021681,2365.3118
3021682,0
3021683,355.07373
3021684,10.428683
3021685,1037.5798
3021686,462.03674
3021687,266.3801
3021688,179.27669
3021689,90.461334
3021690,3785.1582
3021691,23.482
3021692,1.4863331
3021693,16.205833
3021694,12.6682825
3021695,0.14412634
3021696,212.71188
3021697,10.292083
3021698,5.9082685
3021699,4.230817
3021700,58.690327
3021701,4.0555105
3021702,279.47955
3021703,267.90494
3021704,5.678683
3021705,8.53086
3021706,244.75331
3021707,72.63286
3021708,1243.3541
3021709,1.938765
3021710,19.869093
3021711,4.074402
3021712,0.08389892
3021713,0.9348028
3021714,3386.7495
3021715,0.10267028
3021716,306.39883
3021717,4.0167184
3021718,1092.289
3021719,503.39713
3021720,232.8071
3021721,105.92006
3021722,62.85822
3021723,5132.519
3021724,2.264244
3021725,0.4458453
3021726,13.260934
3021727,10.049445
3021728,0.16860045
3021729,176.13739
3021730,1.1144469
3021731,0.29838136
3021732,3.7987404
3021733,14.468516
3021734,0.70627785
3021735,215.04514
3021736,244.68922
3021737,0.76559603
3021738,2.9660256
3021739,206.94936
3021740,47.895103
3021741,596.1054
3021742,0.5576422
3021743,1.3520751
3021744,14.0522375
3021745,0.3977116
3021746,14.472522
3021747,11724.364
3021748,0.6200502
3021749,1990.3976
3021750,34.87873
3021751,3871.4934
3021752,3218.6143
3021753,800.11017
3021754,537.379
3021755,635.84375
3021756,13450.636
3021757,71.514725
3021758,2.9583247
3021759,69.33836
3021760,55.77786
3021761,1.1639848
3021762,780.502
3021763,38.777035
3021764,32.282875
3021765,13.99463
3021766,47.333847
3021767,22.700155
3021768,1399.6509
3021769,977.9101
3021770,30.09804
3021771,32.71992
3021772,1606.7711
3021773,491.75742
3021774,7507.75
3021775,5.430259
3021776,108.67455
3021777,10.033716
3021778,0.2921041
3021779,10.392861
3021780,9947.379
3021781,0.4779011
3021782,1706.2446
3021783,27.725006
3021784,3119.8489
3021785,2736.3245
3021786,638.6559
3021787,450.7546
3021788,513.5618
3021789,12002.355
3021790,62.99716
3021791,2.3145995
3021792,52.092487
3021793,41.903015
3021794,0.9219098
3021795,596.68427
3021796,31.517578
3021797,23.614977
3021798,10.378276
3021799,38.353832
3021800,17.408306
3021801,1212.1917
3021802,800.7292
3021803,23.78506
3021804,25.933535
3021805,1395.5514
3021806,393.34656
3021807,6195.2407
3021808,3.720008
3021809,96.98273
3021810,8.67929
3021811,0.23465246
3021812,7.597108
3021813,8198.281
3021814,0.38356575
3021815,1242.6387
3021816,21.867804
3021817,2649.4114
3021818,2072.8276
3021819,508.18964
3021820,329.13632
3021821,299.82828
3021822,9992.681
3021823,35.841927
3021824,1.881669
3021825,47.42144
3021826,37.50028
3021827,0.7572377
3021828,489.87915
3021829,23.56481
3021830,12.307349
3021831,8.061184
3021832,26.665085
3021833,11.236448
3021834,870.8035
3021835,597.3201
3021836,17.335577
3021837,19.931671
3021838,988.8203
3021839,223.57278
3021840,4249.7666
3021841,2.6707044
3021842,48.324097
3021843,9.790055
3021844,0.2736239
3021845,9.848685
3021846,9331.082
3021847,0.4443303
3021848,1550.9502
3021849,26.579458
3021850,2964.68
3021851,2544.2964
3021852,600.7082
3021853,413.11453
3021854,443.06
3021855,11267.454
3021856,53.32546
3021857,2.204568
3021858,52.409924
3021859,41.892235
3021860,0.863997
3021861,565.554
3021862,29.915133
3021863,21.008118
3021864,9.832703
3021865,34.473904
3021866,16.129873
3021867,1105.4548
3021868,730.8278
3021869,22.630642
3021870,24.743853
3021871,1270.0853
3021872,336.01712
3021873,5665.54
3021874,3.4861321
3021875,78.47917
3021876,7.5149755
3021877,0.19012584
3021878,6.1035633
3021879,7091.476
3021880,0.3120757
3021881,1051.538
3021882,18.499603
3021883,2364.735
3021884,1788.2972
3021885,453.87613
3021886,286.36832
3021887,238.04588
3021888,8879.836
3021889,27.506414
3021890,1.5917895
3021891,41.684696
3021892,32.51601
3021893,0.6424688
3021894,434.41275
3021895,18.968397
3021896,8.311887
3021897,6.9924865
3021898,22.160063
3021899,7.807246
3021900,741.94354
3021901,526.8221
3021902,13.006261
3021903,16.22313
3021904,834.76526
3021905,177.64566
3021906,3270.1455
3021907,2.1698208
3021908,35.35585
3021909,8.522308
3021910,0.18458606
3021911,9.003296
3021912,8305.983
3021913,0.3319496
3021914,1493.435
3021915,25.634834
3021916,2604.239
3021917,2486.7126
3021918,539.53046
3021919,397.6179
3021920,460.7731
3021921,10193.034
3021922,62.04615
3021923,2.000714
3021924,44.63222
3021925,36.287807
3021926,0.69811165
3021927,492.89008
3021928,29.34081
3021929,22.542847
3021930,6.94991
3021931,34.09308
3021932,15.943949
3021933,1056.9839
3021934,663.7989
3021935,21.8669
3021936,24.032053
3021937,1248.9519
3021938,353.62668
3021939,5758.0366
3021940,3.0499067
3021941,96.1212
3021942,4.9891553
3021943,0.070274256
3021944,3.31882
3021945,2711.9187
3021946,0.11993364
3021947,308.32712
3021948,10.263454
3021949,1043.4764
3021950,520.5907
3021951,235.88733
3021952,115.68479
3021953,74.805786
3021954,3837.6365
3021955,11.590662
3021956,0.8428744
3021957,33.979767
3021958,25.098007
3021959,0.37617442
3021960,307.5484
3021961,7.756794
3021962,3.1415448
3021963,5.2210727
3021964,21.394539
3021965,2.5489368
3021966,203.57668
3021967,244.58076
3021968,4.5543437
3021969,7.7289076
3021970,190.58691
3021971,64.54947
3021972,1694.9502
3021973,0.9349123
3021974,11.157987
3021975,7.8624945
3021976,0.15410183
3021977,5.6020055
3021978,5544.874
3021979,0.23597102
3021980,717.9259
3021981,18.73317
3021982,1996.4984
3021983,1329.756
3021984,368.13376
3021985,203.84131
3021986,162.81195
3021987,7119.3916
3021988,23.309168
3021989,1.2584796
3021990,43.22733
3021991,34.2424
3021992,0.50613606
3021993,448.5829
3021994,17.059687
3021995,6.7527256
3021996,6.6187677
3021997,21.088245
3021998,7.5768967
3021999,481.82193
3022000,407.8618
3022001,11.998372
3022002,16.103212
3022003,529.78564
3022004,127.400955
3022005,3104.0996
3022006,1.9344294
3022007,27.962753
3022008,5.963664
3022009,0.15439688
3022010,6.912092
3022011,6576.553
3022012,0.26569834
3022013,1005.6914
3022014,17.629246
3022015,1852.642
3022016,1829.7844
3022017,361.74863
3022018,265.64227
3022019,283.12927
3022020,8387.151
3022021,31.5752
3022022,1.247782
3022023,32.784
3022024,25.625202
3022025,0.45723993
3022026,336.8981
3022027,15.919424
3022028,11.517635
3022029,6.0865426
3022030,41.400623
3022031,7.939661
3022032,711.7362
3022033,435.11298
3022034,11.744809
3022035,15.16518
3022036,840.6622
3022037,218.36731
3022038,5122.8296
3022039,1.8204978
3022040,44.84466
3022041,0.7717143
3022042,0
3022043,0.22085513
3022044,744.26794
3022045,0
3022046,62.09466
3022047,0.26492673
3022048,193.323
3022049,69.52213
3022050,60.514515
3022051,39.494278
3022052,6.075667
3022053,1468.7192
3022054,0.710927
3022055,0
3022056,2.1147141
3022057,1.534843
3022058,0
3022059,14.465607
3022060,0
3022061,0.016113834
3022062,0.8486538
3022063,9.710038
3022064,0
3022065,49.917118
3022066,56.731876
3022067,0
3022068,0.13181274
3022069,39.268307
3022070,3.720313
3022071,248.61111
3022072,0
3022073,0.5761461
3022074,2.7321088
3022075,0
3022076,1.3088388
3022077,1714.1799
3022078,0
3022079,145.55174
3022080,2.324266
3022081,509.43332
3022082,218.74483
3022083,100.13806
3022084,55.504936
3022085,36.915733
3022086,2492.3787
3022087,2.2156134
3022088,0.36400256
3022089,11.187717
3022090,8.0395155
3022091,0
3022092,126.16946
3022093,0.6964804
3022094,0.44792122
3022095,2.1711025
3022096,19.187052
3022097,0.55653226
3022098,106.80994
3022099,100.673004
3022100,0.50124
3022101,1.6441495
3022102,95.83717
3022103,26.901342
3022104,757.6527
3022105,0.47454205
3022106,1.6271312
3022107,3.4546094
3022108,0
3022109,1.383863
3022110,1969.1248
3022111,0.014604222
3022112,167.29327
3022113,2.5892332
3022114,620.68207
3022115,248.85141
3022116,128.7611
3022117,67.83631
3022118,36.198757
3022119,2842.4653
3022120,1.8980262
3022121,0.51100016
3022122,12.745593
3022123,9.543039
3022124,0.08341121
3022125,169.49463
3022126,0.82813084
3022127,0.13312797
3022128,3.1184292
3022129,10.980142
3022130,0.56424546
3022131,120.77424
3022132,136.68825
3022133,0.56971395
3022134,1.8579473
3022135,111.81077
3022136,25.714375
3022137,645.571
3022138,0.55117416
3022139,1.1968806
3022140,5.415708
3022141,0.07349485
3022142,5.3690295
3022143,5540.814
3022144,0.16878504
3022145,802.0071
3022146,15.098749
3022147,1560.9348
3022148,1454.9625
3022149,306.84784
3022150,223.16463
3022151,201.33237
3022152,7317.3135
3022153,32.1156
3022154,1.19872
3022155,28.993887
3022156,22.819353
3022157,0.4383618
3022158,292.3616
3022159,16.637016
3022160,8.936064
3022161,5.276069
3022162,23.259405
3022163,6.3755016
3022164,558.6996
3022165,356.48798
3022166,11.154723
3022167,13.164542
3022168,647.58923
3022169,156.12364
3022170,2975.647
3022171,1.5074899
3022172,42.94908
3022173,4.6311646
3022174,0.053509105
3022175,6.234978
3022176,4329.1514
3022177,0.13399468
3022178,737.3636
3022179,15.114813
3022180,1256.4454
3022181,1363.7736
3022182,262.12067
3022183,211.52747
3022184,216.45488
3022185,6221.5806
3022186,36.951313
3022187,1.0400255
3022188,23.952196
3022189,19.522352
3022190,0.35706908
3022191,258.95294
3022192,16.379591
3022193,12.46415
3022194,4.630194
3022195,28.740265
3022196,7.353652
3022197,536.44305
3022198,310.48038
3022199,11.246982
3022200,13.307567
3022201,632.1274
3022202,169.91008
3022203,3480.4124
3022204,1.4275937
3022205,53.33134
3022206,8.067392
3022207,0.108986124
3022208,8.146564
3022209,6525.634
3022210,0.22000133
3022211,944.14685
3022212,21.807024
3022213,1898.9965
3022214,1752.8978
3022215,378.95615
3022216,265.7304
3022217,257.70117
3022218,8068.6226
3022219,39.507786
3022220,1.6291444
3022221,42.94465
3022222,34.43961
3022223,0.53172755
3022224,393.81955
3022225,24.127989
3022226,17.187632
3022227,7.602152
3022228,27.64525
3022229,12.123859
3022230,649.1362
3022231,438.57477
3022232,18.135477
3022233,20.127369
3022234,761.581
3022235,199.52321
3022236,4068.3645
3022237,2.2860901
3022238,53.68129
3022239,8.635225
3022240,0.15995899
3022241,4.1719275
3022242,5224.785
3022243,0.22529367
3022244,608.7943
3022245,12.60082
3022246,2005.0203
3022247,1047.8884
3022248,415.19946
3022249,199.06726
3022250,130.88733
3022251,7257.821
3022252,12.021248
3022253,1.2930725
3022254,37.90732
3022255,29.07443
3022256,0.5133754
3022257,416.26816
3022258,6.995567
3022259,2.7050576
3022260,7.4961033
3022261,17.8418
3022262,3.137896
3022263,409.61435
3022264,444.47034
3022265,4.4339705
3022266,9.646679
3022267,415.47562
3022268,96.47194
3022269,1498.31
3022270,1.7006612
3022271,10.349517
3022272,2.217157
3022273,0
3022274,2.675294
3022275,1616.1013
3022276,0
3022277,278.31946
3022278,8.33294
3022279,511.22223
3022280,469.8848
3022281,145.53679
3022282,118.565
3022283,75.26348
3022284,2530.12
3022285,14.331187
3022286,0.32696295
3022287,12.292997
3022288,10.0676
3022289,0.034559965
3022290,139.51007
3022291,7.9018707
3022292,4.8069077
3022293,2.4083588
3022294,56.01443
3022295,3.0617433
3022296,215.37514
3022297,156.93204
3022298,5.1843767
3022299,6.685524
3022300,221.55276
3022301,63.028206
3022302,1592.89
3022303,0.5490625
3022304,18.316132
3022305,1.3617897
3022306,0
3022307,0.44312853
3022308,997.45776
3022309,0
3022310,158.34325
3022311,1.9457157
3022312,442.08597
3022313,177.56416
3022314,126.00796
3022315,64.89994
3022316,22.104454
3022317,1832.0381
3022318,1.5339434
3022319,0.12503839
3022320,6.2348213
3022321,4.5621185
3022322,0.06356747
3022323,95.64495
3022324,0.4604644
3022325,0
3022326,1.9929583
3022327,13.884402
3022328,0.25281903
3022329,113.12085
3022330,134.7997
3022331,0.28299877
3022332,1.292584
3022333,86.52816
3022334,17.608799
3022335,278.5617
3022336,0.073061444
3022337,0.953429
3022338,4.9985
3022339,0.11006797
3022340,1.7975352
3022341,3248.8057
3022342,0.17425111
3022343,488.03418
3022344,8.63705
3022345,1268.56
3022346,613.6506
3022347,284.46896
3022348,141.47357
3022349,62.835052
3022350,4982.1895
3022351,5.7143326
3022352,0.7020478
3022353,22.297659
3022354,17.239437
3022355,0.36590642
3022356,278.92346
3022357,2.6751099
3022358,1.1731763
3022359,5.0124555
3022360,32.407177
3022361,1.5239117
3022362,282.12387
3022363,308.83212
3022364,1.7929611
3022365,6.1844697
3022366,242.64455
3022367,50.132004
3022368,940.3772
3022369,0.9185469
3022370,4.139975
3022371,1.865027
3022372,0
3022373,0.36822554
3022374,1348.9995
3022375,0
3022376,214.889
3022377,3.1581898
3022378,636.043
3022379,250.46329
3022380,145.61926
3022381,66.314735
3022382,32.45205
3022383,2126.1047
3022384,2.1800458
3022385,0.18896246
3022386,10.158009
3022387,7.3623543
3022388,0.006091101
3022389,131.28746
3022390,0.5483073
3022391,0.067110464
3022392,3.1671677
3022393,19.359045
3022394,0.34936738
3022395,128.67134
3022396,155.74171
3022397,0.30750954
3022398,1.997581
3022399,100.57638
3022400,27.885664
3022401,347.42654
3022402,0.25030866
3022403,1.1190562
3022404,1.474271
3022405,0
3022406,0.52561665
3022407,1160.2761
3022408,0
3022409,173.85693
3022410,2.7530897
3022411,538.3469
3022412,204.60019
3022413,124.19179
3022414,56.54559
3022415,27.197268
3022416,1955.1321
3022417,1.8140416
3022418,0.09651797
3022419,8.093155
3022420,5.8130355
3022421,0.008956037
3022422,107.34058
3022423,0.46953046
3022424,0.007938451
3022425,2.6597583
3022426,17.287018
3022427,0.24451482
3022428,111.10812
3022429,135.06377
3022430,0.23878558
3022431,1.737289
3022432,83.97714
3022433,23.83958
3022434,283.68613
3022435,0.131458
3022436,1.0364547
3022437,2.0179603
3022438,0
3022439,0.3278513
3022440,1447.4003
3022441,0
3022442,224.18883
3022443,3.433576
3022444,676.11383
3022445,272.58774
3022446,172.926
3022447,76.185265
3022448,34.451355
3022449,2224.55
3022450,2.1126196
3022451,0.14135103
3022452,10.197578
3022453,7.3408613
3022454,0.019068522
3022455,141.42154
3022456,0.5490918
3022457,0.018186016
3022458,3.1831183
3022459,19.783585
3022460,0.32389268
3022461,141.5108
3022462,184.78955
3022463,0.30122095
3022464,2.1876223
3022465,113.32869
3022466,29.866606
3022467,380.7009
3022468,0.18336956
3022469,1.106992
3022470,2.020441
3022471,0
3022472,0.6680969
3022473,1526.931
3022474,0
3022475,216.73212
3022476,3.5645452
3022477,686.0662
3022478,276.61203
3022479,149.54402
3022480,74.74747
3022481,35.74375
3022482,2357.9675
3022483,2.9375465
3022484,0.2585936
3022485,11.409584
3022486,8.161365
3022487,0.052847356
3022488,151.04552
3022489,0.99537265
3022490,0.28144187
3022491,3.1860075
3022492,23.958902
3022493,0.5825374
3022494,139.40611
3022495,161.04181
3022496,0.6036171
3022497,2.305401
3022498,115.14822
3022499,29.936346
3022500,440.40674
3022501,0.35346404
3022502,2.0786803
3022503,3.0239735
3022504,0.010590388
3022505,0.52071464
3022506,1011.8053
3022507,0
3022508,160.2443
3022509,1.9862459
3022510,469.5618
3022511,172.67961
3022512,124.872734
3022513,53.26697
3022514,23.539188
3022515,1619.1292
3022516,1.6194942
3022517,0.02280372
3022518,7.044738
3022519,5.1039762
3022520,0.053447902
3022521,112.579056
3022522,0.43371952
3022523,0.09491902
3022524,2.6741242
3022525,17.968836
3022526,0.14629379
3022527,95.735275
3022528,133.43927
3022529,0.201459
3022530,1.2731249
3022531,73.84846
3022532,20.97104
3022533,319.3872
3022534,0
3022535,1.1351702
3022536,2.7842546
3022537,0.03304656
3022538,1.2069557
3022539,2619.3613
3022540,0.07061601
3022541,374.09714
3022542,4.170187
3022543,911.351
3022544,508.1656
3022545,227.06676
3022546,135.58719
3022547,59.260147
3022548,4083.7656
3022549,3.9559164
3022550,0.45788404
3022551,13.655132
3022552,9.86761
3022553,0.2143948
3022554,187.50595
3022555,1.4929996
3022556,0.65741
3022557,2.3235526
3022558,31.041645
3022559,0.9053278
3022560,245.77753
3022561,249.88338
3022562,1.0249555
3022563,2.8468504
3022564,224.0012
3022565,45.623096
3022566,736.0023
3022567,0.5421618
3022568,3.3592253
3022569,2.0411654
3022570,0
3022571,0.88566816
3022572,856.5609
3022573,0
3022574,145.44989
3022575,0.76038146
3022576,330.06738
3022577,136.798
3022578,82.21509
3022579,48.075066
3022580,22.248907
3022581,1531.167
3022582,4.1765795
3022583,0.16012701
3022584,8.131633
3022585,7.1622725
3022586,0.16447583
3022587,54.08775
3022588,1.8899319
3022589,0.66191053
3022590,1.6147234
3022591,24.466091
3022592,0.038976718
3022593,81.458595
3022594,85.04864
3022595,1.4447296
3022596,0.54800487
3022597,63.180367
3022598,19.371737
3022599,267.55716
3022600,0
3022601,4.050742
3022602,2.2234504
3022603,0.010055892
3022604,0.6780181
3022605,1446.609
3022606,0.023306675
3022607,211.55128
3022608,4.266314
3022609,636.4256
3022610,257.02112
3022611,136.94112
3022612,67.3802
3022613,32.601562
3022614,2454.4905
3022615,3.2070136
3022616,0.3050084
3022617,12.09873
3022618,8.907597
3022619,0.08874832
3022620,133.32373
3022621,1.2337315
3022622,0.38642552
3022623,3.1609406
3022624,21.999792
3022625,0.6752167
3022626,134.35046
3022627,146.61548
3022628,0.76181006
3022629,2.8440971
3022630,104.07487
3022631,27.63717
3022632,378.62527
3022633,0.42909756
3022634,2.1322064
3022635,2.8597472
3022636,0
3022637,3.3052502
3022638,2879.871
3022639,0.053003017
3022640,478.42932
3022641,10.853931
3022642,870.32227
3022643,862.02423
3022644,199.33943
3022645,157.17682
3022646,110.27856
3022647,4189.024
3022648,19.055576
3022649,0.57458377
3022650,17.532755
3022651,14.054627
3022652,0.19978404
3022653,212.30058
3022654,10.103132
3022655,5.957721
3022656,3.362134
3022657,65.35039
3022658,4.0602474
3022659,342.9924
3022660,228.32356
3022661,6.5249453
3022662,8.754405
3022663,373.89563
3022664,89.38772
3022665,2686.123
3022666,0.88029146
3022667,24.369064
3022668,4.3244576
3022669,0
3022670,2.440735
3022671,2481.4395
3022672,0.021333903
3022673,472.03876
3022674,5.035814
3022675,1404.3177
3022676,477.4952
3022677,320.7507
3022678,159.64369
3022679,56.378723
3022680,3986.4185
3022681,11.18553
3022682,0.7378309
3022683,15.280344
3022684,11.738244
3022685,0.094870016
3022686,278.6764
3022687,2.558919
3022688,2.022913
3022689,3.5987248
3022690,40.25391
3022691,1.6977742
3022692,256.0201
3022693,339.22656
3022694,1.8220286
3022695,3.8218446
3022696,202.85628
3022697,41.895866
3022698,998.236
3022699,1.0876243
3022700,8.292601
3022701,4.0972767
3022702,0
3022703,1.616066
3022704,2035.3333
3022705,0.010187536
3022706,463.03934
3022707,5.487072
3022708,1318.2665
3022709,487.24875
3022710,334.14725
3022711,132.19736
3022712,60.45456
3022713,3117.7988
3022714,8.147652
3022715,0.83851254
3022716,19.385954
3022717,14.8922825
3022718,0.11152182
3022719,281.02573
3022720,2.0875223
3022721,1.3027456
3022722,3.2063437
3022723,50.48562
3022724,1.4155133
3022725,225.25438
3022726,349.54294
3022727,1.4127569
3022728,3.9420805
3022729,168.3299
3022730,48.030777
3022731,914.0086
3022732,1.1324503
3022733,5.720707
3022734,2.1985247
3022735,0
3022736,0.45751086
3022737,1046.7383
3022738,0
3022739,166.37877
3022740,2.4672663
3022741,582.22534
3022742,200.05507
3022743,145.71915
3022744,66.694916
3022745,29.981998
3022746,1852.4598
3022747,2.755098
3022748,0.38080344
3022749,10.774183
3022750,8.275652
3022751,0.020229535
3022752,121.84871
3022753,0.6654403
3022754,0.2521252
3022755,1.6448834
3022756,17.22124
3022757,0.33071437
3022758,98.11484
3022759,157.69637
3022760,0.38216406
3022761,1.6487095
3022762,78.07484
3022763,24.455948
3022764,394.66974
3022765,0.3094997
3022766,2.0397189
3022767,1.2410119
3022768,0
3022769,1.3466334
3022770,1587.7961
3022771,0
3022772,248.15958
3022773,4.2498817
3022774,485.31415
3022775,389.5189
3022776,133.1905
3022777,101.035805
3022778,51.609142
3022779,2509.5906
3022780,8.8283415
3022781,0.20522906
3022782,8.031403
3022783,5.9771852
3022784,0.013650055
3022785,93.865234
3022786,3.5022945
3022787,1.4685316
3022788,1.6255133
3022789,39.907055
3022790,1.0000637
3022791,187.16765
3022792,146.97272
3022793,1.6834531
3022794,2.9090006
3022795,181.89825
3022796,43.579044
3022797,1046.6669
3022798,0.30858162
3022799,10.24092
3022800,3.5477242
3022801,0
3022802,3.871016
3022803,3113.2188
3022804,0
3022805,482.9853
3022806,11.11014
3022807,1009.24603
3022808,894.3643
3022809,246.41908
3022810,172.80835
3022811,139.4339
3022812,3918.285
3022813,18.012547
3022814,0.49615166
3022815,20.468193
3022816,16.04923
3022817,0
3022818,219.13885
3022819,8.954072
3022820,7.366253
3022821,3.437303
3022822,75.89971
3022823,3.6266074
3022824,338.72144
3022825,272.77396
3022826,6.1613173
3022827,8.610102
3022828,366.67218
3022829,115.654305
3022830,2461.0266
3022831,0.8771672
3022832,21.53694
3022833,2.0215368
3022834,0
3022835,1.430316
3022836,862.4317
3022837,0.02181876
3022838,134.4953
3022839,1.7989683
3022840,272.0397
3022841,177.35814
3022842,84.75339
3022843,61.539833
3022844,31.293674
3022845,1457.3103
3022846,4.1864405
3022847,0.19488113
3022848,6.8335958
3022849,6.233442
3022850,0.11015792
3022851,34.101135
3022852,2.4582336
3022853,1.3137534
3022854,1.7328293
3022855,38.711567
3022856,0.431242
3022857,107.418884
3022858,87.960594
3022859,2.0848174
3022860,1.3014073
3022861,90.750595
3022862,27.761423
3022863,216.26366
3022864,0.12979098
3022865,3.69173
3022866,2.1043606
3022867,0
3022868,0.7551991
3022869,1062.3405
3022870,0
3022871,143.38869
3022872,1.5355916
3022873,398.85852
3022874,187.38141
3022875,98.32225
3022876,59.8947
3022877,24.168371
3022878,1771.0144
3022879,1.9093657
3022880,0.106090985
3022881,6.243629
3022882,4.196041
3022883,0.0018749955
3022884,75.38926
3022885,0.4934032
3022886,0.3381155
3022887,1.8672764
3022888,22.661892
3022889,0.22484551
3022890,109.04392
3022891,104.27793
3022892,0.24656363
3022893,0.9538815
3022894,87.97396
3022895,20.452034
3022896,387.1874
3022897,0.09190108
3022898,1.4725883
3022899,2.8627143
3022900,0.020337528
3022901,3.6828356
3022902,2673.2026
3022903,0.08955909
3022904,416.67505
3022905,9.356277
3022906,782.3032
3022907,759.39984
3022908,181.40547
3022909,143.35214
3022910,99.67725
3022911,4009.518
3022912,15.01075
3022913,0.5905403
3022914,15.393583
3022915,12.373556
3022916,0.17361976
3022917,160.21039
3022918,7.6837444
3022919,5.387917
3022920,3.561792
3022921,65.08579
3022922,3.337088
3022923,298.0554
3022924,205.67671
3022925,5.237121
3022926,7.397151
3022927,321.86185
3022928,82.34017
3022929,2510.7222
3022930,0.9677676
3022931,18.448053
3022932,3.352839
3022933,0.08050461
3022934,1.1182835
3022935,2709.8806
3022936,0.117447205
3022937,432.62094
3022938,5.36531
3022939,1075.9238
3022940,519.8242
3022941,254.92714
3022942,134.30672
3022943,62.973427
3022944,4157.1704
3022945,3.6525736
3022946,0.45613593
3022947,16.16561
3022948,11.974738
3022949,0.19862652
3022950,210.84917
3022951,1.302808
3022952,0.71308124
3022953,4.1907587
3022954,36.226036
3022955,0.8703743
3022956,244.77078
3022957,274.4021
3022958,0.89028025
3022959,3.5455303
3022960,220.26216
3022961,50.707897
3022962,864.2889
3022963,0.6146556
3022964,2.4682312
3022965,3.654436
3022966,0
3022967,1.7671232
3022968,2084.3662
3022969,0.028345786
3022970,424.5796
3022971,4.5533905
3022972,1252.6366
3022973,419.3115
3022974,292.2293
3022975,134.52069
3022976,52.035667
3022977,3419.3718
3022978,6.2158017
3022979,0.64970374
3022980,14.308093
3022981,10.992601
3022982,0.028883921
3022983,273.7332
3022984,1.5068655
3022985,1.3832254
3022986,3.1995578
3022987,46.305904
3022988,1.1808777
3022989,221.21704
3022990,301.61633
3022991,1.108042
3022992,3.266344
3022993,169.46057
3022994,39.14803
3022995,922.73517
3022996,0.9211918
3022997,4.460053
3022998,7.773571
3022999,0.15701169
3023000,9.019209
3023001,6097.7285
3023002,0.29015276
3023003,1033.775
3023004,27.01538
3023005,1908.4193
3023006,1937.4242
3023007,378.97064
3023008,279.44077
3023009,291.68033
3023010,7754.405
3023011,46.755722
3023012,1.4348223
3023013,43.795547
3023014,35.035004
3023015,0.6069915
3023016,553.96356
3023017,27.075525
3023018,19.034515
3023019,8.542661
3023020,133.40825
3023021,13.364945
3023022,711.72363
3023023,464.3265
3023024,18.486122
3023025,22.718136
3023026,827.549
3023027,232.11545
3023028,7087.703
3023029,2.5655718
3023030,66.44039
3023031,1.0282574
3023032,0
3023033,0.5384604
3023034,1162.0872
3023035,0
3023036,167.10591
3023037,1.3944144
3023038,437.60074
3023039,187.25874
3023040,114.31613
3023041,67.352425
3023042,26.683525
3023043,1882.0507
3023044,1.394458
3023045,0.11188005
3023046,5.7416787
3023047,3.912314
3023048,0
3023049,84.30766
3023050,0.27909124
3023051,0.041762058
3023052,1.9274921
3023053,20.15792
3023054,0.19577986
3023055,113.987724
3023056,119.71976
3023057,0.13804533
3023058,0.8779421
3023059,94.92071
3023060,22.158417
3023061,337.8103
3023062,0.12909742
3023063,0.8843212
3023064,3.3406787
3023065,0.05682203
3023066,0.93921757
3023067,2351.9504
3023068,0.08185698
3023069,371.36523
3023070,4.9500527
3023071,982.7776
3023072,420.2977
3023073,243.66136
3023074,115.317924
3023075,47.746185
3023076,3732.162
3023077,3.1744995
3023078,0.3863595
3023079,14.845282
3023080,11.048682
3023081,0.20281433
3023082,210.40143
3023083,1.1814823
3023084,0.48713014
3023085,4.374984
3023086,26.415031
3023087,0.78012025
3023088,211.19513
3023089,262.33658
3023090,0.8295182
3023091,3.3892722
3023092,177.62343
3023093,39.977806
3023094,697.9616
3023095,0.47147
3023096,1.8497059
3023097,0.6139344
3023098,0
3023099,0.1820738
3023100,775.4448
3023101,0
3023102,116.348114
3023103,0.84866405
3023104,316.3849
3023105,120.43387
3023106,82.84156
3023107,46.77147
3023108,15.95293
3023109,1351.128
3023110,0.72343147
3023111,0
3023112,3.6562123
3023113,2.5080428
3023114,0
3023115,61.203167
3023116,0.005521075
3023117,0
3023118,1.4504602
3023119,13.806591
3023120,0
3023121,80.7988
3023122,87.088295
3023123,0
3023124,0.4913287
3023125,62.103596
3023126,13.000482
3023127,229.18456
3023128,0
3023129,0.3791732
3023130,2.5052998
3023131,0.04196531
3023132,0.77292037
3023133,1676.2488
3023134,0.041663073
3023135,244.77078
3023136,3.6038117
3023137,692.15594
3023138,267.02805
3023139,201.64975
3023140,89.299965
3023141,36.11542
3023142,2772.744
3023143,1.8744853
3023144,0.16304033
3023145,10.086505
3023146,7.5562744
3023147,0.10641657
3023148,154.8268
3023149,0.6679541
3023150,0.13905822
3023151,3.565538
3023152,20.664465
3023153,0.44885036
3023154,154.68451
3023155,214.31987
3023156,0.44122702
3023157,2.4652994
3023158,125.58708
3023159,30.789013
3023160,473.8329
3023161,0.23916665
3023162,0.8873273
3023163,3.8235536
3023164,0.10618713
3023165,1.3753111
3023166,1911.0287
3023167,0.11793696
3023168,347.02618
3023169,6.5998344
3023170,892.30927
3023171,372.5206
3023172,222.73512
3023173,96.17531
3023174,46.756428
3023175,3249.9277
3023176,3.6763134
3023177,0.4033573
3023178,16.504591
3023179,12.68363
3023180,0.23621126
3023181,180.85643
3023182,1.428215
3023183,0.5235652
3023184,4.823236
3023185,26.628113
3023186,0.86479247
3023187,184.01035
3023188,242.07013
3023189,0.93400264
3023190,4.576099
3023191,147.54477
3023192,39.886898
3023193,543.5777
3023194,0.56343234
3023195,1.8939168
3023196,0.80417955
3023197,0
3023198,0.32721725
3023199,992.05914
3023200,0
3023201,131.739
3023202,1.1587415
3023203,367.36923
3023204,143.22897
3023205,97.19559
3023206,55.47832
3023207,20.431479
3023208,1691.8242
3023209,0.8584614
3023210,0.02938959
3023211,4.4546533
3023212,3.1114635
3023213,0
3023214,71.43845
3023215,0.07790111
3023216,0
3023217,1.702224
3023218,16.765812
3023219,0.07685021
3023220,95.18159
3023221,104.47897
3023222,0
3023223,0.70548713
3023224,75.80623
3023225,16.745
3023226,283.07523
3023227,0.04983675
3023228,0.44255522
3023229,2.9526758
3023230,0.011382334
3023231,1.0226555
3023232,2126.5278
3023233,0.10503903
3023234,328.06793
3023235,3.640007
3023236,829.277
3023237,386.59738
3023238,191.78024
3023239,104.05152
3023240,56.791344
3023241,3461.3276
3023242,2.5948787
3023243,0.46948823
3023244,11.722146
3023245,8.771871
3023246,0.12382268
3023247,176.07169
3023248,0.7105838
3023249,0.6018411
3023250,3.4508696
3023251,31.71093
3023252,0.6915486
3023253,204.92397
3023254,207.32977
3023255,0.5412364
3023256,2.5021489
3023257,184.83244
3023258,42.54609
3023259,792.1252
3023260,0.6315315
3023261,1.6854851
3023262,2.9998474
3023263,0.012394405
3023264,4.4237995
3023265,2266.5803
3023266,0.07829993
3023267,306.59488
3023268,11.628843
3023269,706.0133
3023270,516.3486
3023271,164.7072
3023272,117.86041
3023273,89.68132
3023274,3243.1575
3023275,22.625702
3023276,0.59566116
3023277,18.762756
3023278,14.452928
3023279,0.23727807
3023280,214.77107
3023281,10.606201
3023282,7.325946
3023283,4.039819
3023284,63.743362
3023285,3.8559985
3023286,221.15686
3023287,179.9941
3023288,6.478345
3023289,9.034801
3023290,216.81218
3023291,78.95588
3023292,2279.7134
3023293,0.87111497
3023294,27.13892
3023295,2.7565567
3023296,0.008011553
3023297,3.3716378
3023298,1986.5677
3023299,0.060305916
3023300,278.34784
3023301,10.170918
3023302,714.74414
3023303,467.96155
3023304,157.3325
3023305,107.98812
3023306,72.48568
3023307,2930.5928
3023308,14.49217
3023309,0.4964609
3023310,20.696419
3023311,16.044054
3023312,0.22115137
3023313,221.93535
3023314,8.23564
3023315,4.8478675
3023316,3.4450526
3023317,56.261166
3023318,3.5080948
3023319,199.7132
3023320,172.09532
3023321,5.444846
3023322,8.011025
3023323,193.38445
3023324,63.826706
3023325,2193.8608
3023326,0.727157
3023327,17.255312
3023328,3.4083743
3023329,0.03639191
3023330,3.1235962
3023331,2172.8853
3023332,0.08357711
3023333,361.06967
3023334,6.7849393
3023335,925.7489
3023336,453.87808
3023337,199.84503
3023338,114.40007
3023339,69.23855
3023340,3283.9475
3023341,9.96706
3023342,0.6664778
3023343,23.024172
3023344,16.743195
3023345,0.27579427
3023346,256.04926
3023347,4.120939
3023348,2.7630224
3023349,4.772842
3023350,47.09359
3023351,1.7440553
3023352,205.3062
3023353,215.2523
3023354,2.4428086
3023355,4.7049065
3023356,187.09157
3023357,57.651314
3023358,1162.496
3023359,0.8403989
3023360,9.554276
3023361,2.2280662
3023362,0
3023363,2.8128912
3023364,2268.7524
3023365,0.03414538
3023366,389.00696
3023367,8.449739
3023368,703.93256
3023369,675.853
3023370,173.4273
3023371,138.33911
3023372,87.62307
3023373,3522.364
3023374,15.261332
3023375,0.4552668
3023376,13.629268
3023377,10.725579
3023378,0.15658629
3023379,162.91118
3023380,7.7123346
3023381,4.265046
3023382,2.6261554
3023383,57.18201
3023384,2.855987
3023385,286.06454
3023386,193.59627
3023387,4.765581
3023388,6.6373873
3023389,303.47726
3023390,71.70844
3023391,2105.8743
3023392,0.68243325
3023393,19.06169
3023394,2.8804286
3023395,0.048892055
3023396,0.66317236
3023397,2138.5986
3023398,0.068740495
3023399,309.1619
3023400,4.4600034
3023401,879.45044
3023402,368.93903
3023403,211.5743
3023404,101.1021
3023405,44.69367
3023406,3453.3857
3023407,2.5994585
3023408,0.31447303
3023409,12.65261
3023410,9.341024
3023411,0.1389496
3023412,172.92035
3023413,0.91456926
3023414,0.2856727
3023415,2.219993
3023416,24.327902
3023417,0.6472627
3023418,191.88994
3023419,229.25009
3023420,0.6310338
3023421,3.0245395
3023422,161.06352
3023423,37.546505
3023424,518.0575
3023425,0.43298852
3023426,1.5061939
3023427,2.6485927
3023428,0
3023429,3.3852324
3023430,2039.8427
3023431,0.014525833
3023432,289.798
3023433,8.634444
3023434,721.66675
3023435,475.44318
3023436,155.051
3023437,103.892044
3023438,67.580894
3023439,2958.992
3023440,10.964745
3023441,0.42144287
3023442,18.178091
3023443,13.92919
3023444,0.08030699
3023445,181.19615
3023446,6.473495
3023447,4.425411
3023448,3.5845838
3023449,51.825134
3023450,2.919845
3023451,206.49966
3023452,167.6781
3023453,4.6079874
3023454,6.7916594
3023455,196.20486
3023456,57.9298
3023457,1764.4822
3023458,0.7802746
3023459,10.823868
3023460,3.4717307
3023461,0
3023462,3.1652546
3023463,1936.4178
3023464,0
3023465,309.76233
3023466,8.824314
3023467,813.02075
3023468,384.829
3023469,233.33894
3023470,161.61569
3023471,85.395386
3023472,3079.8062
3023473,21.367043
3023474,0.9249518
3023475,13.690234
3023476,10.163398
3023477,0.014520783
3023478,171.23528
3023479,9.184504
3023480,5.049741
3023481,3.091322
3023482,85.36734
3023483,3.0349803
3023484,245.35239
3023485,240.17233
3023486,4.6699314
3023487,6.9208994
3023488,211.96246
3023489,68.697365
3023490,997.4187
3023491,1.4291537
3023492,17.768772
3023493,2.2299373
3023494,0.04106822
3023495,0.70131266
3023496,2046.6154
3023497,0.052507836
3023498,276.14447
3023499,3.27463
3023500,723.6367
3023501,305.13266
3023502,190.33594
3023503,97.06331
3023504,38.623547
3023505,3426.51
3023506,1.7081525
3023507,0.16131924
3023508,9.179408
3023509,6.8057666
3023510,0.08750551
3023511,131.6656
3023512,0.66152453
3023513,0.16724396
3023514,2.9084759
3023515,23.51855
3023516,0.46395436
3023517,169.85362
3023518,205.00233
3023519,0.4562217
3023520,2.2050695
3023521,144.17815
3023522,31.316612
3023523,479.11996
3023524,0.26727125
3023525,0.9565668
3023526,9.904933
3023527,0.2579795
3023528,11.040291
3023529,7826.786
3023530,0.43768582
3023531,1350.2354
3023532,31.18829
3023533,2494.2842
3023534,2350.304
3023535,470.78067
3023536,333.762
3023537,358.12683
3023538,9398.428
3023539,46.252777
3023540,1.8556037
3023541,52.945454
3023542,42.479736
3023543,0.81595516
3023544,693.4508
3023545,30.749037
3023546,20.715113
3023547,10.445253
3023548,145.60732
3023549,17.12748
3023550,912.87274
3023551,595.0875
3023552,21.977995
3023553,26.89598
3023554,1060.1184
3023555,275.1277
3023556,8161.76
3023557,3.8574739
3023558,63.079155
3023559,6.8237257
3023560,0.18594795
3023561,7.567216
3023562,6672.69
3023563,0.3330818
3023564,1178.715
3023565,24.194782
3023566,2089.018
3023567,2043.2086
3023568,392.59247
3023569,290.77472
3023570,288.60794
3023571,8415.814
3023572,39.874775
3023573,1.4152567
3023574,39.09578
3023575,31.53965
3023576,0.64425015
3023577,525.66034
3023578,24.084274
3023579,15.073828
3023580,7.7373304
3023581,116.361374
3023582,12.63456
3023583,805.7118
3023584,504.53122
3023585,16.493202
3023586,20.725008
3023587,934.79266
3023588,221.23157
3023589,6666.189
3023590,2.5637283
3023591,55.462864
3023592,5.6312904
3023593,0.14716254
3023594,5.14477
3023595,5429.434
3023596,0.26697522
3023597,838.1368
3023598,18.364668
3023599,1727.8951
3023600,1500.5931
3023601,317.21167
3023602,222.20488
3023603,168.38084
3023604,6920.951
3023605,22.854486
3023606,1.1511993
3023607,35.277485
3023608,28.112425
3023609,0.5421461
3023610,432.77542
3023611,16.459385
3023612,8.580535
3023613,6.152407
3023614,84.06179
3023615,8.173235
3023616,570.6446
3023617,381.50732
3023618,11.475691
3023619,15.5765705
3023620,635.352
3023621,130.61725
3023622,4456.417
3023623,1.8202908
3023624,28.49778
3023625,6.5645366
3023626,0.171141
3023627,7.0817966
3023628,6236.1724
3023629,0.30715713
3023630,1065.9526
3023631,22.90397
3023632,1963.574
3023633,1882.8429
3023634,372.35
3023635,270.22226
3023636,249.14873
3023637,7846.9683
3023638,33.7517
3023639,1.3512383
3023640,39.357635
3023641,31.448868
3023642,0.61174476
3023643,499.9857
3023644,22.80853
3023645,13.622796
3023646,7.429862
3023647,106.85704
3023648,11.770073
3023649,733.3139
3023650,469.21863
3023651,15.611635
3023652,19.603838
3023653,842.99475
3023654,191.02638
3023655,6122.6084
3023656,2.3830652
3023657,45.25741
3023658,4.7572703
3023659,0.11446387
3023660,3.9919982
3023661,4755.852
3023662,0.2132316
3023663,718.3837
3023664,15.099766
3023665,1566.4075
3023666,1305.9304
3023667,293.80078
3023668,201.06683
3023669,137.64056
3023670,6180.161
3023671,17.510971
3023672,0.97028065
3023673,31.158703
3023674,24.348774
3023675,0.46563742
3023676,378.2269
3023677,12.751755
3023678,6.0638275
3023679,5.2955637
3023680,71.846214
3023681,5.5474725
3023682,497.04004
3023683,344.48846
3023684,8.354065
3023685,12.372721
3023686,543.9887
3023687,107.42622
3023688,3309.216
3023689,1.4376059
3023690,21.152988
3023691,5.832955
3023692,0.09894527
3023693,6.7369246
3023694,5689.281
3023695,0.2117528
3023696,1058.9628
3023697,22.17003
3023698,1830.4698
3023699,1933.7728
3023700,359.28476
3023701,273.47116
3023702,280.91385
3023703,7147.1235
3023704,40.344673
3023705,1.1737072
3023706,33.51207
3023707,27.445583
3023708,0.45669726
3023709,428.7212
3023710,22.511414
3023711,14.378871
3023712,4.827376
3023713,113.46119
3023714,11.113623
3023715,727.89233
3023716,446.0644
3023717,15.263674
3023718,18.861149
3023719,864.2695
3023720,213.99884
3023721,6042.5396
3023722,2.066603
3023723,56.705704
3023724,2.9502065
3023725,0.037336186
3023726,2.9915128
3023727,1832.9386
3023728,0.08214884
3023729,259.25903
3023730,7.802867
3023731,815.9063
3023732,391.1139
3023733,178.84352
3023734,97.552086
3023735,63.91378
3023736,2655.3745
3023737,9.464213
3023738,0.51729417
3023739,22.973894
3023740,16.877617
3023741,0.2604443
3023742,248.10838
3023743,4.68503
3023744,2.8115804
3023745,4.34317
3023746,48.97978
3023747,1.6585736
3023748,173.43678
3023749,189.3847
3023750,2.684053
3023751,5.364154
3023752,151.5869
3023753,58.261887
3023754,1624.9662
3023755,0.5933274
3023756,8.869516
3023757,4.979717
3023758,0.087545246
3023759,3.6179223
3023760,3619.1409
3023761,0.1606086
3023762,513.76794
3023763,15.717842
3023764,1370.5297
3023765,938.07635
3023766,260.26782
3023767,157.55576
3023768,106.48481
3023769,4971.3516
3023770,16.038824
3023771,0.7746924
3023772,32.903584
3023773,25.76047
3023774,0.36558786
3023775,388.33823
3023776,11.35309
3023777,5.34213
3023778,5.2464995
3023779,67.67387
3023780,5.395868
3023781,344.98996
3023782,290.79727
3023783,7.6855803
3023784,12.513755
3023785,357.46985
3023786,88.139534
3023787,3265.4446
3023788,1.285275
3023789,18.408615
3023790,3.631905
3023791,0.09962459
3023792,5.249206
3023793,4377.3867
3023794,0.19005904
3023795,711.9762
3023796,15.273041
3023797,1289.881
3023798,1335.8584
3023799,263.17532
3023800,198.47513
3023801,171.66287
3023802,5936.1294
3023803,22.264032
3023804,0.75288665
3023805,24.086853
3023806,18.707851
3023807,0.30791685
3023808,272.8826
3023809,11.229364
3023810,8.355952
3023811,4.718054
3023812,90.48114
3023813,5.483097
3023814,496.6621
3023815,313.55447
3023816,7.634078
3023817,11.922774
3023818,568.86926
3023819,136.44534
3023820,5163.0312
3023821,1.2646575
3023822,30.920008
3023823,0.35629234
3023824,0
3023825,0
3023826,550.85474
3023827,0
3023828,54.88462
3023829,0.044500902
3023830,151.47585
3023831,59.665188
3023832,51.58356
3023833,35.785614
3023834,6.3052835
3023835,1124.5121
3023836,0.5200542
3023837,0
3023838,1.3001895
3023839,0.8813646
3023840,0
3023841,13.900778
3023842,0
3023843,0
3023844,0.43598863
3023845,14.335813
3023846,0
3023847,43.579247
3023848,50.85439
3023849,0
3023850,0
3023851,34.787464
3023852,3.843906
3023853,201.82056
3023854,0
3023855,0.46925828
3023856,1.4940462
3023857,0
3023858,0.60077417
3023859,1364.1237
3023860,0
3023861,124.69041
3023862,1.5116959
3023863,450.11508
3023864,173.41574
3023865,92.08154
3023866,51.396366
3023867,36.869064
3023868,1907.2506
3023869,2.377983
3023870,0.210752
3023871,7.28388
3023872,5.1488647
3023873,0
3023874,93.0661
3023875,0.3139512
3023876,0.40596816
3023877,2.269193
3023878,26.117414
3023879,0.27067083
3023880,91.69177
3023881,93.704926
3023882,0.17291075
3023883,1.0035424
3023884,78.42083
3023885,29.449621
3023886,716.27203
3023887,0.28418317
3023888,1.6151414
3023889,1.9323835
3023890,0
3023891,0.6086166
3023892,1384.7269
3023893,0
3023894,173.98012
3023895,1.9522059
3023896,539.24756
3023897,200.46553
3023898,123.61075
3023899,65.20684
3023900,28.863976
3023901,2086.786
3023902,1.5235667
3023903,0.25661838
3023904,8.187924
3023905,5.9352536
3023906,0.0019816398
3023907,129.24722
3023908,0.40094036
3023909,0.015489571
3023910,1.8422723
3023911,22.306797
3023912,0.33311963
3023913,112.49985
3023914,131.70135
3023915,0.25889578
3023916,1.3333898
3023917,94.59811
3023918,22.236477
3023919,533.4805
3023920,0.28749186
3023921,0.8398435
3023922,3.354207
3023923,0.027759524
3023924,3.5727158
3023925,3578.4734
3023926,0.10190035
3023927,554.5932
3023928,12.103696
3023929,1057.538
3023930,1026.7892
3023931,224.19977
3023932,171.22362
3023933,124.72942
3023934,4969.3555
3023935,21.233961
3023936,0.6984868
3023937,20.864153
3023938,16.42001
3023939,0.28572497
3023940,248.67992
3023941,11.216623
3023942,6.0591083
3023943,3.9286346
3023944,71.13973
3023945,4.453998
3023946,388.9192
3023947,260.3811
3023948,7.096801
3023949,9.74866
3023950,427.91644
3023951,101.2191
3023952,2951.4504
3023953,1.0329585
3023954,27.282196
3023955,2.92963
3023956,0.018987373
3023957,4.3637795
3023958,2746.408
3023959,0.08204097
3023960,523.5683
3023961,12.763048
3023962,886.0158
3023963,946.17615
3023964,208.42589
3023965,171.29762
3023966,137.56319
3023967,4199.15
3023968,26.136986
3023969,0.5886041
3023970,17.42754
3023971,14.1572275
3023972,0.22229283
3023973,215.99892
3023974,12.056873
3023975,8.021156
3023976,3.4071026
3023977,80.16854
3023978,5.039633
3023979,383.99722
3023980,241.22134
3023981,7.6010275
3023982,10.218406
3023983,427.45917
3023984,111.07344
3023985,3375.5474
3023986,0.9527732
3023987,36.864407
3023988,5.212866
3023989,0.0418783
3023990,5.893561
3023991,4220.7026
3023992,0.12744111
3023993,651.95905
3023994,18.107248
3023995,1280.255
3023996,1230.8131
3023997,267.44196
3023998,195.73262
3023999,161.16866
3024000,5471.6655
3024001,27.49108
3024002,0.96567154
3024003,31.501232
3024004,25.309061
3024005,0.35564688
3024006,352.0737
3024007,17.411142
3024008,11.544993
3024009,5.7995133
3024010,90.66309
3024011,8.370273
3024012,449.39267
3024013,309.80844
3024014,12.143183
3024015,15.232109
3024016,499.84332
3024017,130.88771
3024018,4206.2417
3024019,1.5431972
3024020,35.235706
3024021,5.4168053
3024022,0.0955536
3024023,2.4912577
3024024,3097.7097
3024025,0.15171976
3024026,509.48175
3024027,10.566538
3024028,1223.9623
3024029,667.1246
3024030,287.723
3024031,156.6968
3024032,80.01785
3024033,4688.6113
3024034,8.242185
3024035,0.80203927
3024036,28.688137
3024037,22.382933
3024038,0.3857054
3024039,349.7364
3024040,4.544451
3024041,2.2033846
3024042,5.328614
3024043,46.303593
3024044,2.1894553
3024045,299.50357
3024046,312.3746
3024047,2.9282043
3024048,7.734685
3024049,274.37952
3024050,63.30008
3024051,1363.603
3024052,1.0969915
3024053,7.041813
3024054,2.4903738
3024055,0
3024056,2.9218972
3024057,1898.8406
3024058,0
3024059,321.65656
3024060,8.16334
3024061,580.6032
3024062,558.93317
3024063,154.14537
3024064,128.18958
3024065,86.16518
3024066,2926.8628
3024067,17.961664
3024068,0.3658701
3024069,12.198251
3024070,10.13607
3024071,0.025213394
3024072,138.96994
3024073,8.171752
3024074,6.1617937
3024075,2.5692
3024076,51.123974
3024077,3.0723224
3024078,243.34285
3024079,170.51897
3024080,5.410236
3024081,6.6284447
3024082,260.9012
3024083,69.78397
3024084,1731.5314
3024085,0.5614053
3024086,20.747587
3024087,1.5407708
3024088,0
3024089,0.43113843
3024090,1130.3302
3024091,0
3024092,162.22063
3024093,2.255918
3024094,464.90463
3024095,198.27254
3024096,132.25974
3024097,73.25344
3024098,24.511633
3024099,2075.8755
3024100,1.7505274
3024101,0.14925477
3024102,6.463002
3024103,4.7186494
3024104,0.037793998
3024105,101.37461
3024106,0.50626314
3024107,0.022873467
3024108,2.0093687
3024109,12.340306
3024110,0.29287446
3024111,125.10649
3024112,145.10498
3024113,0.31819075
3024114,1.4739716
3024115,99.43837
3024116,18.823732
3024117,321.38065
3024118,0.111188896
3024119,1.1869915
3024120,5.414644
3024121,0.11474122
3024122,1.970588
3024123,3888.5598
3024124,0.1614961
3024125,527.5041
3024126,9.274459
3024127,1513.1274
3024128,721.55615
3024129,315.53894
3024130,165.82172
3024131,69.57121
3024132,5634.31
3024133,6.7474036
3024134,0.7815585
3024135,21.959639
3024136,17.072334
3024137,0.35916585
3024138,284.29355
3024139,2.8679864
3024140,1.3272719
3024141,5.244388
3024142,28.387115
3024143,1.6963434
3024144,334.47644
3024145,358.24637
3024146,1.9802337
3024147,6.7830725
3024148,296.98694
3024149,53.991825
3024150,1021.4782
3024151,1.0509644
3024152,4.7948728
3024153,2.1083426
3024154,0
3024155,0.68271255
3024156,1470.1447
3024157,0
3024158,209.0173
3024159,3.7267785
3024160,686.47485
3024161,273.7582
3024162,156.715
3024163,73.876045
3024164,35.543674
3024165,2294.3494
3024166,2.435959
3024167,0.1953402
3024168,10.599614
3024169,7.632429
3024170,0
3024171,135.3797
3024172,0.6465465
3024173,0.11807862
3024174,3.2268782
3024175,18.08731
3024176,0.42462724
3024177,143.07542
3024178,171.45477
3024179,0.38301533
3024180,2.4278398
3024181,116.13132
3024182,29.65204
3024183,389.04584
3024184,0.26845875
3024185,1.2770905
3024186,1.7161255
3024187,0.0011200914
3024188,0.49338564
3024189,1260.1221
3024190,0
3024191,176.11847
3024192,3.3475518
3024193,555.6754
3024194,227.43092
3024195,132.26672
3024196,64.28787
3024197,30.17126
3024198,2110.1907
3024199,2.0095496
3024200,0.10591619
3024201,8.430613
3024202,6.122124
3024203,0
3024204,111.07974
3024205,0.566735
3024206,0.05534415
3024207,2.65735
3024208,16.656921
3024209,0.31504846
3024210,123.976585
3024211,147.46674
3024212,0.31352222
3024213,2.1536267
3024214,98.07798
3024215,25.710056
3024216,324.86176
3024217,0.15106143
3024218,1.2115314
3024219,2.2834337
3024220,0.000975876
3024221,0.41056767
3024222,1576.4042
3024223,0
3024224,221.85966
3024225,3.9506898
3024226,716.2741
3024227,292.54
3024228,178.08661
3024229,83.19837
3024230,38.1142
3024231,2403.8174
3024232,2.3521657
3024233,0.15723073
3024234,10.3230915
3024235,7.4501715
3024236,0
3024237,148.13498
3024238,0.6106005
3024239,0.07395731
3024240,3.2356095
3024241,18.930841
3024242,0.38535655
3024243,153.72832
3024244,197.05167
3024245,0.3554101
3024246,2.5479004
3024247,128.41005
3024248,32.47675
3024249,437.94763
3024250,0.22025572
3024251,1.2910495
3024252,2.2856312
3024253,0
3024254,0.7742802
3024255,1703.3806
3024256,0
3024257,226.91977
3024258,3.9076424
3024259,742.42334
3024260,309.8268
3024261,162.63098
3024262,86.08587
3024263,38.71902
3024264,2595.1006
3024265,3.5790892
3024266,0.28535044
3024267,11.674629
3024268,8.213908
3024269,0.03236008
3024270,155.9452
3024271,1.0422878
3024272,0.37698013
3024273,3.2642012
3024274,21.432154
3024275,0.6512009
3024276,159.90588
3024277,181.99178
3024278,0.652676
3024279,2.5463772
3024280,135.65512
3024281,31.25703
3024282,495.17526
3024283,0.40308264
3024284,2.5109463
3024285,2.8596046
3024286,0.0031681221
3024287,0.4891181
3024288,1065.7109
3024289,0
3024290,163.33371
3024291,2.3343706
3024292,475.07208
3024293,200.4103
3024294,132.53421
3024295,63.83963
3024296,26.99198
3024297,1716.8572
3024298,1.8117807
3024299,0.0479175
3024300,7.1562147
3024301,5.188371
3024302,0.025009545
3024303,122.2229
3024304,0.4724377
3024305,0.13917714
3024306,2.5222323
3024307,17.729548
3024308,0.18945917
3024309,111.64849
3024310,145.66031
3024311,0.24219072
3024312,1.4747448
3024313,89.305565
3024314,23.474834
3024315,381.81586
3024316,0
3024317,1.3924477
3024318,3.0563192
3024319,0.034008536
3024320,1.3327942
3024321,3071.3416
3024322,0.06137787
3024323,389.3979
3024324,4.500735
3024325,1021.4314
3024326,570.2113
3024327,240.17798
3024328,150.84518
3024329,66.252365
3024330,4597.7305
3024331,4.9219346
3024332,0.51641595
3024333,13.4089155
3024334,9.697812
3024335,0.19984147
3024336,193.2123
3024337,1.5828102
3024338,0.80181456
3024339,2.6118736
3024340,27.69079
3024341,0.9938153
3024342,276.49423
3024343,271.6061
3024344,1.1060507
3024345,3.0930467
3024346,261.8533
3024347,50.60243
3024348,838.80884
3024349,0.6321069
3024350,4.0301085
3024351,2.1079218
3024352,0
3024353,0.9624779
3024354,925.7074
3024355,0
3024356,132.83406
3024357,0.78236187
3024358,347.6524
3024359,160.62973
3024360,81.89043
3024361,53.197033
3024362,23.471128
3024363,1699.7891
3024364,4.8788257
3024365,0.21818748
3024366,7.7332754
3024367,6.969909
3024368,0.1598035
3024369,52.60497
3024370,2.0634055
3024371,0.95398724
3024372,1.6800365
3024373,21.923166
3024374,0.07690571
3024375,89.327484
3024376,87.19648
3024377,1.578958
3024378,0.5821837
3024379,72.535736
3024380,20.397385
3024381,281.41666
3024382,0
3024383,4.5025525
3024384,2.529773
3024385,0.013758572
3024386,0.993276
3024387,1625.0576
3024388,0.017525451
3024389,217.27339
3024390,4.78681
3024391,692.6337
3024392,292.10825
3024393,149.72568
3024394,77.01013
3024395,34.911755
3024396,2746.9478
3024397,3.7165432
3024398,0.33300745
3024399,12.585121
3024400,9.2590065
3024401,0.066867486
3024402,136.65215
3024403,1.3680286
3024404,0.4779544
3024405,3.2253265
3024406,19.408653
3024407,0.7977029
3024408,152.08421
3024409,162.39668
3024410,0.8817347
3024411,3.3053684
3024412,122.94856
3024413,28.609362
3024414,415.66473
3024415,0.47829166
3024416,2.4679856
3024417,3.1412783
3024418,0
3024419,4.0389657
3024420,3336.515
3024421,0.04688244
3024422,557.78784
3024423,10.529878
3024424,992.3959
3024425,983.69135
3024426,212.19879
3024427,170.47203
3024428,128.33226
3024429,4685.7363
3024430,23.20025
3024431,0.6315602
3024432,17.263975
3024433,13.858126
3024434,0.19588803
3024435,205.77834
3024436,10.48763
3024437,7.3794394
3024438,3.583621
3024439,60.312923
3024440,4.0222154
3024441,391.1919
3024442,251.14168
3024443,6.694917
3024444,8.528577
3024445,439.0351
3024446,100.8556
3024447,2881.7192
3024448,0.9183003
3024449,26.953112
3024450,4.6182
3024451,0
3024452,2.7119603
3024453,2643.0986
3024454,0.017950267
3024455,444.5417
3024456,4.834789
3024457,1521.25
3024458,520.97906
3024459,372.53842
3024460,193.30484
3024461,55.089222
3024462,4222.555
3024463,11.849332
3024464,0.7785412
3024465,14.506375
3024466,11.224796
3024467,0.07967458
3024468,272.46603
3024469,2.5965161
3024470,2.4394317
3024471,4.0103807
3024472,38.64117
3024473,1.6746469
3024474,285.52847
3024475,396.63373
3024476,1.8326483
3024477,3.6932988
3024478,222.27312
3024479,42.01001
3024480,1123.9132
3024481,1.1218016
3024482,8.721292
3024483,4.448725
3024484,0
3024485,1.7964272
3024486,2249.2373
3024487,0.006019337
3024488,401.69385
3024489,5.7304497
3024490,1413.4022
3024491,490.76004
3024492,359.68646
3024493,160.1131
3024494,61.7189
3024495,3350.2168
3024496,8.719326
3024497,0.8669131
3024498,19.03036
3024499,14.677628
3024500,0.1053103
3024501,304.38065
3024502,2.34201
3024503,1.4401183
3024504,3.575635
3024505,52.286156
3024506,1.4862683
3024507,236.94537
3024508,383.1509
3024509,1.5749099
3024510,4.1362743
3024511,178.0382
3024512,49.81468
3024513,1054.9578
3024514,1.1762419
3024515,6.1705794
3024516,2.349854
3024517,0
3024518,0.51910937
3024519,1158.2192
3024520,0
3024521,159.47342
3024522,2.524119
3024523,614.2878
3024524,204.68384
3024525,150.61649
3024526,76.25696
3024527,30.772625
3024528,1999.8463
3024529,2.9060035
3024530,0.38817957
3024531,10.209217
3024532,7.8432446
3024533,0.0066438857
3024534,126.12817
3024535,0.7272326
3024536,0.29163152
3024537,1.8420951
3024538,18.55766
3024539,0.37724525
3024540,104.94762
3024541,161.42427
3024542,0.42827195
3024543,1.7024269
3024544,83.05861
3024545,25.219086
3024546,441.39185
3024547,0.3363973
3024548,2.191178
3024549,1.4101894
3024550,0
3024551,1.4264004
3024552,1815.629
3024553,0
3024554,284.51947
3024555,4.4056783
3024556,536.08154
3024557,447.52618
3024558,139.30031
3024559,107.65084
3024560,58.898636
3024561,2819.2788
3024562,10.5747595
3024563,0.2386126
3024564,8.355135
3024565,6.2093205
3024566,0.0023260005
3024567,95.72374
3024568,3.7681088
3024569,1.8599637
3024570,1.724282
3024571,34.55625
3024572,1.1445329
3024573,211.55067
3024574,160.00964
3024575,1.8429201
3024576,3.1169543
3024577,214.40233
3024578,48.31671
3024579,1148.4332
3024580,0.3286708
3024581,10.952784
3024582,3.9890437
3024583,0
3024584,4.190801
3024585,3421.5776
3024586,0
3024587,563.1375
3024588,10.762971
3024589,1154.0726
3024590,1036.5009
3024591,273.90182
3024592,195.97386
3024593,168.68893
3024594,4228.7183
3024595,22.021046
3024596,0.51156175
3024597,20.413704
3024598,16.188416
3024599,0
3024600,212.11505
3024601,9.152035
3024602,8.791446
3024603,3.965015
3024604,63.44684
3024605,3.660139
3024606,389.8643
3024607,314.31842
3024608,6.438
3024609,8.588632
3024610,437.52338
3024611,132.1228
3024612,2625.3108
3024613,0.89075196
3024614,24.10132
3024615,2.0700254
3024616,0
3024617,1.4723182
3024618,934.17395
3024619,0
3024620,150.58995
3024621,2.835179
3024622,290.93378
3024623,207.73836
3024624,87.700096
3024625,64.79968
3024626,36.578243
3024627,1589.8118
3024628,4.795135
3024629,0.22819991
3024630,6.6143675
3024631,6.171521
3024632,0.09403017
3024633,35.120384
3024634,2.5912423
3024635,1.5419824
3024636,1.7794094
3024637,35.64766
3024638,0.59455085
3024639,116.296196
3024640,94.09504
3024641,2.1561232
3024642,2.5373578
3024643,104.95908
3024644,31.639156
3024645,236.25471
3024646,0.18756407
3024647,4.051429
3024648,2.0846424
3024649,0
3024650,0.72599185
3024651,1146.052
3024652,0
3024653,157.00743
3024654,1.8946109
3024655,418.11008
3024656,209.45679
3024657,104.52566
3024658,65.12046
3024659,26.365524
3024660,1917.2623
3024661,2.2090673
3024662,0.12432439
3024663,6.381735
3024664,4.2806635
3024665,0
3024666,77.34138
3024667,0.5753156
3024668,0.3978152
3024669,1.8638194
3024670,20.188927
3024671,0.3051539
3024672,120.394554
3024673,113.93789
3024674,0.3233537
3024675,1.2074504
3024676,101.31922
3024677,21.289793
3024678,432.8414
3024679,0.10611337
3024680,1.7044003
3024681,3.1399593
3024682,0.02117404
3024683,3.9786549
3024684,3097.6064
3024685,0.0781508
3024686,495.85568
3024687,9.205405
3024688,910.0503
3024689,880.2426
3024690,195.77428
3024691,158.47064
3024692,116.49413
3024693,4490.6357
3024694,18.287388
3024695,0.6404501
3024696,15.426428
3024697,12.423975
3024698,0.16423765
3024699,152.42696
3024700,8.131685
3024701,6.442783
3024702,3.7776675
3024703,60.83342
3024704,3.4307275
3024705,346.13385
3024706,232.63089
3024707,5.5244007
3024708,7.3978977
3024709,385.04745
3024710,92.71126
3024711,2620.2837
3024712,1.0097988
3024713,20.40492
3024714,3.7512217
3024715,0.07872515
3024716,1.268002
3024717,3162.2937
3024718,0.09903452
3024719,422.2571
3024720,5.961252
3024721,1203.8129
3024722,590.488
3024723,271.89145
3024724,152.04028
3024725,71.71163
3024726,4704.9233
3024727,4.2027783
3024728,0.5119084
3024729,15.511972
3024730,11.582722
3024731,0.18257418
3024732,214.9479
3024733,1.424741
3024734,0.8032274
3024735,4.2889457
3024736,34.378174
3024737,1.0028524
3024738,275.18262
3024739,302.38513
3024740,1.0135479
3024741,4.0130014
3024742,254.84795
3024743,56.769302
3024744,945.791
3024745,0.70862496
3024746,2.7897027
3024747,4.022712
3024748,0
3024749,2.0373068
3024750,2254.7378
3024751,0.016550133
3024752,385.18185
3024753,4.490596
3024754,1389.0042
3024755,451.03128
3024756,336.72928
3024757,165.4982
3024758,54.261864
3024759,3602.92
3024760,7.1068573
3024761,0.66969824
3024762,14.232944
3024763,10.924155
3024764,0.0070496616
3024765,272.0906
3024766,1.6359596
3024767,1.6583359
3024768,3.6138253
3024769,52.190907
3024770,1.1963792
3024771,243.40076
3024772,348.61966
3024773,1.1778657
3024774,3.248064
3024775,186.52577
3024776,41.481228
3024777,1037.2046
3024778,0.95370626
3024779,5.1068645
3024780,8.355068
3024781,0.16633968
3024782,9.465146
3024783,7040.0347
3024784,0.27978668
3024785,1198.3519
3024786,26.20138
3024787,2238.469
3024788,2195.7349
3024789,405.79965
3024790,303.44882
3024791,354.4386
3024792,8599.938
3024793,53.990013
3024794,1.5189786
3024795,42.396904
3024796,34.547775
3024797,0.6134931
3024798,538.2441
3024799,26.801014
3024800,23.32691
3024801,9.141144
3024802,124.033516
3024803,12.85419
3024804,799.356
3024805,519.34906
3024806,18.64669
3024807,22.264915
3024808,948.75903
3024809,278.92654
3024810,7211.1543
3024811,2.6388664
3024812,74.06985
3024813,1.1988735
3024814,0
3024815,0.5293828
3024816,1282.1338
3024817,0
3024818,161.70146
3024819,1.6590116
3024820,458.21567
3024821,201.61864
3024822,119.60118
3024823,76.36667
3024824,30.603672
3024825,2021.4045
3024826,1.637254
3024827,0.11686814
3024828,5.860469
3024829,4.0037565
3024830,0
3024831,85.87008
3024832,0.32540146
3024833,0.09864456
3024834,1.9388337
3024835,19.700228
3024836,0.23846656
3024837,124.82923
3024838,128.80293
3024839,0.17775288
3024840,1.0482261
3024841,107.75523
3024842,24.52893
3024843,390.96997
3024844,0.13021429
3024845,1.059401
3024846,3.6433525
3024847,0.058381967
3024848,1.0415485
3024849,2766.0989
3024850,0.06898877
3024851,361.3137
3024852,5.52654
3024853,1089.6189
3024854,484.63428
3024855,254.52145
3024856,129.38872
3024857,53.322792
3024858,4221.7256
3024859,3.5659318
3024860,0.45026633
3024861,14.531665
3024862,10.826665
3024863,0.18765365
3024864,222.4871
3024865,1.2660325
3024866,0.5660013
3024867,4.449845
3024868,23.943132
3024869,0.8610225
3024870,234.88324
3024871,288.94647
3024872,0.9060228
3024873,3.7583046
3024874,203.56215
3024875,43.362167
3024876,787.00745
3024877,0.5607542
3024878,2.1489253
3024879,0.7619748
3024880,0
3024881,0.17698671
3024882,822.99915
3024883,0
3024884,112.921585
3024885,1.0469954
3024886,324.00565
3024887,130.54848
3024888,85.92009
3024889,53.193596
3024890,18.21453
3024891,1419.3971
3024892,0.8510388
3024893,0
3024894,3.783494
3024895,2.6380823
3024896,0
3024897,62.889927
3024898,0.036329698
3024899,0
3024900,1.4163957
3024901,13.838991
3024902,0.014116531
3024903,88.94522
3024904,93.33944
3024905,0
3024906,0.6129322
3024907,71.19848
3024908,14.063331
3024909,265.4154
3024910,0
3024911,0.51159966
3024912,2.8223116
3024913,0.037164498
3024914,0.74740314
3024915,1923.9954
3024916,0.01986866
3024917,240.87221
3024918,4.092189
3024919,739.631
3024920,300.97473
3024921,207.89459
3024922,100.6193
3024923,43.009853
3024924,3143.381
3024925,2.0375059
3024926,0.205749
3024927,10.022084
3024928,7.59795
3024929,0.080882184
3024930,165.40216
3024931,0.7251595
3024932,0.19475877
3024933,3.5268602
3024934,20.588072
3024935,0.5084976
3024936,170.29575
3024937,226.66603
3024938,0.4948095
3024939,2.754321
3024940,141.79568
3024941,35.93385
3024942,557.6184
3024943,0.30123687
3024944,1.0467212
3024945,4.2727103
3024946,0.10614079
3024947,1.3226721
3024948,2231.4844
3024949,0.09776834
3024950,338.55997
3024951,7.4764395
3024952,982.49994
3024953,434.68192
3024954,237.34407
3024955,108.40159
3024956,51.042538
3024957,3726.1677
3024958,3.988297
3024959,0.45867133
3024960,16.299944
3024961,12.614277
3024962,0.21732405
3024963,191.0882
3024964,1.5982189
3024965,0.5861658
3024966,4.9036307
3024967,24.724417
3024968,1.0104818
3024969,207.8936
3024970,267.22827
3024971,1.0806274
3024972,5.318866
3024973,171.57686
3024974,42.41808
3024975,601.4797
3024976,0.655635
3024977,2.0942492
3024978,0.99534774
3024979,0
3024980,0.31721875
3024981,1078.9069
3024982,0
3024983,132.08885
3024984,1.4195466
3024985,374.2544
3024986,156.59209
3024987,103.05771
3024988,64.22928
3024989,24.451876
3024990,1818.1141
3024991,0.9738648
3024992,0.03402943
3024993,4.7352023
3024994,3.3362246
3024995,0
3024996,72.853294
3024997,0.11938845
3024998,0
3024999,1.6614113
3025000,17.360092
3025001,0.10981189
3025002,105.284615
3025003,110.63768
3025004,0.033991743
3025005,0.8633952
3025006,87.91072
3025007,19.170256
3025008,328.11923
3025009,0.059347775
3025010,0.5578859
3025011,3.3788824
3025012,0
3025013,1.2120144
3025014,2459.4307
3025015,0.06877673
3025016,340.07025
3025017,3.9367437
3025018,939.9621
3025019,441.66342
3025020,227.80888
3025021,138.56973
3025022,71.6995
3025023,3988.13
3025024,2.9616263
3025025,0.5287534
3025026,11.66823
3025027,8.7908535
3025028,0.093601875
3025029,168.54803
3025030,0.8102106
3025031,0.6622083
3025032,3.563148
3025033,35.288227
3025034,0.76281416
3025035,244.65326
3025036,255.83731
3025037,0.61915755
3025038,2.679056
3025039,225.53862
3025040,50.713444
3025041,834.1641
3025042,0.6822343
3025043,1.8579473
3025044,3.3230343
3025045,0.008893331
3025046,4.646889
3025047,2591.6528
3025048,0.063098006
3025049,372.872
3025050,11.654695
3025051,821.8864
3025052,633.8672
3025053,186.91515
3025054,138.93718
3025055,100.44989
3025056,3687.9832
3025057,25.787216
3025058,0.6634072
3025059,18.372467
3025060,14.370443
3025061,0.24075098
3025062,215.88802
3025063,11.171076
3025064,8.535681
3025065,4.2167907
3025066,63.37629
3025067,3.8775797
3025068,263.0592
3025069,210.38206
3025070,6.80481
3025071,9.16809
3025072,267.59305
3025073,84.79777
3025074,2562.8433
3025075,0.91564167
3025076,28.66901
3025077,3.0415263
3025078,0.008700211
3025079,3.5542479
3025080,2242.536
3025081,0.04892451
3025082,321.35776
3025083,9.992532
3025084,797.3816
3025085,554.6923
3025086,168.71976
3025087,118.128456
3025088,81.45911
3025089,3345.988
3025090,17.524656
3025091,0.5469947
3025092,20.234493
3025093,15.935745
3025094,0.2151064
3025095,216.17654
3025096,8.68753
3025097,5.707515
3025098,3.6385074
3025099,52.913338
3025100,3.6203861
3025101,223.62012
3025102,189.4528
3025103,5.704271
3025104,7.950938
3025105,224.7581
3025106,69.548164
3025107,2346.289
3025108,0.77538407
3025109,18.99898
3025110,3.7225633
3025111,0.035198156
3025112,3.201676
3025113,2542.9775
3025114,0.07003133
3025115,390.50485
3025116,7.060129
3025117,1068.1063
3025118,553.19696
3025119,231.6983
3025120,143.31656
3025121,74.27944
3025122,3811.9397
3025123,11.969518
3025124,0.7336813
3025125,23.062464
3025126,16.5814
3025127,0.27009165
3025128,262.8031
3025129,4.354608
3025130,3.0633707
3025131,4.9656663
3025132,42.28801
3025133,1.8517568
3025134,251.74945
3025135,256.84464
3025136,2.5539358
3025137,4.95863
3025138,232.5605
3025139,60.03659
3025140,1273.5314
3025141,0.93195903
3025142,10.873312
3025143,2.4468634
3025144,0
3025145,3.0647407
3025146,2644.574
3025147,0.026924407
3025148,456.34857
3025149,8.269086
3025150,795.5362
3025151,775.5766
3025152,184.25523
3025153,150.36092
3025154,102.14749
3025155,3969.6306
3025156,18.587492
3025157,0.5107292
3025158,13.474922
3025159,10.682185
3025160,0.15203431
3025161,157.32979
3025162,8.153485
3025163,5.273023
3025164,2.8031185
3025165,53.055378
3025166,2.906813
3025167,327.5648
3025168,213.24307
3025169,4.9514074
3025170,6.553938
3025171,357.44504
3025172,81.108536
3025173,2277.46
3025174,0.7162038
3025175,21.045052
3025176,3.258843
3025177,0.049342558
3025178,0.8015344
3025179,2473.1155
3025180,0.054280646
3025181,305.03268
3025182,5.0438547
3025183,953.10486
3025184,410.259
3025185,224.78772
3025186,114.22764
3025187,50.79902
3025188,3893.53
3025189,2.9539735
3025190,0.35708582
3025191,12.533891
3025192,9.25251
3025193,0.11479682
3025194,180.25673
3025195,0.9965414
3025196,0.3505023
3025197,3.8218803
3025198,23.358198
3025199,0.73814845
3025200,210.93797
3025201,252.82121
3025202,0.7072085
3025203,3.4083333
3025204,183.35112
3025205,41.321068
3025206,592.39935
3025207,0.5113847
3025208,1.7391627
3025209,2.91375
3025210,0
3025211,3.5167847
3025212,2336.3542
3025213,0.00664447
3025214,338.11435
3025215,8.497798
3025216,819.8376
3025217,565.78613
3025218,170.45158
3025219,116.39025
3025220,75.27814
3025221,3343.7544
3025222,13.099857
3025223,0.4494742
3025224,18.105604
3025225,13.999725
3025226,0.06698488
3025227,173.99373
3025228,6.8379035
3025229,4.9741297
3025230,3.7573986
3025231,44.816807
3025232,3.0688682
3025233,236.36551
3025234,192.15428
3025235,4.81604
3025236,6.829673
3025237,235.65758
3025238,61.850567
3025239,1821.376
3025240,0.80546606
3025241,12.084781
3025242,3.715582
3025243,0
3025244,3.3549266
3025245,2145.1382
3025246,0
3025247,338.84943
3025248,9.393727
3025249,890.6572
3025250,418.03894
3025251,249.93076
3025252,173.9002
3025253,87.16074
3025254,3377.7153
3025255,22.837975
3025256,0.9365704
3025257,13.602533
3025258,10.0985775
3025259,0.018695623
3025260,176.21436
3025261,9.685941
3025262,5.4365296
3025263,3.3900719
3025264,77.452324
3025265,3.2855291
3025266,264.13086
3025267,257.84912
3025268,5.0075035
3025269,7.440056
3025270,228.4453
3025271,69.41948
3025272,1100.1332
3025273,1.4319408
3025274,18.899916
3025275,2.5752444
3025276,0.03736512
3025277,0.680493
3025278,2379.5195
3025279,0.030518413
3025280,266.6722
3025281,3.71457
3025282,775.05096
3025283,344.88028
3025284,194.07202
3025285,109.48063
3025286,45.991356
3025287,3810.6816
3025288,1.8950233
3025289,0.20558551
3025290,9.085724
3025291,6.836603
3025292,0.058593668
3025293,137.9568
3025294,0.7399516
3025295,0.22929686
3025296,2.8678353
3025297,23.21842
3025298,0.5468825
3025299,187.80524
3025300,212.11961
3025301,0.53124166
3025302,2.4873717
3025303,164.06966
3025304,36.92001
3025305,551.73517
3025306,0.3366255
3025307,1.1325569
3025308,10.634446
3025309,0.26988137
3025310,11.525368
3025311,8919.34
3025312,0.42590368
3025313,1530.909
3025314,30.462917
3025315,2888.909
3025316,2634.3606
3025317,496.47516
3025318,358.32123
3025319,426.51978
3025320,10317.114
3025321,54.949863
3025322,1.972712
3025323,51.588737
3025324,42.172035
3025325,0.8326154
3025326,665.44995
3025327,30.667511
3025328,25.648388
3025329,11.268073
3025330,134.44775
3025331,16.81315
3025332,1003.8081
3025333,657.25134
3025334,22.466763
3025335,26.67215
3025336,1185.6635
3025337,327.23483
3025338,8311.182
3025339,3.8137126
3025340,72.62282
3025341,7.316863
3025342,0.19628656
3025343,7.937131
3025344,7596.0435
3025345,0.32422635
3025346,1328.192
3025347,23.656569
3025348,2399.2554
3025349,2272.0798
3025350,411.42197
3025351,311.87503
3025352,339.30396
3025353,9213.779
3025354,47.539
3025355,1.5194316
3025356,38.110935
3025357,31.24559
3025358,0.6638806
3025359,503.6526
3025360,23.80393
3025361,18.713058
3025362,8.329191
3025363,109.5367
3025364,12.053528
3025365,886.3106
3025366,553.5824
3025367,16.566496
3025368,20.327374
3025369,1047.2784
3025370,258.63916
3025371,6853.6245
3025372,2.603283
3025373,62.835934
3025374,6.0453095
3025375,0.15525325
3025376,5.3944464
3025377,6168.8887
3025378,0.25710633
3025379,957.34576
3025380,17.893194
3025381,1993.1304
3025382,1679.0928
3025383,331.67407
3025384,239.40353
3025385,195.67279
3025386,7601.74
3025387,28.443972
3025388,1.2412262
3025389,34.604927
3025390,27.77805
3025391,0.553455
3025392,418.74188
3025393,16.386114
3025394,10.444181
3025395,6.52698
3025396,77.066765
3025397,7.6979084
3025398,633.6133
3025399,416.47592
3025400,11.160144
3025401,15.1199665
3025402,721.5517
3025403,148.29999
3025404,4690.539
3025405,1.883332
3025406,32.843998
3025407,7.0514746
3025408,0.18103716
3025409,7.4148474
3025410,7096.585
3025411,0.2977326
3025412,1218.4241
3025413,22.43663
3025414,2266.9749
3025415,2100.8381
3025416,390.50018
3025417,290.02438
3025418,293.12933
3025419,8600.816
3025420,40.681602
3025421,1.4446666
3025422,38.374733
3025423,31.093021
3025424,0.6228533
3025425,484.16324
3025426,22.39683
3025427,16.805265
3025428,7.918049
3025429,98.470406
3025430,11.163783
3025431,812.0734
3025432,517.8927
3025433,15.564169
3025434,19.221811
3025435,951.93
3025436,222.08699
3025437,6367.189
3025438,2.441206
3025439,51.617645
3025440,5.140662
3025441,0.121526174
3025442,4.222255
3025443,5432.7134
3025444,0.20404539
3025445,826.93964
3025446,14.627859
3025447,1814.7422
3025448,1457.1733
3025449,308.6091
3025450,217.25925
3025451,158.39896
3025452,6778.419
3025453,22.055298
3025454,1.0510643
3025455,30.480257
3025456,23.83903
3025457,0.4691108
3025458,367.23752
3025459,12.454909
3025460,7.2555313
3025461,5.5828457
3025462,63.811005
3025463,5.3125925
3025464,557.80786
3025465,381.97397
3025466,8.008439
3025467,11.930069
3025468,624.3244
3025469,119.91644
3025470,3524.4243
3025471,1.5064886
3025472,24.497454
3025473,6.3690987
3025474,0.107802056
3025475,7.181613
3025476,6428.849
3025477,0.20458636
3025478,1199.1289
3025479,21.7021
3025480,2077.8342
3025481,2128.2725
3025482,374.68338
3025483,290.65607
3025484,332.14282
3025485,7827.1743
3025486,47.580795
3025487,1.2530174
3025488,32.526405
3025489,26.967043
3025490,0.46206522
3025491,411.73203
3025492,22.362375
3025493,18.180033
3025494,5.5175366
3025495,102.66517
3025496,10.57811
3025497,803.31384
3025498,491.34406
3025499,15.385363
3025500,18.580217
3025501,971.1183
3025502,249.84174
3025503,6170.913
3025504,2.1016858
3025505,63.546265
3025506,5.3872685
3025507,0.035836514
3025508,3.019411
3025509,2049.5242
3025510,0.06770055
3025511,293.8854
3025512,7.934063
3025513,883.79376
3025514,459.16873
3025515,194.70119
3025516,110.07139
3025517,70.36493
3025518,3028.7007
3025519,11.033949
3025520,0.58705294
3025521,22.740574
3025522,16.61522
3025523,0.2607053
3025524,249.26027
3025525,4.8447742
3025526,2.9848578
3025527,4.4259543
3025528,45.908512
3025529,1.7826862
3025530,196.88176
3025531,211.43031
3025532,2.728081
3025533,5.545339
3025534,179.19324
3025535,62.010746
3025536,1730.1274
3025537,0.66832364
3025538,9.822101
3025539,5.4434357
3025540,0.09448481
3025541,4.4515877
3025542,4113.44
3025543,0.15175565
3025544,601.0727
3025545,15.142557
3025546,1558.0677
3025547,1080.213
3025548,266.47446
3025549,164.9699
3025550,120.55274
3025551,5498.007
3025552,19.855623
3025553,0.84856427
3025554,32.112206
3025555,25.372599
3025556,0.36476207
3025557,372.3858
3025558,11.134183
3025559,6.4798894
3025560,5.5685163
3025561,58.749813
3025562,5.397992
3025563,385.23654
3025564,312.2055
3025565,7.536212
3025566,12.098177
3025567,412.98325
3025568,96.32551
3025569,3499.5789
3025570,1.4126518
3025571,20.833324
3025572,3.9572506
3025573,0.099853575
3025574,5.655853
3025575,5017.103
3025576,0.17334023
3025577,820.6944
3025578,14.366208
3025579,1476.2963
3025580,1492.8209
3025581,283.0996
3025582,218.44107
3025583,206.69081
3025584,6553.716
3025585,25.675245
3025586,0.81608415
3025587,23.737236
3025588,18.763865
3025589,0.30992165
3025590,247.33546
3025591,11.36635
3025592,9.695861
3025593,4.9634123
3025594,88.12389
3025595,5.6010814
3025596,565.86804
3025597,355.28995
3025598,7.9013376
3025599,11.440274
3025600,658.62506
3025601,160.99081
3025602,5441.6284
3025603,1.3380015
3025604,32.760834
3025605,0.4581834
3025606,0
3025607,0.053854786
3025608,587.00287
3025609,0
3025610,58.1162
3025611,0.05527252
3025612,157.65437
3025613,63.90815
3025614,53.788322
3025615,38.18804
3025616,6.7649603
3025617,1176.7965
3025618,0.63089037
3025619,0
3025620,1.326298
3025621,0.9275172
3025622,0
3025623,12.802744
3025624,0
3025625,0
3025626,0.5478388
3025627,18.058584
3025628,0
3025629,46.369175
3025630,54.707
3025631,0
3025632,0
3025633,36.755455
3025634,4.194534
3025635,217.90828
3025636,0
3025637,0.5903125
3025638,1.7853234
3025639,0
3025640,0.79096186
3025641,1537.9003
3025642,0
3025643,150.07257
3025644,1.64588
3025645,504.82443
3025646,199.98041
3025647,113.08956
3025648,63.99301
3025649,40.44947
3025650,2152.7388
3025651,2.5493963
3025652,0.22063012
3025653,7.189783
3025654,5.207476
3025655,0
3025656,87.362206
3025657,0.3940946
3025658,0.37197646
3025659,2.0651863
3025660,28.69671
3025661,0.31143838
3025662,108.18589
3025663,118.32061
3025664,0.23385203
3025665,1.1120851
3025666,93.962
3025667,30.51076
3025668,809.00977
3025669,0.2931252
3025670,1.775054
3025671,2.1553369
3025672,0
3025673,0.71742475
3025674,1539.979
3025675,0
3025676,174.78413
3025677,1.9542458
3025678,579.6411
3025679,227.35556
3025680,135.55234
3025681,78.64302
3025682,34.237778
3025683,2284.2812
3025684,1.8835716
3025685,0.29148668
3025686,7.787635
3025687,5.6877236
3025688,0
3025689,127.5757
3025690,0.4067869
3025691,0.06660095
3025692,2.0884383
3025693,21.968885
3025694,0.3597492
3025695,126.73209
3025696,150.33551
3025697,0.26967475
3025698,1.3431563
3025699,111.92972
3025700,24.950739
3025701,636.0409
3025702,0.3339625
3025703,1.1292276
3025704,3.651794
3025705,0.031388354
3025706,3.8443942
3025707,4135.425
3025708,0.09381898
3025709,648.63794
3025710,11.617933
3025711,1214.6898
3025712,1168.6149
3025713,236.09763
3025714,185.18936
3025715,145.32823
3025716,5540.798
3025717,25.824022
3025718,0.7695464
3025719,20.382906
3025720,16.17502
3025721,0.28829536
3025722,241.86842
3025723,11.537348
3025724,7.4862566
3025725,4.1977906
3025726,65.68406
3025727,4.3521347
3025728,442.01056
3025729,285.97845
3025730,7.1326294
3025731,9.361609
3025732,499.82495
3025733,114.36486
3025734,3153.6475
3025735,1.0837562
3025736,29.998985
3025737,3.2611413
3025738,0.020970078
3025739,4.8610563
3025740,3183.916
3025741,0.073303334
3025742,611.90356
3025743,12.506958
3025744,1011.6426
3025745,1075.3807
3025746,220.26807
3025747,185.18527
3025748,163.94244
3025749,4724.5225
3025750,30.129194
3025751,0.6490313
3025752,17.051943
3025753,14.071827
3025754,0.2209552
3025755,204.12564
3025756,12.392388
3025757,9.969006
3025758,3.629685
3025759,77.47305
3025760,5.051644
3025761,437.89658
3025762,267.27725
3025763,7.9400654
3025764,10.143254
3025765,498.0116
3025766,130.2453
3025767,3524.9724
3025768,1.0010092
3025769,39.67695
3025770,5.6796207
3025771,0.04992269
3025772,6.292848
3025773,4840.6973
3025774,0.12124159
3025775,757.3265
3025776,17.571896
3025777,1493.2911
3025778,1412.6315
3025779,279.7923
3025780,209.16847
3025781,188.78142
3025782,6093.019
3025783,33.198555
3025784,1.0210402
3025785,30.648415
3025786,25.019407
3025787,0.34828407
3025788,342.65417
3025789,17.486916
3025790,14.321976
3025791,6.1525044
3025792,81.07284
3025793,8.018901
3025794,501.12936
3025795,334.92657
3025796,12.246493
3025797,14.837595
3025798,577.42487
3025799,148.515
3025800,4414.3623
3025801,1.6061192
3025802,39.75588
3025803,5.897651
3025804,0.10296068
3025805,2.9921837
3025806,3751.129
3025807,0.14319518
3025808,549.1197
3025809,10.8279
3025810,1477.1497
3025811,800.2152
3025812,313.52
3025813,178.82578
3025814,89.11531
3025815,5409.5474
3025816,10.128182
3025817,0.87280285
3025818,27.931732
3025819,21.553307
3025820,0.37759745
3025821,350.059
3025822,4.663167
3025823,2.5402172
3025824,5.6379867
3025825,40.30603
3025826,2.4318368
3025827,349.41495
3025828,350.74768
3025829,3.1459036
3025830,8.14015
3025831,329.8619
3025832,69.27078
3025833,1446.9879
3025834,1.2246814
3025835,8.156659
3025836,2.2993975
3025837,0
3025838,2.8466578
3025839,1853.4066
3025840,0
3025841,316.54654
3025842,9.309296
3025843,568.59216
3025844,542.62115
3025845,147.98558
3025846,123.937325
3025847,81.50095
3025848,2819.3179
3025849,17.015917
3025850,0.32798666
3025851,12.43779
3025852,10.180066
3025853,0.06890994
3025854,139.3165
3025855,8.556936
3025856,6.0434
3025857,2.411426
3025858,58.107685
3025859,3.1773567
3025860,241.38298
3025861,164.47592
3025862,5.828076
3025863,7.550868
3025864,254.60712
3025865,67.09026
3025866,1829.4414
3025867,0.5180868
3025868,20.114237
3025869,1.5240216
3025870,0
3025871,0.55507064
3025872,1139.8553
3025873,0.010652194
3025874,162.67758
3025875,2.5302284
3025876,517.3788
3025877,207.78256
3025878,134.24304
3025879,70.93631
3025880,23.708553
3025881,2100.8442
3025882,1.821868
3025883,0.22228502
3025884,6.8270802
3025885,4.981381
3025886,0.12815075
3025887,109.09447
3025888,0.56065714
3025889,0.055938203
3025890,2.0978684
3025891,14.143851
3025892,0.32552376
3025893,129.71822
3025894,147.71693
3025895,0.35155132
3025896,1.66027
3025897,98.62116
3025898,19.063469
3025899,402.4938
3025900,0.16337974
3025901,1.2334836
3025902,5.209399
3025903,0.13922378
3025904,2.0546963
3025905,3814.9954
3025906,0.20823282
3025907,493.5735
3025908,10.4138155
3025909,1604.4032
3025910,782.7168
3025911,324.6679
3025912,162.64777
3025913,65.71062
3025914,5736.0547
3025915,6.649044
3025916,0.7906091
3025917,22.64157
3025918,17.33176
3025919,0.42428684
3025920,299.20352
3025921,3.2913437
3025922,1.4825258
3025923,5.2214394
3025924,31.435719
3025925,1.9212453
3025926,345.25073
3025927,366.2499
3025928,2.275908
3025929,7.7086344
3025930,294.76273
3025931,53.31677
3025932,1258.323
3025933,1.0849211
3025934,4.9475365
3025935,2.010531
3025936,0.017743764
3025937,0.85562706
3025938,1498.8972
3025939,0.016398575
3025940,211.79254
3025941,4.0989747
3025942,745.9917
3025943,293.1188
3025944,162.02002
3025945,74.56056
3025946,35.99256
3025947,2358.4084
3025948,2.5799348
3025949,0.2675179
3025950,10.8183775
3025951,7.766386
3025952,0.05444324
3025953,143.90129
3025954,0.7749239
3025955,0.20041253
3025956,3.2349482
3025957,20.794298
3025958,0.51722836
3025959,152.4195
3025960,175.87321
3025961,0.48244914
3025962,2.7157059
3025963,119.88963
3025964,31.14988
3025965,484.6616
3025966,0.36349395
3025967,1.4483745
3025968,1.7032027
3025969,0.02826853
3025970,0.67045605
3025971,1279.439
3025972,0.024714679
3025973,175.16643
3025974,3.6960611
3025975,610.2234
3025976,237.56227
3025977,135.70576
3025978,63.034004
3025979,29.561337
3025980,2158.2012
3025981,2.2223256
3025982,0.19706595
3025983,8.957941
3025984,6.4273696
3025985,0.07169399
3025986,120.90095
3025987,0.65503156
3025988,0.12677936
3025989,2.743373
3025990,18.49245
3025991,0.38548082
3025992,128.8483
3025993,150.01387
3025994,0.38159424
3025995,2.418799
3025996,98.31524
3025997,26.165955
3025998,395.7224
3025999,0.23483759
3026000,1.3484194
3026001,2.2059698
3026002,0.024792785
3026003,0.46621162
3026004,1626.8629
3026005,0.022979386
3026006,230.17496
3026007,4.380016
3026008,794.16016
3026009,317.3
3026010,185.7147
3026011,82.45761
3026012,37.205708
3026013,2521.0793
3026014,2.512192
3026015,0.23250444
3026016,10.686027
3026017,7.6646414
3026018,0.07681666
3026019,159.95822
3026020,0.7093185
3026021,0.13485041
3026022,3.264237
3026023,21.918346
3026024,0.4530121
3026025,164.86395
3026026,203.61269
3026027,0.42572176
3026028,2.849726
3026029,132.35037
3026030,33.348576
3026031,549.30646
3026032,0.281151
3026033,1.4297373
3026034,2.1789103
3026035,0.0076783625
3026036,0.8195962
3026037,1740.6825
3026038,0.02413224
3026039,231.83049
3026040,4.4524975
3026041,811.5637
3026042,329.75684
3026043,165.47264
3026044,83.47855
3026045,38.590675
3026046,2695.3735
3026047,3.7260833
3026048,0.324265
3026049,12.150988
3026050,8.501755
3026051,0.1017427
3026052,165.11613
3026053,1.187731
3026054,0.47473505
3026055,3.2281775
3026056,24.53595
3026057,0.73133147
3026058,168.94415
3026059,184.75687
3026060,0.7610822
3026061,2.886975
3026062,138.66313
3026063,32.594044
3026064,612.6783
3026065,0.44526464
3026066,2.7346199
3026067,3.1514578
3026068,0.049770158
3026069,0.62858105
3026070,1114.3259
3026071,0.037749156
3026072,153.5025
3026073,2.663501
3026074,512.73804
3026075,205.8883
3026076,129.4771
3026077,57.594482
3026078,26.033072
3026079,1749.4205
3026080,1.9725859
3026081,0.14181472
3026082,7.595606
3026083,5.5050645
3026084,0.1489056
3026085,126.442566
3026086,0.49790567
3026087,0.1726904
3026088,2.6388648
3026089,18.945374
3026090,0.20613438
3026091,110.21931
3026092,138.891
3026093,0.25542265
3026094,1.65172
3026095,84.27191
3026096,23.60939
3026097,517.0314
3026098,0.03815226
3026099,1.4681656
3026100,2.940699
3026101,0.05177306
3026102,1.3933015
3026103,3059.171
3026104,0.09782234
3026105,373.6583
3026106,5.161804
3026107,1105.0856
3026108,579.5949
3026109,252.10005
3026110,151.53117
3026111,62.57066
3026112,4722.8555
3026113,4.9005013
3026114,0.534255
3026115,13.94802
3026116,10.043949
3026117,0.26990548
3026118,209.12589
3026119,1.796695
3026120,0.8972893
3026121,2.4479146
3026122,32.047726
3026123,1.0997744
3026124,288.9675
3026125,282.85803
3026126,1.2534354
3026127,3.5475445
3026128,262.62817
3026129,50.19823
3026130,1020.8046
3026131,0.6539055
3026132,4.187734
3026133,2.251442
3026134,0
3026135,1.1351533
3026136,935.7302
3026137,0.060956635
3026138,114.99385
3026139,1.0225425
3026140,374.9694
3026141,161.08176
3026142,82.37285
3026143,49.99932
3026144,22.855207
3026145,1698.5859
3026146,4.960865
3026147,0.26880154
3026148,8.4053545
3026149,7.5670967
3026150,0.2388939
3026151,55.5821
3026152,2.1432438
3026153,1.0316653
3026154,1.7159111
3026155,23.255276
3026156,0.19130804
3026157,85.30542
3026158,84.47481
3026159,1.6645663
3026160,0.80540085
3026161,66.02775
3026162,20.41413
3026163,406.7425
3026164,0.046025462
3026165,4.515953
3026166,2.435506
3026167,0.032281443
3026168,1.1995373
3026169,1649.3795
3026170,0.053166024
3026171,214.79237
3026172,5.2988634
3026173,750.9772
3026174,307.22842
3026175,153.95064
3026176,76.11007
3026177,34.5898
3026178,2795.249
3026179,3.8868437
3026180,0.38949493
3026181,13.277396
3026182,9.643003
3026183,0.14293976
3026184,147.46115
3026185,1.5498385
3026186,0.60022116
3026187,3.2397718
3026188,21.656702
3026189,0.90706086
3026190,160.0323
3026191,167.80966
3026192,1.0176668
3026193,3.7044177
3026194,124.46705
3026195,29.180529
3026196,517.668
3026197,0.55824983
3026198,2.6587725
3026199,2.999607
3026200,0.007264739
3026201,3.9354372
3026202,3346.055
3026203,0.07340331
3026204,542.32935
3026205,12.27403
3026206,974.64154
3026207,982.50745
3026208,207.6107
3026209,165.95732
3026210,118.934166
3026211,4702.2134
3026212,21.640326
3026213,0.57740176
3026214,17.81235
3026215,14.143776
3026216,0.23881012
3026217,204.72865
3026218,11.243782
3026219,7.2516546
3026220,3.3875155
3026221,65.17083
3026222,4.294737
3026223,384.8671
3026224,246.04633
3026225,7.392416
3026226,9.842392
3026227,427.55212
3026228,94.783905
3026229,2989.916
3026230,0.86703396
3026231,25.764406
3026232,4.674827
3026233,0
3026234,2.739901
3026235,2682.4854
3026236,0.02289252
3026237,448.58438
3026238,5.2065334
3026239,1574.7466
3026240,594.3021
3026241,392.4476
3026242,200.95183
3026243,59.567608
3026244,4374.586
3026245,12.707378
3026246,0.67455614
3026247,15.67771
3026248,12.06107
3026249,0.0969427
3026250,285.20975
3026251,2.7894416
3026252,2.6999757
3026253,4.01169
3026254,51.306103
3026255,1.7460434
3026256,321.65085
3026257,415.8885
3026258,2.0051024
3026259,3.990656
3026260,253.42625
3026261,45.624664
3026262,1284.9697
3026263,1.0483177
3026264,9.478359
3026265,4.781259
3026266,0
3026267,1.9221783
3026268,2296.9216
3026269,0
3026270,418.7593
3026271,5.990034
3026272,1526.4816
3026273,576.3312
3026274,389.3
3026275,164.67899
3026276,69.65795
3026277,3527.5154
3026278,9.617461
3026279,0.8050643
3026280,21.343893
3026281,16.33232
3026282,0.08698274
3026283,322.53873
3026284,2.5033848
3026285,1.6302862
3026286,3.7330418
3026287,59.453407
3026288,1.56249
3026289,272.9706
3026290,412.61505
3026291,1.6954792
3026292,4.3983874
3026293,203.05994
3026294,56.476234
3026295,1311.451
3026296,1.1645372
3026297,6.855474
3026298,2.641629
3026299,0
3026300,0.617375
3026301,1267.0706
3026302,0
3026303,169.60092
3026304,2.7543497
3026305,697.82965
3026306,230.34776
3026307,171.9253
3026308,78.77635
3026309,32.492237
3026310,2243.913
3026311,3.3317657
3026312,0.40987727
3026313,12.178335
3026314,9.338145
3026315,0.012776074
3026316,140.03963
3026317,0.7525834
3026318,0.31411657
3026319,1.9682169
3026320,23.168377
3026321,0.43484637
3026322,115.03523
3026323,182.55492
3026324,0.44503754
3026325,1.8967681
3026326,88.514915
3026327,26.97874
3026328,654.22595
3026329,0.44767717
3026330,2.285295
3026331,1.3567896
3026332,0
3026333,1.5131252
3026334,1765.2013
3026335,0.0022776693
3026336,282.97025
3026337,5.441321
3026338,532.1648
3026339,441.92163
3026340,135.82668
3026341,105.6597
3026342,56.41066
3026343,2728.9414
3026344,10.423436
3026345,0.23697147
3026346,9.019068
3026347,6.5803666
3026348,0.058135573
3026349,101.90829
3026350,4.339345
3026351,2.0562158
3026352,1.6959083
3026353,41.035496
3026354,1.283454
3026355,215.23456
3026356,156.22025
3026357,2.194751
3026358,3.8688736
3026359,213.59683
3026360,46.868973
3026361,1273.7648
3026362,0.3294368
3026363,11.246328
3026364,3.6589952
3026365,0
3026366,3.8899174
3026367,3449.8757
3026368,0
3026369,553.33386
3026370,11.851437
3026371,1141.0496
3026372,985.2148
3026373,276.97696
3026374,196.58871
3026375,164.2824
3026376,4271.0493
3026377,22.298737
3026378,0.46789986
3026379,19.904724
3026380,15.697409
3026381,0.012720553
3026382,205.90784
3026383,9.263498
3026384,9.434888
3026385,3.714377
3026386,75.102005
3026387,3.5863857
3026388,393.02493
3026389,314.1218
3026390,6.649201
3026391,9.349652
3026392,427.8189
3026393,131.15765
3026394,2665.981
3026395,0.81235933
3026396,24.772213
3026397,2.128348
3026398,0.012867624
3026399,1.6918018
3026400,895.1806
3026401,0.065279596
3026402,146.26402
3026403,3.0396528
3026404,287.44022
3026405,198.71259
3026406,85.651146
3026407,63.89045
3026408,35.29952
3026409,1441.9309
3026410,4.955585
3026411,0.27758077
3026412,7.1557283
3026413,6.569065
3026414,0.17332304
3026415,35.778675
3026416,2.8152518
3026417,1.7173014
3026418,1.7162137
3026419,40.76834
3026420,0.7945578
3026421,113.387856
3026422,91.170944
3026423,2.3993003
3026424,2.7467089
3026425,98.674995
3026426,31.05909
3026427,243.85954
3026428,0.27373964
3026429,4.2337213
3026430,2.2619677
3026431,0
3026432,0.9020153
3026433,1131.2212
3026434,0.012095042
3026435,160.4287
3026436,2.2281907
3026437,439.82788
3026438,214.1577
3026439,102.91114
3026440,63.96776
3026441,26.70655
3026442,1858.5397
3026443,2.4382389
3026444,0.17340304
3026445,6.864068
3026446,4.5537505
3026447,0.052561846
3026448,82.620094
3026449,0.6869234
3026450,0.5325545
3026451,1.8954635
3026452,22.916325
3026453,0.36757737
3026454,124.17412
3026455,111.62362
3026456,0.40076214
3026457,1.4248719
3026458,101.63337
3026459,22.076696
3026460,490.7488
3026461,0.15572874
3026462,1.9559841
3026463,2.9753058
3026464,0.033786166
3026465,3.9652586
3026466,3030.5476
3026467,0.10770434
3026468,477.7378
3026469,10.758518
3026470,872.52
3026471,862.0596
3026472,192.14821
3026473,154.94463
3026474,109.3398
3026475,4373.205
3026476,17.3316
3026477,0.5915139
3026478,16.043142
3026479,12.74306
3026480,0.21058911
3026481,153.56166
3026482,8.89706
3026483,6.56854
3026484,3.564725
3026485,65.58156
3026486,3.6216507
3026487,340.40527
3026488,228.53241
3026489,6.166247
3026490,8.614584
3026491,372.23965
3026492,88.487434
3026493,2691.7527
3026494,0.9387325
3026495,19.769636
3026496,3.5965753
3026497,0.10666378
3026498,1.3448274
3026499,3126.8926
3026500,0.15008484
3026501,391.8539
3026502,6.7527957
3026503,1282.8363
3026504,600.028
3026505,284.10275
3026506,151.69048
3026507,68.89079
3026508,4671.322
3026509,4.395933
3026510,0.5476757
3026511,15.96121
3026512,11.902274
3026513,0.25779185
3026514,229.73534
3026515,1.6292782
3026516,0.94680965
3026517,4.3245134
3026518,39.83911
3026519,1.1163309
3026520,290.2036
3026521,316.05377
3026522,1.1551075
3026523,4.579054
3026524,259.5962
3026525,56.996067
3026526,1182.6271
3026527,0.7530333
3026528,3.038962
3026529,4.049177
3026530,0
3026531,2.0412655
3026532,2298.6536
3026533,0.022671683
3026534,396.93835
3026535,4.709413
3026536,1443.2299
3026537,526.7413
3026538,359.43527
3026539,170.04135
3026540,60.626934
3026541,3779.0105
3026542,7.4314938
3026543,0.60349786
3026544,15.185816
3026545,11.647443
3026546,0.021820784
3026547,282.54987
3026548,1.7572188
3026549,1.8217344
3026550,3.61767
3026551,65.60909
3026552,1.2336149
3026553,277.78894
3026554,372.77112
3026555,1.283649
3026556,3.4461699
3026557,213.57135
3026558,45.602093
3026559,1178.5203
3026560,0.90944886
3026561,5.373287
3026562,8.00732
3026563,0.19343205
3026564,9.318738
3026565,7308.525
3026566,0.33128217
3026567,1195.3961
3026568,29.045118
3026569,2303.565
3026570,2255.7373
3026571,397.8156
3026572,295.2025
3026573,328.58536
3026574,8897.512
3026575,52.59292
3026576,1.4451432
3026577,42.47534
3026578,34.224724
3026579,0.6500982
3026580,497.73065
3026581,26.11841
3026582,23.157448
3026583,8.71517
3026584,126.39827
3026585,13.2931
3026586,781.75134
3026587,508.58337
3026588,18.973278
3026589,24.285492
3026590,938.48395
3026591,259.9074
3026592,7163.8174
3026593,2.7088554
3026594,73.6053
3026595,1.1267979
3026596,0
3026597,0.683447
3026598,1297.0374
3026599,0
3026600,163.82372
3026601,1.8563337
3026602,507.3638
3026603,209.21257
3026604,121.443375
3026605,74.20381
3026606,30.035517
3026607,2065.9238
3026608,1.7963355
3026609,0.17441
3026610,6.088038
3026611,4.1557097
3026612,0
3026613,89.61899
3026614,0.40068033
3026615,0.18549241
3026616,1.9956636
3026617,23.045734
3026618,0.29360294
3026619,132.03784
3026620,130.52446
3026621,0.23428689
3026622,1.1845231
3026623,109.61562
3026624,25.04083
3026625,489.91052
3026626,0.19840078
3026627,1.2257311
3026628,3.5425663
3026629,0.084779814
3026630,1.098428
3026631,2740.9177
3026632,0.120434
3026633,347.9047
3026634,6.2496104
3026635,1191.7631
3026636,509.75934
3026637,270.45697
3026638,128.98242
3026639,52.863113
3026640,4225.7505
3026641,3.7093678
3026642,0.5038694
3026643,14.881048
3026644,11.113311
3026645,0.2701196
3026646,238.30145
3026647,1.3977895
3026648,0.6532978
3026649,4.5931964
3026650,28.117575
3026651,0.9373491
3026652,253.32642
3026653,301.5188
3026654,0.9900886
3026655,4.2421517
3026656,210.4094
3026657,44.71787
3026658,1016.05444
3026659,0.61030865
3026660,2.2993345
3026661,0.7499404
3026662,0
3026663,0.2953457
3026664,840.6084
3026665,0
3026666,111.28735
3026667,1.1743734
3026668,346.03192
3026669,133.39748
3026670,86.19736
3026671,51.0339
3026672,18.018236
3026673,1446.9106
3026674,0.9841213
3026675,0.05073279
3026676,4.045242
3026677,2.8490183
3026678,0
3026679,65.614845
3026680,0.07508825
3026681,0
3026682,1.5206053
3026683,15.846867
3026684,0.049263842
3026685,90.99628
3026686,92.91229
3026687,0
3026688,0.7002107
3026689,70.040924
3026690,14.552426
3026691,325.9781
3026692,0.009012794
3026693,0.598925
3026694,2.788671
3026695,0.07679796
3026696,0.9136015
3026697,1949.2673
3026698,0.09441674
3026699,241.39569
3026700,4.486781
3026701,821.0291
3026702,319.95023
3026703,219.12679
3026704,98.41005
3026705,41.27607
3026706,3106.8635
3026707,2.1772003
3026708,0.2899419
3026709,10.73205
3026710,8.044428
3026711,0.18380472
3026712,180.01826
3026713,0.79657125
3026714,0.23054972
3026715,3.6118312
3026716,22.984625
3026717,0.5561321
3026718,182.58311
3026719,235.88597
3026720,0.54071224
3026721,3.022059
3026722,145.69983
3026723,35.78542
3026724,755.5073
3026725,0.35987717
3026726,1.1282926
3026727,4.1438994
3026728,0.14223737
3026729,1.5759282
3026730,2202.6582
3026731,0.16220771
3026732,321.3313
3026733,8.297268
3026734,1047.921
3026735,463.1551
3026736,246.9703
3026737,106.19138
3026738,50.48326
3026739,3646.5425
3026740,4.227769
3026741,0.52882814
3026742,17.160114
3026743,13.139399
3026744,0.31094667
3026745,207.84221
3026746,1.8023303
3026747,0.7045928
3026748,4.888046
3026749,27.375944
3026750,1.1370173
3026751,221.15527
3026752,277.67383
3026753,1.2202244
3026754,5.988236
3026755,175.23776
3026756,43.70167
3026757,779.7876
3026758,0.7303312
3026759,2.3033361
3026760,0.98399615
3026761,0
3026762,0.45219302
3026763,1103.5687
3026764,0
3026765,132.46806
3026766,1.5792038
3026767,403.96875
3026768,161.92879
3026769,104.18911
3026770,61.67059
3026771,23.742899
3026772,1831.7191
3026773,1.1323867
3026774,0.11915593
3026775,5.042229
3026776,3.5872483
3026777,0
3026778,75.79158
3026779,0.1678537
3026780,0
3026781,1.7533283
3026782,19.313032
3026783,0.16034122
3026784,109.09011
3026785,111.10048
3026786,0.0738701
3026787,0.9804925
3026788,87.67464
3026789,19.351736
3026790,426.93198
3026791,0.13626985
3026792,0.6687871
3026793,3.1147065
3026794,0.039561808
3026795,1.1918485
3026796,2631.5435
3026797,0.13202642
3026798,328.53052
3026799,4.3004546
3026800,1029.9497
3026801,463.43073
3026802,226.47711
3026803,133.51654
3026804,68.97493
3026805,4129.748
3026806,3.1002126
3026807,0.53832424
3026808,11.7525625
3026809,8.839914
3026810,0.16197895
3026811,174.42766
3026812,0.9508145
3026813,0.74663067
3026814,3.404839
3026815,38.824066
3026816,0.8433056
3026817,256.37378
3026818,254.6332
3026819,0.7224432
3026820,2.9424677
3026821,232.58879
3026822,51.01459
3026823,1064.6348
3026824,0.71521926
3026825,2.063132
3026826,3.145975
3026827,0.031224014
3026828,4.573645
3026829,2580.772
3026830,0.10415644
3026831,361.70108
3026832,13.464131
3026833,815.69916
3026834,617.39056
3026835,175.58812
3026836,130.7689
3026837,96.026726
3026838,3641.4255
3026839,25.248125
3026840,0.60535395
3026841,18.227665
3026842,14.080522
3026843,0.28463385
3026844,214.7649
3026845,11.519516
3026846,8.78014
3026847,4.00735
3026848,64.18351
3026849,3.9802127
3026850,259.3432
3026851,198.45735
3026852,7.2654324
3026853,10.546108
3026854,260.4337
3026855,81.94112
3026856,2739.268
3026857,0.8465669
3026858,29.220686
3026859,2.9454691
3026860,0.029007765
3026861,3.566741
3026862,2182.85
3026863,0.08729657
3026864,316.25958
3026865,11.999072
3026866,809.96045
3026867,543.06903
3026868,158.65256
3026869,112.2611
3026870,78.045654
3026871,3200.876
3026872,16.68706
3026873,0.5108448
3026874,21.282188
3026875,16.5068
3026876,0.26615617
3026877,221.63057
3026878,9.5706005
3026879,5.840197
3026880,3.4715934
3026881,57.889572
3026882,3.9125752
3026883,220.72772
3026884,178.19237
3026885,6.4155784
3026886,9.474714
3026887,218.59453
3026888,67.721954
3026889,2470.5708
3026890,0.7559904
3026891,18.720932
3026892,3.511825
3026893,0.05510249
3026894,3.2957578
3026895,2522.2883
3026896,0.10690287
3026897,360.96127
3026898,8.1112585
3026899,1096.8271
3026900,556.50214
3026901,225.4723
3026902,135.38472
3026903,74.7777
3026904,3726.4521
3026905,12.013811
3026906,0.6861892
3026907,22.931211
3026908,16.371216
3026909,0.32298714
3026910,266.11783
3026911,4.696773
3026912,3.354251
3026913,4.919042
3026914,44.946007
3026915,1.9121687
3026916,257.17236
3026917,249.34262
3026918,2.7555313
3026919,5.6415453
3026920,234.23434
3026921,62.32252
3026922,1620.815
3026923,0.87358916
3026924,11.323462
3026925,2.340868
3026926,0
3026927,3.039874
3026928,2653.3687
3026929,0.054129995
3026930,445.73428
3026931,9.76921
3026932,780.42
3026933,779.1828
3026934,177.26588
3026935,145.53784
3026936,94.10257
3026937,3930.7512
3026938,17.250025
3026939,0.46753356
3026940,14.240405
3026941,11.038445
3026942,0.1979158
3026943,160.90858
3026944,8.957872
3026945,5.2662683
3026946,2.6574242
3026947,57.810917
3026948,3.1404314
3026949,323.34552
3026950,208.15712
3026951,5.594349
3026952,7.733534
3026953,349.76935
3026954,75.72237
3026955,2402.4382
3026956,0.6736065
3026957,20.10793
3026958,3.1457605
3026959,0.07663434
3026960,0.8694078
3026961,2527.7278
3026962,0.105998136
3026963,302.74945
3026964,5.59475
3026965,1064.4015
3026966,430.5658
3026967,235.3329
3026968,113.440285
3026969,49.16959
3026970,3985.065
3026971,3.1267157
3026972,0.4195353
3026973,13.05879
3026974,9.729055
3026975,0.19996116
3026976,195.57022
3026977,1.1268857
3026978,0.42985582
3026979,3.8511128
3026980,26.728775
3026981,0.8213471
3026982,226.0247
3026983,264.764
3026984,0.79819167
3026985,3.8112226
3026986,189.09207
3026987,41.798317
3026988,781.4976
3026989,0.5714313
3026990,1.910193
3026991,2.7249963
3026992,0
3026993,3.5531578
3026994,2308.718
3026995,0.030748319
3026996,337.73923
3026997,9.721052
3026998,827.5336
3026999,558.20953
3027000,163.989
3027001,112.1907
3027002,73.95939
3027003,3226.0378
3027004,12.616799
3027005,0.4183717
3027006,18.7981
3027007,14.45257
3027008,0.11311834
3027009,178.49423
3027010,7.4418573
3027011,5.2051635
3027012,3.5668855
3027013,48.527405
3027014,3.1684613
3027015,237.14334
3027016,183.79486
3027017,5.2410617
3027018,7.7090807
3027019,231.71672
3027020,61.805508
3027021,1937.0332
3027022,0.75915515
3027023,11.991463
3027024,3.7735615
3027025,0
3027026,3.410584
3027027,2125.1182
3027028,0
3027029,360.089
3027030,9.003592
3027031,938.3267
3027032,448.67465
3027033,262.28058
3027034,184.1188
3027035,91.304825
3027036,3379.2075
3027037,24.485893
3027038,0.8196715
3027039,14.765574
3027040,10.894254
3027041,0
3027042,176.31181
3027043,9.391428
3027044,5.5426397
3027045,3.3822455
3027046,87.73601
3027047,3.1290493
3027048,281.44617
3027049,271.70505
3027050,4.8577456
3027051,7.17566
3027052,241.33757
3027053,72.80598
3027054,1115.0404
3027055,1.3140113
3027056,20.409931
3027057,2.6014037
3027058,0.0772129
3027059,0.84062433
3027060,2378.8352
3027061,0.10797136
3027062,248.1912
3027063,4.0877666
3027064,836.7351
3027065,349.70563
3027066,205.75172
3027067,107.013245
3027068,42.737415
3027069,3828.3345
3027070,2.056509
3027071,0.2962684
3027072,9.90938
3027073,7.4760294
3027074,0.1651663
3027075,148.65259
3027076,0.8120868
3027077,0.29071358
3027078,2.9997873
3027079,26.532673
3027080,0.59740484
3027081,197.23175
3027082,223.63971
3027083,0.57941866
3027084,2.754868
3027085,165.00757
3027086,35.88311
3027087,784.82355
3027088,0.38913384
3027089,1.2151566
3027090,10.230671
3027091,0.3106743
3027092,11.315241
3027093,9223.768
3027094,0.4941182
3027095,1570.3713
3027096,33.67193
3027097,3083.1309
3027098,2724.454
3027099,488.7798
3027100,347.04047
3027101,401.64603
3027102,10736.197
3027103,53.027214
3027104,1.8874762
3027105,51.88198
3027106,41.93439
3027107,0.8674183
3027108,602.67566
3027109,30.006163
3027110,25.379402
3027111,10.817451
3027112,136.92278
3027113,17.229525
3027114,1006.516
3027115,644.3029
3027116,22.692804
3027117,28.883512
3027118,1202.2655
3027119,307.0217
3027120,8269.329
3027121,3.9456992
3027122,71.57426
3027123,7.0307083
3027124,0.22817908
3027125,7.7867775
3027126,7855.3853
3027127,0.38135555
3027128,1360.0608
3027129,26.62663
3027130,2529.629
3027131,2349.48
3027132,401.9568
3027133,300.51157
3027134,316.63272
3027135,9544.308
3027136,45.088505
3027137,1.4497552
3027138,38.646027
3027139,31.223648
3027140,0.6989695
3027141,468.13266
3027142,24.03536
3027143,18.269436
3027144,7.8299847
3027145,113.36561
3027146,12.622044
3027147,886.45325
3027148,539.14813
3027149,17.391745
3027150,22.5633
3027151,1058.2161
3027152,240.5981
3027153,6810.089
3027154,2.699025
3027155,61.007004
3027156,5.861041
3027157,0.1839304
3027158,5.340733
3027159,6238.588
3027160,0.3089125
3027161,966.24854
3027162,20.230803
3027163,2101.4417
3027164,1752.6361
3027165,324.15106
3027166,229.81213
3027167,179.20372
3027168,7817.207
3027169,26.392601
3027170,1.1774437
3027171,35.445312
3027172,28.061384
3027173,0.5952983
3027174,396.09827
3027175,17.327797
3027176,10.295664
3027177,6.1947784
3027178,82.18629
3027179,8.196208
3027180,627.36005
3027181,404.52393
3027182,12.004761
3027183,16.901787
3027184,718.4623
3027185,137.41618
3027186,4750.978
3027187,1.9159744
3027188,30.928562
3027189,6.7809367
3027190,0.2116668
3027191,7.272393
3027192,7279.653
3027193,0.35309193
3027194,1241.5718
3027195,25.13908
3027196,2395.1306
3027197,2172.7153
3027198,382.9506
3027199,280.11755
3027200,272.184
3027201,8909.333
3027202,38.48877
3027203,1.3730745
3027204,38.936462
3027205,31.204048
3027206,0.66025174
3027207,453.9319
3027208,22.542768
3027209,16.44706
3027210,7.4931364
3027211,103.819496
3027212,11.64903
3027213,805.3195
3027214,506.74533
3027215,16.298908
3027216,21.237577
3027217,952.86194
3027218,206.6323
3027219,6358.486
3027220,2.5280433
3027221,49.702106
3027222,4.984716
3027223,0.14720786
3027224,4.198523
3027225,5506.4883
3027226,0.25145903
3027227,831.4978
3027228,16.57743
3027229,1912.2089
3027230,1521.3762
3027231,302.23947
3027232,209.6385
3027233,145.6127
3027234,6996.897
3027235,20.482769
3027236,0.9966701
3027237,31.08472
3027238,24.224636
3027239,0.5174283
3027240,353.3581
3027241,13.26331
3027242,7.264348
3027243,5.305804
3027244,69.51618
3027245,5.75985
3027246,552.552
3027247,375.00757
3027248,8.769171
3027249,13.421092
3027250,619.0156
3027251,112.05434
3027252,3562.88
3027253,1.5221994
3027254,23.22182
3027255,6.0793066
3027256,0.12731326
3027257,6.990574
3027258,6762.217
3027259,0.24539754
3027260,1206.4486
3027261,24.214846
3027262,2139.3528
3027263,2196.2808
3027264,371.5048
3027265,285.37424
3027266,310.38312
3027267,8241.668
3027268,45.97425
3027269,1.1768842
3027270,32.4758
3027271,26.57028
3027272,0.49728945
3027273,384.09305
3027274,22.109356
3027275,18.043064
3027276,5.3078504
3027277,110.334076
3027278,10.950148
3027279,797.0371
3027280,484.154
3027281,15.874596
3027282,20.419807
3027283,974.9794
3027284,232.92642
3027285,6136.945
3027286,2.1044729
3027287,62.792545
3027288,5.2518635
3027289,0.060758643
3027290,3.1545825
3027291,1997.7722
3027292,0.1118263
3027293,294.68378
3027294,9.836269
3027295,910.3905
3027296,473.33322
3027297,183.33502
3027298,104.91564
3027299,70.65968
3027300,2872.2761
3027301,11.254842
3027302,0.5675483
3027303,23.295582
3027304,16.979898
3027305,0.3177616
3027306,256.4936
3027307,5.477223
3027308,3.253706
3027309,4.250355
3027310,49.106274
3027311,1.9786682
3027312,195.25974
3027313,200.29796
3027314,3.1177273
3027315,6.8774834
3027316,175.92079
3027317,63.369164
3027318,1881.5416
3027319,0.6667454
3027320,10.351595
3027321,5.351115
3027322,0.12125371
3027323,4.4118643
3027324,4059.3127
3027325,0.19895048
3027326,589.91907
3027327,17.638384
3027328,1583.847
3027329,1109.8225
3027330,261.09586
3027331,160.05426
3027332,113.43985
3027333,5466.3706
3027334,18.635174
3027335,0.81208694
3027336,33.603073
3027337,26.38613
3027338,0.421081
3027339,368.80145
3027340,12.401498
3027341,6.610369
3027342,5.3254423
3027343,66.49267
3027344,5.991969
3027345,379.23724
3027346,301.16443
3027347,8.516079
3027348,13.986842
3027349,399.91965
3027350,92.56597
3027351,3599.488
3027352,1.4609647
3027353,20.10028
3027354,3.9072266
3027355,0.12516749
3027356,5.6687064
3027357,4889.5356
3027358,0.22140448
3027359,792.13654
3027360,17.66584
3027361,1418.9069
3027362,1472.9182
3027363,278.57465
3027364,213.1051
3027365,190.46326
3027366,6424.1597
3027367,24.433764
3027368,0.77297497
3027369,24.96532
3027370,19.48922
3027371,0.35919356
3027372,244.7464
3027373,12.596605
3027374,9.915975
3027375,4.6906724
3027376,93.556244
3027377,6.160334
3027378,547.38324
3027379,343.6084
3027380,9.06294
3027381,13.988936
3027382,638.2802
3027383,149.73337
3027384,5340.091
3027385,1.3180811
3027386,32.10882
3027387,0.49456927
3027388,0
3027389,0.06979335
3027390,649.72363
3027391,0
3027392,60.71277
3027393,0.15608059
3027394,179.1544
3027395,66.6702
3027396,57.297318
3027397,38.80489
3027398,6.694264
3027399,1318.8585
3027400,0.6623038
3027401,0
3027402,1.5326936
3027403,1.0828083
3027404,0
3027405,12.921621
3027406,0
3027407,0
3027408,0.5875479
3027409,20.283688
3027410,0
3027411,47.92779
3027412,57.621395
3027413,0
3027414,0.021705605
3027415,37.180565
3027416,4.1614323
3027417,240.45241
3027418,0
3027419,0.54328287
3027420,1.7196932
3027421,0
3027422,0.81264544
3027423,1546.1637
3027424,0.012453031
3027425,146.91953
3027426,1.9264116
3027427,512.9561
3027428,206.5917
3027429,104.49618
3027430,63.36766
3027431,42.368298
3027432,2159.0713
3027433,2.902617
3027434,0.26034603
3027435,7.5657187
3027436,5.4732366
3027437,0
3027438,89.32258
3027439,0.46662408
3027440,0.40575033
3027441,2.0766873
3027442,31.646713
3027443,0.40986356
3027444,107.34777
3027445,110.410286
3027446,0.30587134
3027447,1.3013015
3027448,94.866295
3027449,32.559795
3027450,856.875
3027451,0.38190228
3027452,2.0466912
3027453,2.1483176
3027454,0
3027455,0.7641804
3027456,1576.8939
3027457,0.010402394
3027458,179.12924
3027459,2.256026
3027460,627.7428
3027461,243.7288
3027462,133.01607
3027463,77.20794
3027464,35.710117
3027465,2376.4158
3027466,1.9298394
3027467,0.32487488
3027468,8.579608
3027469,6.324513
3027470,0.04165728
3027471,135.4417
3027472,0.4976457
3027473,0.058023676
3027474,2.0851831
3027475,27.010866
3027476,0.42666024
3027477,136.01628
3027478,146.58557
3027479,0.33766526
3027480,1.5360174
3027481,117.41272
3027482,27.525328
3027483,782.3406
3027484,0.3894864
3027485,1.1848164
3027486,3.5210543
3027487,0.047067
3027488,3.762107
3027489,4168.913
3027490,0.12744345
3027491,634.773
3027492,13.470271
3027493,1208.8022
3027494,1186.1791
3027495,230.89601
3027496,179.45206
3027497,133.3475
3027498,5634.2295
3027499,24.154184
3027500,0.71218026
3027501,21.05981
3027502,16.459959
3027503,0.3315663
3027504,239.90614
3027505,12.434752
3027506,7.414858
3027507,3.95681
3027508,70.58015
3027509,4.7058434
3027510,433.86685
3027511,280.28088
3027512,7.927725
3027513,10.808095
3027514,486.8552
3027515,106.74483
3027516,3239.3757
3027517,1.0397472
3027518,28.780304
3027519,3.1350331
3027520,0.035925876
3027521,4.710385
3027522,3207.191
3027523,0.10605046
3027524,592.61615
3027525,14.879462
3027526,978.4139
3027527,1073.9614
3027528,214.96027
3027529,179.80269
3027530,150.23769
3027531,4688.8525
3027532,28.282745
3027533,0.59776473
3027534,17.734348
3027535,14.405855
3027536,0.26664293
3027537,202.47452
3027538,13.153837
3027539,9.635409
3027540,3.4278035
3027541,83.239975
3027542,5.4941874
3027543,425.26364
3027544,258.80103
3027545,8.839021
3027546,12.065932
3027547,484.70605
3027548,119.89759
3027549,3545.321
3027550,0.9686775
3027551,37.9257
3027552,5.4383807
3027553,0.06325281
3027554,6.1074023
3027555,4723.4097
3027556,0.15282065
3027557,721.98694
3027558,19.725012
3027559,1464.6887
3027560,1394.3486
3027561,272.6432
3027562,205.78268
3027563,177.18098
3027564,6092.2812
3027565,31.892979
3027566,0.94329953
3027567,30.772648
3027568,24.71601
3027569,0.3847005
3027570,325.22092
3027571,17.78922
3027572,14.272953
3027573,5.8707695
3027574,86.65233
3027575,8.354883
3027576,491.08984
3027577,324.3944
3027578,12.855013
3027579,16.41579
3027580,560.7276
3027581,141.9215
3027582,4423.2856
3027583,1.5658286
3027584,38.95669
3027585,5.6223435
3027586,0.124322295
3027587,3.0721736
3027588,3643.8477
3027589,0.18290165
3027590,516.697
3027591,12.1521635
3027592,1548.086
3027593,834.4879
3027594,316.67224
3027595,176.04189
3027596,85.10643
3027597,5340.7837
3027598,9.720019
3027599,0.83847475
3027600,28.253695
3027601,21.740948
3027602,0.4331168
3027603,360.599
3027604,5.266392
3027605,2.7518942
3027606,5.591045
3027607,43.46791
3027608,2.716007
3027609,358.81897
3027610,355.40598
3027611,3.592927
3027612,9.197067
3027613,328.9695
3027614,68.84248
3027615,1694.5038
3027616,1.2262201
3027617,8.136289
3027618,2.0573475
3027619,0
3027620,2.7100618
3027621,1910.3988
3027622,0
3027623,336.07898
3027624,10.163171
3027625,583.05914
3027626,589.3603
3027627,156.47896
3027628,133.26962
3027629,87.40397
3027630,3005.823
3027631,15.492115
3027632,0.27534652
3027633,12.044593
3027634,9.705114
3027635,0.050893255
3027636,135.13431
3027637,8.347597
3027638,6.3652325
3027639,2.0837865
3027640,75.38201
3027641,3.3117814
3027642,257.6717
3027643,173.38722
3027644,5.9604487
3027645,8.204101
3027646,275.08295
3027647,71.16337
3027648,2823.5964
3027649,0.49060425
3027650,19.335554
3027651,1.4369256
3027652,0
3027653,0.5794573
3027654,1545.6747
3027655,0.013062386
3027656,194.27826
3027657,2.7605147
3027658,758.721
3027659,300.879
3027660,165.58922
3027661,83.88173
3027662,29.818867
3027663,3386.8433
3027664,1.9151952
3027665,0.21645303
3027666,7.0519295
3027667,5.01902
3027668,0.12075692
3027669,137.61539
3027670,0.60387135
3027671,0.08727125
3027672,1.9392986
3027673,20.129313
3027674,0.38688737
3027675,155.96594
3027676,179.97977
3027677,0.38726327
3027678,1.8091602
3027679,119.394104
3027680,22.887245
3027681,507.37933
3027682,0.20776479
3027683,1.3808136
3027684,4.7013807
3027685,0.1349084
3027686,2.0278447
3027687,3971.2402
3027688,0.20980734
3027689,585.1802
3027690,11.208096
3027691,1771.1782
3027692,1204.9548
3027693,352.53918
3027694,186.05798
3027695,79.99271
3027696,5996.029
3027697,6.7936993
3027698,0.72940564
3027699,22.910976
3027700,17.320444
3027701,0.39604512
3027702,309.9896
3027703,3.5621486
3027704,1.6971986
3027705,4.786142
3027706,42.174454
3027707,2.0022962
3027708,416.79614
3027709,397.13177
3027710,2.3995385
3027711,8.267093
3027712,376.59515
3027713,62.11407
3027714,1413.1304
3027715,1.1130786
3027716,5.3790383
3027717,1.90117
3027718,0.012740263
3027719,0.924186
3027720,1533.5454
3027721,0.014301044
3027722,234.02133
3027723,4.591755
3027724,785.80444
3027725,448.47186
3027726,180.76878
3027727,88.126015
3027728,43.678135
3027729,2496.042
3027730,2.720514
3027731,0.24371123
3027732,11.230886
3027733,7.9331474
3027734,0.04267075
3027735,152.04042
3027736,0.9165343
3027737,0.28532198
3027738,2.941138
3027739,26.330439
3027740,0.59195757
3027741,172.31096
3027742,193.90996
3027743,0.5742097
3027744,3.0233421
3027745,139.59558
3027746,36.789955
3027747,535.14764
3027748,0.37766472
3027749,1.7243819
3027750,1.6314194
3027751,0.025511121
3027752,0.7487937
3027753,1311.0575
3027754,0.029055187
3027755,191.7081
3027756,4.1535997
3027757,647.6864
3027758,338.1216
3027759,151.1337
3027760,73.2253
3027761,36.217182
3027762,2338.927
3027763,2.3824189
3027764,0.19328368
3027765,9.325984
3027766,6.5922246
3027767,0.0704071
3027768,128.9277
3027769,0.75126755
3027770,0.18843679
3027771,2.5556412
3027772,23.308596
3027773,0.45290074
3027774,144.18929
3027775,165.07217
3027776,0.44545087
3027777,2.7106712
3027778,112.756294
3027779,31.160473
3027780,452.8083
3027781,0.26111174
3027782,1.5680258
3027783,2.093442
3027784,0.022542221
3027785,0.8612361
3027786,1677.1151
3027787,0.025770463
3027788,256.9429
3027789,4.866247
3027790,852.87146
3027791,468.9351
3027792,204.78566
3027793,97.09515
3027794,45.906284
3027795,2705.6287
3027796,2.6423488
3027797,0.22120474
3027798,11.223508
3027799,7.9239683
3027800,0.07156122
3027801,171.26189
3027802,0.8073379
3027803,0.19262713
3027804,2.9889774
3027805,28.527784
3027806,0.5230186
3027807,186.88773
3027808,223.09718
3027809,0.49295664
3027810,3.13278
3027811,154.09766
3027812,40.234074
3027813,621.0391
3027814,0.32759547
3027815,1.6637118
3027816,2.0189085
3027817,0.0045439857
3027818,0.87968326
3027819,1787.0376
3027820,0.024305537
3027821,257.1874
3027822,4.868109
3027823,856.44275
3027824,487.98056
3027825,183.22958
3027826,96.91645
3027827,46.84629
3027828,2839.151
3027829,3.86869
3027830,0.29534924
3027831,12.515031
3027832,8.731446
3027833,0.09481369
3027834,175.84058
3027835,1.3333094
3027836,0.5725299
3027837,2.8897645
3027838,32.700897
3027839,0.8092501
3027840,191.758
3027841,200.1101
3027842,0.86023307
3027843,3.1218615
3027844,162.34964
3027845,38.93925
3027846,691.60223
3027847,0.46895877
3027848,3.09895
3027849,3.125619
3027850,0.057164066
3027851,0.68703985
3027852,1560.427
3027853,0.05967329
3027854,181.66824
3027855,3.199963
3027856,814.54724
3027857,285.89212
3027858,168.94254
3027859,67.55539
3027860,33.25564
3027861,3018.3833
3027862,2.1515737
3027863,0.17056641
3027864,8.5937395
3027865,6.1315956
3027866,0.16230242
3027867,156.11833
3027868,0.5771729
3027869,0.188285
3027870,2.4839768
3027871,25.557974
3027872,0.28001142
3027873,125.523895
3027874,181.76486
3027875,0.31401727
3027876,1.9883192
3027877,95.841606
3027878,29.03494
3027879,693.8917
3027880,0.10030025
3027881,1.6098425
3027882,2.6513174
3027883,0.047764465
3027884,1.3707917
3027885,3207.653
3027886,0.09847613
3027887,443.64987
3027888,5.5616636
3027889,1219.5078
3027890,902.9346
3027891,274.84106
3027892,174.77298
3027893,79.377014
3027894,5027.1484
3027895,5.0386662
3027896,0.4895972
3027897,14.262466
3027898,10.065936
3027899,0.25502652
3027900,225.89894
3027901,1.8999214
3027902,1.0152884
3027903,2.2159262
3027904,46.21253
3027905,1.1576676
3027906,342.39734
3027907,310.34183
3027908,1.3145604
3027909,3.7474308
3027910,327.2674
3027911,62.40422
3027912,1129.7849
3027913,0.6835259
3027914,4.619916
3027915,2.1416368
3027916,0.009976441
3027917,1.2255445
3027918,966.3163
3027919,0.093364574
3027920,124.958115
3027921,1.5463173
3027922,397.75894
3027923,267.21252
3027924,90.304596
3027925,55.87801
3027926,25.76301
3027927,1821.164
3027928,4.6822815
3027929,0.30071348
3027930,8.48884
3027931,7.5027723
3027932,0.23570594
3027933,59.582485
3027934,2.3057065
3027935,1.1506996
3027936,1.5841839
3027937,30.172865
3027938,0.49747357
3027939,97.14765
3027940,92.81252
3027941,1.8310971
3027942,1.2744892
3027943,76.17511
3027944,22.618948
3027945,401.82385
3027946,0.24529848
3027947,4.3516674
3027948,2.267249
3027949,0.025711188
3027950,1.274636
3027951,1712.2181
3027952,0.050089806
3027953,243.19469
3027954,5.7569737
3027955,804.9344
3027956,467.29453
3027957,170.32076
3027958,89.26424
3027959,41.726288
3027960,2999.833
3027961,4.08029
3027962,0.35694802
3027963,13.477286
3027964,9.767967
3027965,0.13025558
3027966,153.20868
3027967,1.7480345
3027968,0.73430836
3027969,2.9773252
3027970,27.88211
3027971,1.0022054
3027972,184.34085
3027973,183.59512
3027974,1.1372104
3027975,4.05479
3027976,148.31978
3027977,34.032043
3027978,577.6657
3027979,0.5840728
3027980,2.996411
3027981,2.7424128
3027982,0.0036690475
3027983,3.769855
3027984,3536.7375
3027985,0.07243124
3027986,596.6654
3027987,13.565971
3027988,1051.3522
3027989,1079.6265
3027990,219.3883
3027991,178.19432
3027992,130.34846
3027993,5017.998
3027994,20.08999
3027995,0.5093678
3027996,17.466917
3027997,13.75856
3027998,0.21642524
3027999,198.70221
3028000,11.06744
3028001,7.5967426
3028002,2.9672236
3028003,85.79232
3028004,4.505505
3028005,423.89648
3028006,259.54202
3028007,7.69575
3028008,10.797798
3028009,479.41562
3028010,102.27082
3028011,4252.674
3028012,0.8297603
3028013,25.246817
3028014,4.2951646
3028015,0
3028016,2.6479821
3028017,2641.7449
3028018,0.015372862
3028019,441.48
3028020,5.480952
3028021,1582.4489
3028022,865.29913
3028023,387.47757
3028024,207.34537
3028025,73.24622
3028026,4520.113
3028027,13.528108
3028028,0.59097385
3028029,16.656298
3028030,12.511219
3028031,0.07596331
3028032,300.65524
3028033,2.940872
3028034,2.8930712
3028035,3.7452402
3028036,70.50735
3028037,1.7172194
3028038,329.01105
3028039,405.23926
3028040,2.073599
3028041,4.1187305
3028042,260.79547
3028043,56.68705
3028044,1260.3374
3028045,1.0311189
3028046,10.661762
3028047,4.891481
3028048,0
3028049,2.0422547
3028050,2154.0178
3028051,0
3028052,434.0477
3028053,6.8794556
3028054,1519.6096
3028055,906.17786
3028056,379.12503
3028057,165.80112
3028058,77.9502
3028059,3634.9495
3028060,10.569236
3028061,0.76235497
3028062,23.203926
3028063,17.492422
3028064,0.050854765
3028065,337.43976
3028066,2.9420578
3028067,1.7882965
3028068,3.7776732
3028069,68.35226
3028070,1.7667284
3028071,293.02347
3028072,402.0992
3028073,2.023857
3028074,5.1050634
3028075,216.64056
3028076,65.149414
3028077,1209.4025
3028078,1.2336283
3028079,7.9057684
3028080,2.9284976
3028081,0
3028082,0.74955237
3028083,1255
3028084,0
3028085,189.01114
3028086,3.6714358
3028087,758.14087
3028088,402.13132
3028089,184.055
3028090,82.53568
3028091,35.626644
3028092,2470.4094
3028093,3.6366916
3028094,0.41316167
3028095,13.98918
3028096,10.813535
3028097,0
3028098,164.56076
3028099,0.93727195
3028100,0.3744149
3028101,2.128232
3028102,25.324171
3028103,0.65882695
3028104,127.87137
3028105,197.1759
3028106,0.61476743
3028107,2.5990286
3028108,96.33776
3028109,30.394026
3028110,606.29645
3028111,0.59307694
3028112,2.520052
3028113,1.2264254
3028114,0
3028115,1.4663718
3028116,1796.5171
3028117,0
3028118,303.3552
3028119,6.2322674
3028120,555.2697
3028121,491.5366
3028122,143.0992
3028123,114.533035
3028124,63.0018
3028125,2931.6301
3028126,9.994982
3028127,0.20306256
3028128,8.952205
3028129,6.530805
3028130,0.04912153
3028131,104.88595
3028132,4.6021156
3028133,2.2635772
3028134,1.4798408
3028135,53.97709
3028136,1.3641748
3028137,231.69476
3028138,161.38972
3028139,2.4519722
3028140,4.4302254
3028141,234.94252
3028142,51.90715
3028143,1958.4237
3028144,0.3153623
3028145,11.619046
3028146,3.4074116
3028147,0
3028148,3.6657948
3028149,3546.417
3028150,0
3028151,599.40216
3028152,12.881745
3028153,1187.1672
3028154,1075.8068
3028155,296.30753
3028156,217.78743
3028157,181.35886
3028158,4534.126
3028159,21.623037
3028160,0.39265892
3028161,19.596378
3028162,15.270857
3028163,0
3028164,196.33919
3028165,9.279649
3028166,10.215256
3028167,3.5263324
3028168,93.95584
3028169,3.6355753
3028170,432.46362
3028171,337.91147
3028172,6.7782936
3028173,10.029753
3028174,476.8456
3028175,141.71379
3028176,3807.851
3028177,0.7443825
3028178,24.19248
3028179,2.0209014
3028180,0.020986222
3028181,1.8252602
3028182,884.1326
3028183,0.08004289
3028184,154.2133
3028185,3.2372031
3028186,291.7522
3028187,212.8596
3028188,93.29383
3028189,70.81902
3028190,39.48275
3028191,1531.3569
3028192,5.241971
3028193,0.26953787
3028194,7.2811604
3028195,6.6656084
3028196,0.15849999
3028197,37.223774
3028198,3.109765
3028199,2.1014562
3028200,1.5669386
3028201,47.4985
3028202,1.2109375
3028203,122.34564
3028204,98.23438
3028205,2.654641
3028206,2.9763503
3028207,107.75025
3028208,33.75829
3028209,382.9493
3028210,0.3839773
3028211,4.624512
3028212,2.131191
3028213,0
3028214,0.9419979
3028215,1119.3641
3028216,0.011071443
3028217,170.69997
3028218,2.556383
3028219,454.60074
3028220,233.43405
3028221,112.08399
3028222,73.09771
3028223,31.384087
3028224,1949.3008
3028225,2.5438821
3028226,0.15354128
3028227,6.9804053
3028228,4.5881953
3028229,0.04284922
3028230,85.59035
3028231,0.82178926
3028232,0.6673827
3028233,1.7168229
3028234,29.931759
3028235,0.4335836
3028236,135.6975
3028237,121.099205
3028238,0.4882852
3028239,1.6226456
3028240,112.93593
3028241,25.09359
3028242,759.7741
3028243,0.17360094
3028244,2.230782
3028245,2.74284
3028246,0.027299061
3028247,3.8528795
3028248,3239.0977
3028249,0.10408156
3028250,526.1334
3028251,11.948431
3028252,931.9408
3028253,957.77814
3028254,204.48326
3028255,167.20566
3028256,118.66311
3028257,4674.295
3028258,16.447962
3028259,0.5253358
3028260,15.813072
3028261,12.458958
3028262,0.18897413
3028263,149.38187
3028264,9.105786
3028265,7.183172
3028266,3.1379752
3028267,83.19106
3028268,3.7682476
3028269,376.57123
3028270,240.42398
3028271,6.529374
3028272,9.462796
3028273,419.2093
3028274,94.44816
3028275,4040.2676
3028276,0.89016056
3028277,19.326641
3028278,3.3272033
3028279,0.10376952
3028280,1.4031253
3028281,3237.0095
3028282,0.15407452
3028283,450.73825
3028284,7.3965225
3028285,1395.742
3028286,985.97455
3028287,306.17978
3028288,174.06784
3028289,86.05942
3028290,4931.306
3028291,4.7403736
3028292,0.50344384
3028293,16.687174
3028294,12.107167
3028295,0.24032533
3028296,241.97859
3028297,1.8038638
3028298,1.1137125
3028299,3.976883
3028300,53.82899
3028301,1.1798925
3028302,337.07523
3028303,339.08627
3028304,1.240627
3028305,4.9146886
3028306,314.44714
3028307,69.279495
3028308,1316.6532
3028309,0.7721119
3028310,3.5810556
3028311,3.8628874
3028312,0
3028313,2.0490263
3028314,2218.5728
3028315,0.0035439946
3028316,393.57394
3028317,4.936832
3028318,1429.1354
3028319,809.0866
3028320,352.04626
3028321,174.21767
3028322,73.76905
3028323,3869.5957
3028324,7.8751917
3028325,0.54772174
3028326,15.90601
3028327,12.09907
3028328,0
3028329,291.36075
3028330,1.9805434
3028331,1.9586458
3028332,3.4623895
3028333,82.39595
3028334,1.2620788
3028335,286.69037
3028336,361.35068
3028337,1.4126084
3028338,3.5974813
3028339,220.36295
3028340,56.799995
3028341,1121.189
3028342,0.8944608
3028343,5.9504113
3028344,7.8274755
3028345,0.19253387
3028346,9.265206
3028347,7715.584
3028348,0.3360108
3028349,1342.5781
3028350,31.737926
3028351,2550.3538
3028352,2462.383
3028353,418.81915
3028354,315.62076
3028355,361.1907
3028356,9317.537
3028357,50.281055
3028358,1.2949092
3028359,42.07695
3028360,33.255516
3028361,0.60422695
3028362,461.58896
3028363,24.913897
3028364,24.332052
3028365,7.9199905
3028366,152.44063
3028367,13.649976
3028368,884.04193
3028369,545.4954
3028370,18.80867
3028371,26.103485
3028372,1058.1232
3028373,282.08163
3028374,9274.138
3028375,2.6222384
3028376,73.05882
3028377,1.0901823
3028378,0
3028379,0.7321782
3028380,1325.5214
3028381,0
3028382,180.29944
3028383,2.1199474
3028384,528.8889
3028385,294.2456
3028386,135.61284
3028387,86.096375
3028388,37.173573
3028389,2198.9688
3028390,1.9726014
3028391,0.15713792
3028392,6.3795176
3028393,4.3179126
3028394,0
3028395,95.99152
3028396,0.5080131
3028397,0.26194653
3028398,1.8300457
3028399,30.689474
3028400,0.35516313
3028401,147.96043
3028402,143.24054
3028403,0.3101006
3028404,1.3418803
3028405,125.1092
3028406,30.442617
3028407,541.61194
3028408,0.21357454
3028409,1.5099571
3028410,3.2731433
3028411,0.08308325
3028412,1.1505127
3028413,2882.4106
3028414,0.12641317
3028415,405.5875
3028416,6.730077
3028417,1312.4854
3028418,870.65594
3028419,299.8564
3028420,151.16614
3028421,66.39365
3028422,4522.2866
3028423,3.9791203
3028424,0.47824287
3028425,15.3317585
3028426,11.206186
3028427,0.25714424
3028428,253.58534
3028429,1.4770923
3028430,0.7769002
3028431,4.2572904
3028432,37.249107
3028433,1.0052993
3028434,298.854
3028435,331.6893
3028436,1.0374553
3028437,4.498258
3028438,259.66443
3028439,54.09939
3028440,1127.1384
3028441,0.6676861
3028442,2.682632
3028443,0.7550633
3028444,0
3028445,0.33712023
3028446,849.2846
3028447,0
3028448,120.10189
3028449,1.3398924
3028450,366.8344
3028451,179.155
3028452,97.18926
3028453,58.417313
3028454,22.696533
3028455,1543.404
3028456,1.0998564
3028457,0.05677677
3028458,4.240986
3028459,2.940362
3028460,0
3028461,71.42532
3028462,0.1316668
3028463,0
3028464,1.4124162
3028465,20.736319
3028466,0.095146745
3028467,100.08301
3028468,103.284164
3028469,0.029045407
3028470,0.8073163
3028471,78.385086
3028472,17.787876
3028473,361.8815
3028474,0.038095765
3028475,0.74318075
3028476,2.7288375
3028477,0.0793141
3028478,1.0054095
3028479,2048.9922
3028480,0.10898988
3028481,272.52094
3028482,4.976382
3028483,909.71497
3028484,526.88727
3028485,243.13821
3028486,114.17896
3028487,52.720333
3028488,3367.8538
3028489,2.456664
3028490,0.2945852
3028491,11.291381
3028492,8.228991
3028493,0.18055567
3028494,195.25824
3028495,0.8491595
3028496,0.26842672
3028497,3.405467
3028498,30.223698
3028499,0.6223773
3028500,208.81831
3028501,262.05142
3028502,0.5787927
3028503,3.2999387
3028504,172.37378
3028505,44.23776
3028506,846.3575
3028507,0.4249185
3028508,1.3670447
3028509,3.8299875
3028510,0.14263712
3028511,1.6952622
3028512,2322.538
3028513,0.17190614
3028514,359.30725
3028515,9.153361
3028516,1144.8434
3028517,783.54724
3028518,274.35983
3028519,124.338905
3028520,61.060722
3028521,3888.163
3028522,4.5093923
3028523,0.5003953
3028524,17.902237
3028525,13.42679
3028526,0.2926834
3028527,213.87401
3028528,1.9716194
3028529,0.82243407
3028530,4.47695
3028531,34.82931
3028532,1.2357566
3028533,254.48746
3028534,304.80264
3028535,1.3135467
3028536,6.5669503
3028537,209.06888
3028538,50.587307
3028539,869.3082
3028540,0.776399
3028541,2.7063565
3028542,1.0038915
3028543,0
3028544,0.4979312
3028545,1134.385
3028546,0
3028547,144.24406
3028548,1.8064167
3028549,435.38675
3028550,214.44475
3028551,115.9916
3028552,70.409584
3028553,30.003302
3028554,1974.9192
3028555,1.31743
3028556,0.12596077
3028557,5.362787
3028558,3.7668176
3028559,0
3028560,82.07914
3028561,0.24442804
3028562,0.022944039
3028563,1.633704
3028564,25.16888
3028565,0.21686882
3028566,120.5797
3028567,123.29071
3028568,0.13080874
3028569,1.1140616
3028570,98.18405
3028571,23.947836
3028572,474.4972
3028573,0.16784967
3028574,0.8658209
3028575,3.0661607
3028576,0.025924565
3028577,1.27489
3028578,3256.6624
3028579,0.12299474
3028580,426.66028
3028581,4.73171
3028582,1520.5468
3028583,677.4234
3028584,282.13278
3028585,148.89276
3028586,83.632774
3028587,5534.734
3028588,3.4448586
3028589,0.52632976
3028590,12.986029
3028591,9.418356
3028592,0.14562157
3028593,234.19443
3028594,1.1508336
3028595,0.7934679
3028596,2.9682226
3028597,50.438934
3028598,0.95167375
3028599,297.72528
3028600,310.6349
3028601,0.87220156
3028602,3.1699066
3028603,273.22876
3028604,60.335995
3028605,1347.0234
3028606,0.7573482
3028607,2.494818
3028608,2.896779
3028609,0.03174027
3028610,4.429322
3028611,2674.4514
3028612,0.11120886
3028613,390.43597
3028614,14.943973
3028615,837.4628
3028616,672.6859
3028617,190.07227
3028618,143.30727
3028619,101.301315
3028620,3900.0574
3028621,23.421703
3028622,0.5565733
3028623,17.55917
3028624,13.294801
3028625,0.2691586
3028626,211.66331
3028627,11.212972
3028628,9.420204
3028629,3.5251617
3028630,80.68331
3028631,4.2643895
3028632,285.35938
3028633,213.32358
3028634,7.58305
3028635,11.690298
3028636,288.28333
3028637,85.92714
3028638,3827.4143
3028639,0.8386204
3028640,28.387466
3028641,3.85423
3028642,0.027703762
3028643,3.4895196
3028644,2219.513
3028645,0.09107312
3028646,336.1415
3028647,13.55302
3028648,824.4912
3028649,594.1523
3028650,169.2316
3028651,121.53028
3028652,82.70155
3028653,3361.4214
3028654,15.459261
3028655,0.4519013
3028656,20.882378
3028657,15.835033
3028658,0.24215917
3028659,219.01701
3028660,9.7623205
3028661,6.2670903
3028662,3.0394735
3028663,71.90852
3028664,4.1864653
3028665,239.7696
3028666,186.8802
3028667,6.809601
3028668,10.616006
3028669,238.21259
3028670,71.262505
3028671,3284.3955
3028672,0.7427685
3028673,18.253008
3028674,3.19669
3028675,0.053603273
3028676,3.2669716
3028677,2578.3503
3028678,0.11068704
3028679,379.50314
3028680,9.022864
3028681,1129.9736
3028682,819.4881
3028683,240.96184
3028684,149.0274
3028685,84.11669
3028686,3907.986
3028687,12.16114
3028688,0.6216692
3028689,22.60519
3028690,16.198343
3028691,0.30438402
3028692,270.2048
3028693,5.1254783
3028694,3.7474012
3028695,4.37487
3028696,58.56028
3028697,2.0176356
3028698,284.28702
3028699,265.18774
3028700,3.0271726
3028701,6.272299
3028702,264.46307
3028703,69.3113
3028704,1821.005
3028705,0.8858392
3028706,12.006022
3028707,2.1226132
3028708,0
3028709,2.9287682
3028710,2781.2812
3028711,0.053737484
3028712,484.95184
3028713,10.958228
3028714,835.4474
3028715,855.77985
3028716,186.71687
3028717,155.19095
3028718,102.61709
3028719,4217.415
3028720,16.132933
3028721,0.41275173
3028722,13.936186
3028723,10.779293
3028724,0.17892607
3028725,159.28651
3028726,8.991947
3028727,5.600798
3028728,2.3361933
3028729,76.32142
3028730,3.31641
3028731,352.92477
3028732,217.82854
3028733,5.957751
3028734,8.614559
3028735,387.9606
3028736,81.694374
3028737,3452.763
3028738,0.6521119
3028739,19.921581
3028740,2.9654562
3028741,0.07223604
3028742,0.95230865
3028743,2639.2583
3028744,0.10838895
3028745,353.0679
3028746,6.1777854
3028747,1174.3751
3028748,724.76685
3028749,259.83463
3028750,132.76637
3028751,62.668617
3028752,4282.3213
3028753,3.4073896
3028754,0.39722195
3028755,13.587918
3028756,9.86876
3028757,0.1873554
3028758,209.98169
3028759,1.2203755
3028760,0.50565696
3028761,3.5455747
3028762,36.123898
3028763,0.89577115
3028764,264.1798
3028765,291.27408
3028766,0.8621565
3028767,4.1075015
3028768,230.52025
3028769,52.0275
3028770,884.5447
3028771,0.61718357
3028772,2.272298
3028773,2.5207512
3028774,0
3028775,3.472989
3028776,2368.8223
3028777,0.02429194
3028778,361.1308
3028779,10.722104
3028780,854.7795
3028781,617.4767
3028782,175.593
3028783,123.07783
3028784,79.65606
3028785,3420.3604
3028786,12.300152
3028787,0.3533423
3028788,18.502695
3028789,14.123686
3028790,0.08830715
3028791,171.91705
3028792,7.752882
3028793,5.6960487
3028794,3.1302013
3028795,60.97892
3028796,3.2903852
3028797,257.55972
3028798,194.00832
3028799,5.562848
3028800,8.391905
3028801,256.22128
3028802,65.14822
3028803,2694.0237
3028804,0.71451664
3028805,12.05669
3028806,3.7721725
3028807,0
3028808,3.4363232
3028809,2008.4773
3028810,0
3028811,352.14676
3028812,9.3256855
3028813,912.908
3028814,437.80618
3028815,254.94484
3028816,184.36542
3028817,93.14468
3028818,3425.9739
3028819,27.301939
3028820,0.7628869
3028821,16.454515
3028822,11.756033
3028823,0
3028824,174.06592
3028825,9.53867
3028826,5.9071417
3028827,3.4135199
3028828,94.317535
3028829,3.1411433
3028830,281.00702
3028831,264.31348
3028832,4.923561
3028833,7.4138966
3028834,240.80936
3028835,76.21048
3028836,1379.4733
3028837,1.3592138
3028838,22.77982
3028839,2.5417662
3028840,0.075863175
3028841,0.90195704
3028842,2535.788
3028843,0.11841032
3028844,291.7413
3028845,4.4933968
3028846,965.05194
3028847,586.42334
3028848,229.43703
3028849,123.3692
3028850,54.63562
3028851,4160.0146
3028852,2.333261
3028853,0.30314922
3028854,10.4088335
3028855,7.6728067
3028856,0.16424884
3028857,161.0725
3028858,0.8490704
3028859,0.31037244
3028860,2.8358018
3028861,35.246395
3028862,0.63697934
3028863,230.68358
3028864,249.62798
3028865,0.59919345
3028866,2.958233
3028867,198.98828
3028868,44.74877
3028869,882.90106
3028870,0.4372226
3028871,1.4646809
3028872,10.113779
3028873,0.31003702
3028874,11.464946
3028875,9635.131
3028876,0.498767
3028877,1742.9838
3028878,36.558155
3028879,3395.348
3028880,2955.5261
3028881,514.4695
3028882,368.45142
3028883,440.214
3028884,11169.297
3028885,51.076336
3028886,1.6875355
3028887,51.662766
3028888,40.98895
3028889,0.79843366
3028890,551.2796
3028891,29.022635
3028892,26.379099
3028893,9.776021
3028894,161.58351
3028895,17.527157
3028896,1135.5875
3028897,697.7843
3028898,22.621668
3028899,30.7566
3028900,1348.2806
3028901,332.13235
3028902,10652.69
3028903,3.934661
3028904,71.24752
3028905,6.7908382
3028906,0.22941214
3028907,7.7291975
3028908,8194.3955
3028909,0.38904712
3028910,1503.4894
3028911,29.082613
3028912,2747.9766
3028913,2528.8616
3028914,425.6683
3028915,321.4815
3028916,349.16455
3028917,9951.991
3028918,42.640232
3028919,1.3016481
3028920,38.432793
3028921,30.43175
3028922,0.6509985
3028923,440.9788
3028924,23.428371
3028925,18.94884
3028926,6.9293265
3028927,137.56847
3028928,13.003583
3028929,998.5548
3028930,584.9091
3028931,17.660856
3028932,24.399519
3028933,1183.3666
3028934,261.7324
3028935,8817.257
3028936,2.6138823
3028937,60.486717
3028938,5.4752665
3028939,0.18346873
3028940,5.199179
3028941,6492.1216
3028942,0.3141946
3028943,1076.1395
3028944,21.736221
3028945,2283.55
3028946,1902.2808
3028947,338.5177
3028948,243.44131
3028949,198.22533
3028950,8163.566
3028951,24.540668
3028952,1.0556698
3028953,35.178215
3028954,27.47802
3028955,0.55493164
3028956,380.5979
3028957,17.451914
3028958,10.617565
3028959,5.3582287
3028960,104.55329
3028961,8.527375
3028962,704.0408
3028963,431.51224
3028964,12.474719
3028965,18.049576
3028966,811.4506
3028967,149.69247
3028968,6319.2524
3028969,1.8155477
3028970,29.882822
3028971,6.507584
3028972,0.2108521
3028973,7.191839
3028974,7584.265
3028975,0.35767293
3028976,1375.0248
3028977,27.21821
3028978,2645.8105
3028979,2349.1978
3028980,403.37347
3028981,298.32874
3028982,300.22934
3028983,9297.927
3028984,36.24406
3028985,1.2273288
3028986,38.473972
3028987,30.360228
3028988,0.6117898
3028989,429.35397
3028990,21.896708
3028991,16.809956
3028992,6.609785
3028993,127.12756
3028994,11.9871
3028995,906.8542
3028996,546.43225
3028997,16.554836
3028998,22.73677
3028999,1069.2142
3029000,224.50441
3029001,8143.5874
3029002,2.4394498
3029003,48.706787
3029004,4.5686207
3029005,0.14558762
3029006,4.0252657
3029007,5691.0884
3029008,0.25507316
3029009,925.3062
3029010,17.707287
3029011,2055.5637
3029012,1652.0818
3029013,315.14948
3029014,222.80394
3029015,162.4129
3029016,7305.4443
3029017,19.00962
3029018,0.89070845
3029019,30.713593
3029020,23.77353
3029021,0.48187283
3029022,343.57504
3029023,13.534954
3029024,7.4380817
3029025,4.6108255
3029026,90.43853
3029027,6.013132
3029028,619.83276
3029029,398.58273
3029030,9.23915
3029031,14.225606
3029032,702.4796
3029033,122.62946
3029034,4794.0156
3029035,1.4438348
3029036,22.359636
3029037,5.8208613
3029038,0.124511555
3029039,6.828866
3029040,7052.0713
3029041,0.24694568
3029042,1332.8854
3029043,26.221706
3029044,2309.0483
3029045,2350.4878
3029046,394.6765
3029047,308.55713
3029048,344.30515
3029049,8693.003
3029050,42.89788
3029051,1.0483949
3029052,31.843155
3029053,25.632872
3029054,0.45545614
3029055,367.4841
3029056,20.983715
3029057,18.823586
3029058,5.186826
3029059,135.20592
3029060,11.238753
3029061,897.1082
3029062,523.58905
3029063,15.734535
3029064,21.815626
3029065,1092.045
3029066,253.91357
3029067,8201.042
3029068,1.9824317
3029069,61.40123
3029070,4.7805357
3029071,0.063038215
3029072,3.0846267
3029073,1995.6489
3029074,0.12177921
3029075,313.6805
3029076,11.503309
3029077,919.711
3029078,512.8853
3029079,198.15285
3029080,116.72765
3029081,77.30761
3029082,3026.1042
3029083,11.062084
3029084,0.5292301
3029085,23.113335
3029086,16.702906
3029087,0.30330187
3029088,261.13135
3029089,6.029395
3029090,3.6605868
3029091,3.7234
3029092,62.070446
3029093,2.261093
3029094,214.73085
3029095,216.14455
3029096,3.5998945
3029097,8.120017
3029098,194.97302
3029099,68.18651
3029100,2621.2788
3029101,0.69776285
3029102,10.57968
3029103,4.964439
3029104,0.11963148
3029105,4.1122785
3029106,4236.01
3029107,0.20321812
3029108,648.2551
3029109,18.903309
3029110,1690.2888
3029111,1229.5819
3029112,271.43808
3029113,169.82542
3029114,123.47926
3029115,5726.9194
3029116,17.103802
3029117,0.7135395
3029118,33.187737
3029119,25.824207
3029120,0.38704142
3029121,358.10062
3029122,12.530096
3029123,6.795753
3029124,4.57267
3029125,82.54493
3029126,6.252271
3029127,417.87692
3029128,315.65216
3029129,8.957927
3029130,14.900864
3029131,450.10345
3029132,99.24793
3029133,4872.235
3029134,1.3950539
3029135,19.304714
3029136,3.7639713
3029137,0.124040335
3029138,5.494217
3029139,5083.911
3029140,0.22727908
3029141,878.16125
3029142,20.81942
3029143,1556.705
3029144,1582.1136
3029145,296.25946
3029146,230.1052
3029147,207.98177
3029148,6679.147
3029149,23.318907
3029150,0.69605803
3029151,25.073658
3029152,19.239151
3029153,0.3357678
3029154,240.89331
3029155,13.310593
3029156,10.618771
3029157,4.118341
3029158,110.62613
3029159,6.4953437
3029160,613.6072
3029161,365.331
3029162,9.663455
3029163,16.152084
3029164,717.2283
3029165,160.70674
3029166,7741.4946
3029167,1.2534618
3029168,31.22995
3029169,0.58272755
3029170,0
3029171,0.17378053
3029172,662.4691
3029173,0
3029174,64.89353
3029175,0.32743335
3029176,200.242
3029177,71.95537
3029178,61.563038
3029179,40.045574
3029180,7.7567434
3029181,1486.7843
3029182,0.7400018
3029183,0
3029184,1.8149614
3029185,1.2990551
3029186,0
3029187,14.162653
3029188,0
3029189,0
3029190,0.6778692
3029191,22.207289
3029192,0
3029193,51.43031
3029194,61.1024
3029195,0
3029196,0.16320676
3029197,39.11103
3029198,4.9054127
3029199,466.63962
3029200,0
3029201,0.57580686
3029202,1.7159495
3029203,0
3029204,0.8220241
3029205,1531.0048
3029206,0.005739317
3029207,161.66338
3029208,2.3962083
3029209,523.43
3029210,226.85371
3029211,119.71055
3029212,73.663025
3029213,47.913948
3029214,2228.1973
3029215,3.4043064
3029216,0.25769255
3029217,8.361443
3029218,5.983461
3029219,0
3029220,98.69006
3029221,0.69945633
3029222,0.427414
3029223,1.8244445
3029224,39.33687
3029225,0.5555408
3029226,122.66478
3029227,122.15264
3029228,0.49266058
3029229,1.6295176
3029230,107.94115
3029231,35.837826
3029232,1180.9316
3029233,0.42925453
3029234,2.5354404
3029235,2.0908282
3029236,0
3029237,0.86572456
3029238,1607.673
3029239,0.006814287
3029240,196.57005
3029241,2.6982038
3029242,643.01465
3029243,325.0968
3029244,150.2791
3029245,90.53066
3029246,43.654366
3029247,2470.023
3029248,2.1011484
3029249,0.30754018
3029250,9.445359
3029251,6.89018
3029252,0.027167192
3029253,152.96849
3029254,0.6559644
3029255,0.04549878
3029256,2.0447037
3029257,38.065346
3029258,0.56090176
3029259,155.82753
3029260,159.74069
3029261,0.46965456
3029262,1.8405855
3029263,137.39929
3029264,32.896107
3029265,841.64325
3029266,0.45735037
3029267,1.4041078
3029268,3.2223296
3029269,0.045295276
3029270,3.5462966
3029271,4391.1963
3029272,0.13000922
3029273,705.9445
3029274,14.887543
3029275,1308.1353
3029276,1298.512
3029277,244.62656
3029278,193.33374
3029279,147.43333
3029280,5970.564
3029281,22.543852
3029282,0.63733757
3029283,20.847805
3029284,16.20727
3029285,0.30889705
3029286,235.02242
3029287,12.3596525
3029288,7.7663755
3029289,3.422916
3029290,92.27824
3029291,4.953044
3029292,486.688
3029293,297.3014
3029294,8.343284
3029295,11.851072
3029296,553.25037
3029297,116.22815
3029298,4453.319
3029299,0.99857485
3029300,28.487902
3029301,2.916666
3029302,0.034190357
3029303,4.6106753
3029304,3404.1206
3029305,0.10833734
3029306,646.6837
3029307,16.968904
3029308,1051.8767
3029309,1167.6198
3029310,226.07018
3029311,191.32668
3029312,163.48814
3029313,5021.7856
3029314,26.46902
3029315,0.53519523
3029316,17.451653
3029317,13.822302
3029318,0.24725394
3029319,198.4816
3029320,12.902719
3029321,10.26657
3029322,3.032147
3029323,103.37764
3029324,5.852228
3029325,465.25244
3029326,270.67892
3029327,9.129117
3029328,13.586151
3029329,535.8621
3029330,129.11978
3029331,5172.0317
3029332,0.93829453
3029333,37.62755
3029334,5.1497607
3029335,0.05869796
3029336,5.9107738
3029337,5055.139
3029338,0.15066436
3029339,804.5736
3029340,21.291584
3029341,1607.976
3029342,1542.5338
3029343,291.5726
3029344,222.12646
3029345,194.36385
3029346,6489.7563
3029347,29.740198
3029348,0.8343104
3029349,30.26095
3029350,23.893625
3029351,0.3489539
3029352,313.3597
3029353,17.130203
3029354,14.837992
3029355,5.1926527
3029356,111.70179
3029357,8.626828
3029358,549.02185
3029359,349.52908
3029360,12.882381
3029361,17.512806
3029362,636.3025
3029363,153.24692
3029364,6013.3887
3029365,1.4874916
3029366,37.573204
3029367,5.0392323
3029368,0.12070622
3029369,3.01578
3029370,3815.7415
3029371,0.18326391
3029372,578.8371
3029373,13.100405
3029374,1675.9865
3029375,1254.3575
3029376,335.71255
3029377,195.0938
3029378,100.09983
3029379,5581.8716
3029380,9.691883
3029381,0.7531736
3029382,28.402163
3029383,21.731863
3029384,0.40285513
3029385,361.75522
3029386,5.7480536
3029387,3.028565
3029388,5.060009
3029389,58.40955
3029390,2.8098588
3029391,411.62064
3029392,379.58972
3029393,3.8568115
3029394,9.871932
3029395,395.48734
3029396,78.72464
3029397,1799.3186
3029398,1.2000198
3029399,8.498541